d,o,h,l,c,v,e,zf,hs,zd,zde
1992-03-31,11.0,13.0,11.0,12.9,3485,4383600.0,53.33,1.27,244.0,9.15
1992-04-01,12.9,14.0,12.9,14.0,4250,5950000.0,8.53,1.55,8.53,1.1
1992-04-02,13.85,14.0,13.55,13.85,4145,5740825.0,3.21,1.51,-1.07,-0.15
1992-04-03,14.0,14.0,13.0,13.5,3360,4536000.0,7.22,1.22,-2.53,-0.35
1992-04-06,13.5,13.8,13.15,13.7,3690,5055300.0,4.81,1.34,1.48,0.2
1992-04-07,13.8,14.6,13.8,14.1,4335,6112350.0,5.84,1.58,2.92,0.4
1992-04-08,14.0,14.4,13.7,14.0,2900,4060000.0,4.96,1.05,-0.71,-0.1
1992-04-09,14.15,14.8,14.15,14.35,4100,5883500.0,4.64,1.49,2.5,0.35
1992-04-10,14.5,15.2,14.35,15.0,5750,8625000.0,5.92,2.09,4.53,0.65
1992-04-13,15.0,17.2,15.0,16.8,4690,7879199.5,14.67,1.71,12.0,1.8
1992-04-14,16.95,18.1,16.95,17.35,3900,6766500.0,6.85,1.42,3.27,0.55
1992-04-15,17.5,17.5,15.5,16.0,3210,5136000.0,11.53,1.17,-7.78,-1.35
1992-04-16,15.9,16.6,15.5,16.55,4865,8051574.5,6.88,1.77,3.44,0.55
1992-04-17,16.5,17.0,16.3,16.65,3740,6227100.0,4.23,1.36,0.6,0.1
1992-04-20,16.5,16.7,15.6,15.8,2225,3515500.0,6.61,0.81,-5.11,-0.85
1992-04-21,15.95,16.0,15.0,15.8,3345,5285100.0,6.33,1.22,0.0,0.0
1992-04-22,15.8,16.8,15.0,16.7,4435,7406450.5,11.39,1.61,5.7,0.9
1992-04-23,16.8,17.2,16.65,17.2,5060,8703200.0,3.29,1.84,2.99,0.5
1992-04-24,17.25,17.5,16.9,17.15,4530,7768950.0,3.49,1.65,-0.29,-0.05
1992-04-27,17.3,17.3,16.5,16.75,3145,5267875.0,4.66,1.14,-2.33,-0.4
1992-04-28,16.8,17.0,16.3,16.8,2965,4981200.0,4.18,1.08,0.3,0.05
1992-04-29,16.95,17.2,16.8,16.9,5230,8838700.0,2.38,1.9,0.6,0.1
1992-04-30,17.05,17.8,16.95,17.2,5730,9855600.0,5.03,2.08,1.78,0.3
1992-05-03,17.35,18.0,17.35,17.55,5365,9415575.0,3.78,1.95,2.03,0.35
1992-05-04,17.7,17.9,17.3,17.6,5045,8879200.0,3.42,1.83,0.28,0.05
1992-05-05,17.75,18.6,17.7,18.6,7260,13503600.0,5.11,2.64,5.68,1.0
1992-05-06,18.75,20.0,18.75,19.9,6140,12218600.0,6.72,2.23,6.99,1.3
1992-05-07,19.75,19.75,18.0,18.95,4105,7778975.5,8.79,1.49,-4.77,-0.95
1992-05-08,19.1,19.8,18.2,18.75,4965,9309375.0,8.44,1.81,-1.06,-0.2
1992-05-11,18.6,19.4,18.1,19.35,3615,6995025.0,6.93,1.31,3.2,0.6
1992-05-12,19.5,21.0,19.5,20.9,4925,10293250.0,7.75,1.79,8.01,1.55
1992-05-13,21.05,21.6,20.8,21.1,6655,14042050.0,3.83,2.42,0.96,0.2
1992-05-14,21.25,21.6,20.0,21.45,5945,12752025.0,7.58,2.16,1.66,0.35
1992-05-15,21.6,22.0,21.0,21.65,4430,9590950.0,4.66,1.61,0.93,0.2
1992-05-18,21.8,22.8,21.5,22.65,7610,17236650.0,6.0,2.77,4.62,1.0
1992-05-19,22.8,24.0,22.8,23.9,6925,16550750.0,5.3,2.52,5.52,1.25
1992-05-20,24.0,25.5,23.8,23.8,10695,25454100.0,7.11,3.89,-0.42,-0.1
1992-05-21,23.65,25.5,23.0,25.0,6465,16162500.0,10.5,2.35,5.04,1.2
1992-05-22,25.15,25.8,24.7,25.05,8155,20428274.0,4.4,2.97,0.2,0.05
1992-05-25,25.2,26.0,24.5,25.6,6785,17369600.0,5.99,2.47,2.2,0.55
1992-05-26,25.5,27.2,25.5,26.75,6925,18524376.0,6.64,2.52,4.49,1.15
1992-05-27,26.8,27.5,26.25,26.55,5910,15767100.0,4.67,2.15,-0.75,-0.2
1992-05-28,26.7,26.7,25.0,26.15,5375,14055625.0,6.4,1.95,-1.51,-0.4
1992-05-29,26.0,26.0,25.4,25.5,4700,11985000.0,2.29,1.71,-2.49,-0.65
1992-06-01,25.7,26.6,25.7,26.0,4850,12610000.0,3.53,1.76,1.96,0.5
1992-06-02,25.85,25.85,24.6,24.75,4345,10753875.0,4.81,1.58,-4.81,-1.25
1992-06-03,24.9,24.9,21.6,21.9,4435,10735850.0,13.33,1.61,-11.52,-2.85
1992-06-04,21.75,23.8,21.7,23.45,7055,16543976.0,9.59,2.57,7.08,1.55
1992-06-05,23.6,24.5,22.2,23.55,7965,18757574.0,9.81,2.9,0.43,0.1
1992-06-08,23.7,24.2,22.85,23.8,7255,17266900.0,5.73,2.64,1.06,0.25
1992-06-09,23.95,23.95,20.95,21.5,2985,6417750.0,12.61,1.09,-9.66,-2.3
1992-06-10,21.65,22.4,20.6,22.0,4525,9955000.0,8.37,1.65,2.33,0.5
1992-06-11,22.15,22.5,21.4,21.5,4295,9234250.0,5.0,1.56,-2.27,-0.5
1992-06-12,21.65,22.0,21.0,22.0,3785,8327000.0,4.65,1.38,2.33,0.5
1992-06-15,22.0,22.0,20.0,20.0,2275,4550000.0,9.09,0.83,-9.09,-2.0
1992-06-16,19.85,20.2,18.5,18.8,3670,6899599.5,8.5,1.33,-6.0,-1.2
1992-06-17,18.65,21.6,18.0,21.6,4685,10119600.0,19.15,1.7,14.89,2.8
1992-06-18,21.6,22.8,20.0,20.8,4665,9703200.0,12.96,1.7,-3.7,-0.8
1992-06-19,20.65,21.0,19.6,20.8,3835,7976799.5,6.73,1.39,0.0,0.0
1992-06-22,20.95,20.95,19.0,19.3,2705,5220650.0,9.38,0.98,-7.21,-1.5
1992-06-23,19.15,20.2,19.15,20.2,2950,5959000.0,5.44,1.07,4.66,0.9
1992-06-24,20.35,20.65,19.5,19.8,3025,5989500.0,5.69,1.1,-1.98,-0.4
1992-06-25,19.8,20.5,19.5,20.0,2840,5680000.0,5.05,1.03,1.01,0.2
1992-06-26,20.0,21.0,20.0,20.95,6650,13931751.0,5.0,2.42,4.75,0.95
1992-06-29,21.0,24.0,21.0,23.3,6725,15669249.0,14.32,2.45,11.22,2.35
1992-06-30,23.45,24.5,23.45,24.05,9650,23208250.0,4.51,3.51,3.22,0.75
1992-07-01,24.2,24.25,22.45,23.0,8670,19941000.0,7.48,3.15,-4.37,-1.05
1992-07-02,22.85,22.95,22.0,22.8,6665,15196199.0,4.13,2.42,-0.87,-0.2
1992-07-03,22.8,23.5,22.4,23.3,5085,11848050.0,4.82,1.85,2.19,0.5
1992-07-06,23.45,24.05,22.2,22.6,7365,16644900.0,7.94,2.68,-3.0,-0.7
1992-07-07,22.6,23.4,22.5,23.0,3115,7164500.0,3.98,1.13,1.77,0.4
1992-07-08,23.0,23.2,22.7,23.2,3510,8143200.5,2.17,1.28,0.87,0.2
1992-07-09,23.3,23.3,22.65,22.8,4565,10408200.0,2.8,1.66,-1.72,-0.4
1992-07-10,22.8,22.8,22.3,22.7,3200,7264000.0,2.19,1.16,-0.44,-0.1
1992-07-13,22.55,23.4,22.2,23.4,5625,13162500.0,5.29,2.05,3.08,0.7
1992-07-14,23.5,23.85,23.3,23.45,4740,11115300.0,2.35,1.72,0.21,0.05
1992-07-15,23.6,23.6,23.0,23.2,1780,4121250.0,2.56,0.65,-1.07,-0.25
1992-07-16,23.05,23.7,23.0,23.7,3815,8923500.0,3.02,1.39,2.16,0.5
1992-07-17,23.8,24.2,23.7,24.2,7750,18580100.0,2.11,2.82,2.11,0.5
1992-07-20,24.35,25.5,24.35,25.25,8530,21367425.0,4.75,3.1,4.34,1.05
1992-07-21,25.4,25.6,24.5,24.85,6270,15712700.0,4.36,2.28,-1.58,-0.4
1992-07-22,24.7,25.0,24.55,24.95,4240,10543650.0,1.81,1.54,0.4,0.1
1992-07-23,24.8,25.5,24.8,25.4,6955,17529075.0,2.81,2.53,1.8,0.45
1992-07-24,25.5,25.9,25.5,25.9,8355,21639450.0,1.57,3.04,1.97,0.5
1992-07-27,26.0,26.8,25.9,26.75,7185,19002875.0,3.47,2.61,3.28,0.85
1992-07-28,26.7,26.8,25.8,25.8,5930,15604225.0,3.74,2.16,-3.55,-0.95
1992-07-29,25.65,26.05,25.35,25.85,4960,12821600.0,2.71,1.8,0.19,0.05
1992-07-30,26.0,26.0,25.7,25.9,3380,8754200.0,1.16,1.23,0.19,0.05
1992-07-31,26.0,26.0,25.3,25.3,3675,9297750.0,2.7,1.34,-2.32,-0.6
1992-08-03,25.15,25.15,23.8,24.0,3865,9276000.0,5.34,1.41,-5.14,-1.3
1992-08-04,23.85,25.05,23.4,24.8,4680,11434050.0,6.88,1.7,3.33,0.8
1992-08-05,24.95,25.2,24.2,24.6,4555,11205300.0,4.03,1.66,-0.81,-0.2
1992-08-06,24.75,24.9,24.5,24.75,3220,7969500.0,1.63,1.17,0.61,0.15
1992-08-07,24.6,25.7,24.3,25.6,3515,8998400.0,5.66,1.28,3.43,0.85
1992-08-10,25.75,27.0,25.75,26.35,4085,10763975.0,4.88,1.49,2.93,0.75
1992-08-11,26.15,26.15,22.9,24.7,1140,2815800.0,12.33,0.41,-6.26,-1.65
1992-08-12,24.7,25.5,24.5,24.55,6000,14996875.0,4.05,2.18,-0.61,-0.15
1992-08-13,24.5,24.5,23.6,23.7,5840,13840800.0,3.67,2.12,-3.46,-0.85
1992-08-14,23.8,25.0,23.8,24.9,4360,10856400.0,5.06,1.59,5.06,1.2
1992-08-17,25.05,26.0,25.05,25.4,4050,10287000.0,3.82,1.47,2.01,0.5
1992-08-18,25.4,25.4,24.35,25.0,2620,6550000.0,4.13,0.95,-1.57,-0.4
1992-08-19,25.0,25.0,24.6,24.85,2365,5877025.0,1.6,0.86,-0.6,-0.15
1992-08-20,25.0,25.0,24.6,24.8,1485,3682800.0,1.61,0.54,-0.2,-0.05
1992-08-21,24.7,24.8,24.2,24.4,1920,4684800.0,2.42,0.7,-1.61,-0.4
1992-08-24,24.25,24.25,23.5,23.6,2830,6678800.0,3.07,1.03,-3.28,-0.8
1992-08-25,23.6,23.6,22.8,22.8,4470,10191600.0,3.39,1.63,-3.39,-0.8
1992-08-26,22.8,24.0,22.5,23.6,5380,12696800.0,6.58,1.96,3.51,0.8
1992-08-27,23.75,24.1,23.1,23.6,3465,8177400.0,4.24,1.26,0.0,0.0
1992-08-28,23.6,23.9,23.35,23.7,2070,4891375.0,2.33,0.75,0.42,0.1
1992-08-31,23.7,23.7,23.0,23.1,1015,2364850.0,2.95,0.37,-2.53,-0.6
1992-09-01,23.0,23.0,22.45,22.55,1555,3506525.0,2.38,0.57,-2.38,-0.55
1992-09-02,22.5,22.7,21.6,22.6,3080,6960800.0,4.88,1.12,0.22,0.05
1992-09-03,22.8,22.9,21.8,22.3,2235,4984050.0,4.87,0.81,-1.33,-0.3
1992-09-04,22.2,22.25,20.95,21.15,4370,9242550.0,5.83,1.59,-5.16,-1.15
1992-09-07,21.0,21.0,19.4,19.7,4200,8274000.5,7.57,1.53,-6.86,-1.45
1992-09-08,19.55,21.8,19.2,21.8,5090,11096200.0,13.2,1.85,10.66,2.1
1992-09-09,21.95,22.3,21.0,22.3,6300,14049000.0,5.96,2.29,2.29,0.5
1992-09-10,22.45,22.65,21.5,22.65,5290,11981850.0,5.16,1.92,1.57,0.35
1992-09-11,22.0,22.0,21.35,22.0,4610,10142000.0,2.87,1.68,-2.87,-0.65
1992-09-14,22.15,22.6,20.6,21.0,3600,7560000.0,9.09,1.31,-4.55,-1.0
1992-09-15,21.0,21.9,20.7,21.2,2255,4780600.0,5.71,0.82,0.95,0.2
1992-09-16,21.05,21.3,21.0,21.2,1530,3243600.0,1.42,0.56,0.0,0.0
1992-09-17,21.3,21.85,21.3,21.7,2400,5208000.0,2.59,0.87,2.36,0.5
1992-09-18,21.6,22.0,21.6,21.6,2080,4492800.0,1.84,0.76,-0.46,-0.1
1992-09-21,21.5,21.5,21.1,21.3,1485,3163050.0,1.85,0.54,-1.39,-0.3
1992-09-22,21.15,21.3,20.8,21.0,1355,2845500.0,2.35,0.49,-1.41,-0.3
1992-09-23,21.0,21.35,21.0,21.2,1200,2544000.0,1.67,0.44,0.95,0.2
1992-09-24,21.05,22.2,21.05,22.05,2770,6107850.0,5.42,1.01,4.01,0.85
1992-09-25,22.2,22.6,21.6,21.7,2900,6293000.0,4.54,1.05,-1.59,-0.35
1992-09-28,21.55,22.5,21.4,22.05,3975,8764875.0,5.07,1.45,1.61,0.35
1992-09-29,22.0,22.6,22.0,22.6,5905,13345300.0,2.72,2.15,2.49,0.55
1992-09-30,22.75,22.8,22.45,22.8,5930,13520400.0,1.55,2.16,0.88,0.2
1992-10-04,22.95,23.6,22.95,23.4,3010,7043400.0,2.85,1.09,2.63,0.6
1992-10-05,23.4,23.5,22.8,23.0,2200,5060000.0,2.99,0.8,-1.71,-0.4
1992-10-06,23.0,23.0,22.45,22.55,1535,3461425.0,2.39,0.56,-1.96,-0.45
1992-10-07,22.5,22.8,22.5,22.8,1175,2679000.0,1.33,0.43,1.11,0.25
1992-10-08,22.8,23.0,22.5,22.7,1175,2675975.0,2.19,0.43,-0.44,-0.1
1992-10-09,22.6,22.9,22.6,22.8,1515,3454200.0,1.32,0.55,0.44,0.1
1992-10-12,22.95,23.6,22.7,22.8,7045,16062599.0,3.95,2.56,0.0,0.0
1992-10-13,22.8,22.8,22.2,22.35,2220,4961700.0,2.63,0.81,-1.97,-0.45
1992-10-14,22.2,22.2,21.3,21.4,4690,10036600.0,4.03,1.71,-4.25,-0.95
1992-10-15,21.4,22.1,21.0,21.75,3100,6742500.0,5.14,1.13,1.64,0.35
1992-10-16,21.7,22.0,21.4,21.6,2185,4719600.0,2.76,0.79,-0.69,-0.15
1992-10-19,21.5,21.5,20.3,20.4,2640,5385600.0,5.56,0.96,-5.56,-1.2
1992-10-20,20.55,21.5,20.3,20.6,2335,4810100.0,5.88,0.85,0.98,0.2
1992-10-21,20.5,20.6,19.45,19.75,1430,2824250.0,5.58,0.52,-4.13,-0.85
1992-10-22,19.6,19.6,18.35,19.15,2835,5429025.0,6.33,1.03,-3.04,-0.6
1992-10-23,19.0,19.05,18.3,18.35,3320,6092200.0,3.92,1.21,-4.18,-0.8
1992-10-26,18.2,18.2,15.2,16.5,3300,5445000.0,16.35,1.2,-10.08,-1.85
1992-10-27,16.5,17.0,15.6,15.9,4435,7051650.0,8.48,1.61,-3.64,-0.6
1992-10-28,15.9,16.5,15.6,16.25,3980,6467500.0,5.66,1.45,2.2,0.35
1992-10-29,16.2,17.5,16.0,17.45,3220,5618900.0,9.23,1.17,7.38,1.2
1992-10-30,17.5,18.5,17.5,18.1,5580,10099800.0,5.73,2.03,3.72,0.65
1992-11-02,18.1,18.1,16.65,16.7,4270,7130900.5,8.01,1.55,-7.73,-1.4
1992-11-03,16.7,17.3,16.0,17.3,3045,5267850.0,7.78,1.11,3.59,0.6
1992-11-04,17.45,17.45,16.65,16.7,2455,4099850.25,4.62,0.89,-3.47,-0.6
1992-11-05,16.55,17.0,16.4,16.55,1420,2350100.0,3.59,0.52,-0.9,-0.15
1992-11-06,16.5,16.5,16.1,16.2,1645,2664900.25,2.42,0.6,-2.11,-0.35
1992-11-09,16.05,16.55,15.9,16.1,1245,2004450.0,4.01,0.45,-0.62,-0.1
1992-11-10,16.0,16.4,15.9,15.95,1130,1802350.0,3.11,0.41,-0.93,-0.15
1992-11-11,16.0,16.0,15.0,15.5,2025,3138750.0,6.27,0.74,-2.82,-0.45
1992-11-12,15.8,16.05,14.5,14.9,2480,3695200.0,10.0,0.9,-3.87,-0.6
1992-11-13,15.0,15.0,13.65,14.2,4370,6205400.0,9.06,1.59,-4.7,-0.7
1992-11-16,14.2,14.2,12.5,12.55,4365,5478075.0,11.97,1.59,-11.62,-1.65
1992-11-17,12.4,12.75,11.3,12.45,6685,8322825.0,11.55,2.43,-0.8,-0.1
1992-11-18,12.5,14.0,12.2,13.4,7125,9547500.0,14.46,2.59,7.63,0.95
1992-11-19,13.5,13.8,12.9,13.4,6025,8073500.0,6.72,2.19,0.0,0.0
1992-11-20,13.4,13.5,12.6,12.6,5540,7291225.0,6.72,2.01,-5.97,-0.8
1992-11-23,12.6,12.6,11.35,11.9,4485,5337150.0,9.92,1.63,-5.56,-0.7
1992-11-24,11.9,12.5,11.85,12.5,2860,3575000.0,5.46,1.04,5.04,0.6
1992-11-25,12.6,13.1,12.3,13.0,5140,6682000.0,6.4,1.87,4.0,0.5
1992-11-26,13.15,15.25,13.15,15.0,9465,14197500.0,16.15,3.44,15.38,2.0
1992-11-27,15.15,15.3,13.8,14.8,8715,12898200.0,10.0,3.17,-1.33,-0.2
1992-11-30,14.8,17.2,14.8,17.0,1080,1836000.0,16.22,0.39,14.86,2.2
1992-12-01,17.0,18.1,15.95,18.1,8860,16036600.0,12.65,3.22,6.47,1.1
1992-12-02,18.25,18.7,16.8,17.5,8860,15505000.0,10.5,3.22,-3.31,-0.6
1992-12-03,17.65,17.65,16.5,16.8,10100,16968000.0,6.57,3.67,-4.0,-0.7
1992-12-04,16.8,18.0,16.4,17.8,11170,19882600.0,9.52,4.06,5.95,1.0
1992-12-07,17.95,19.55,17.95,19.2,15170,29126402.0,8.99,5.52,7.87,1.4
1992-12-08,13.7,13.7,13.1,13.1,9790,18780300.0,3.13,3.56,-31.77,-6.1
1992-12-09,18.85,19.0,17.7,18.4,11300,20792000.0,9.92,4.11,40.46,5.3
1992-12-10,18.5,18.55,17.1,17.55,8120,14250599.0,7.88,2.95,-4.62,-0.85
1992-12-11,17.6,19.15,17.6,18.05,7205,13005024.0,8.83,2.62,2.85,0.5
1992-12-14,17.9,18.35,17.5,17.7,5185,9177450.0,4.71,1.89,-1.94,-0.35
1992-12-15,12.0,12.35,11.6,12.0,3405,5934825.0,4.24,1.24,-32.2,-5.7
1992-12-16,17.15,18.2,17.0,18.2,4490,8171800.5,10.0,1.63,51.67,6.2
1992-12-17,18.35,18.4,17.8,17.8,3345,5954099.5,3.3,1.22,-2.2,-0.4
1992-12-18,17.8,18.35,17.7,18.25,4060,7409500.0,3.65,1.48,2.53,0.45
1992-12-21,18.4,19.6,18.4,19.3,15380,29683398.0,6.58,5.59,5.75,1.05
1992-12-22,19.3,19.8,19.0,19.2,12840,24652800.0,4.15,4.67,-0.52,-0.1
1992-12-23,19.2,19.55,19.0,19.55,5865,11466075.0,2.86,2.13,1.82,0.35
1992-12-24,19.0,19.8,19.0,19.75,5860,11573500.0,4.09,2.13,1.02,0.2
1992-12-25,19.85,20.0,19.6,19.95,7970,15900151.0,2.03,2.9,1.01,0.2
1992-12-28,20.1,20.1,19.7,19.8,3390,6712199.5,2.01,1.23,-0.75,-0.15
1992-12-29,19.8,20.2,19.5,20.05,5810,11649050.0,3.54,2.11,1.26,0.25
1992-12-30,20.05,21.3,20.05,21.25,6750,14343750.0,6.23,2.45,5.99,1.2
1992-12-31,21.3,22.0,21.3,21.35,11340,24210900.0,3.29,4.12,0.47,0.1
1993-01-03,13.8,15.1,13.8,15.0,997,7238000.0,6.09,0.36,-29.74,-6.35
1993-01-04,22.75,22.9,21.8,21.9,10610,23235900.0,7.33,3.86,46.0,6.9
1993-01-05,22.0,22.8,21.95,22.15,7095,15715425.0,3.88,2.58,1.14,0.25
1993-01-06,22.15,22.5,22.0,22.5,4775,10743750.0,2.26,1.74,1.58,0.35
1993-01-07,22.6,22.8,22.5,22.7,3495,7933650.5,1.33,1.27,0.89,0.2
1993-01-08,22.8,22.95,22.6,22.8,6605,15059399.0,1.54,2.4,0.44,0.1
1993-01-11,23.0,23.5,22.9,23.3,10355,24127150.0,2.63,3.77,2.19,0.5
1993-01-12,23.45,24.0,22.8,22.8,8715,19870200.0,5.15,3.17,-2.15,-0.5
1993-01-13,22.7,23.3,22.7,22.95,5795,13305200.0,2.63,2.11,0.66,0.15
1993-01-14,22.7,23.3,22.7,22.95,5795,13299525.0,2.61,2.11,0.0,0.0
1993-01-15,22.7,23.3,22.45,23.15,3875,8970625.0,3.7,1.41,0.87,0.2
1993-01-18,23.15,23.85,23.15,23.8,9310,22157800.0,3.02,3.39,2.81,0.65
1993-01-19,23.9,24.35,23.85,23.95,4925,11795375.0,2.1,1.79,0.63,0.15
1993-02-01,24.1,26.3,24.1,25.8,9480,24458400.0,9.19,3.45,7.72,1.85
1993-02-02,25.95,26.6,25.7,26.05,10670,27795350.0,3.49,3.88,0.97,0.25
1993-02-03,26.1,26.5,25.4,25.4,11235,28536900.0,4.22,4.09,-2.5,-0.65
1993-02-04,25.4,26.3,25.0,26.0,11125,28925000.0,5.12,4.05,2.36,0.6
1993-02-05,26.0,26.8,26.0,26.75,22195,59371624.0,3.08,8.07,2.88,0.75
1993-02-08,26.9,28.3,26.9,28.15,19735,55554024.0,5.23,7.18,5.23,1.4
1993-02-09,28.3,28.5,27.3,27.9,13375,37316248.0,4.26,4.86,-0.89,-0.25
1993-02-10,28.0,28.1,27.0,27.1,7130,19322300.0,3.94,2.59,-2.87,-0.8
1993-02-11,27.0,27.45,26.0,26.0,8825,22945000.0,5.35,3.21,-4.06,-1.1
1993-02-12,26.0,26.8,24.9,25.5,14295,36452248.0,7.31,5.2,-1.92,-0.5
1993-02-15,25.65,26.4,25.6,26.4,10115,27259926.0,3.14,3.68,3.53,0.9
1993-02-16,26.0,26.2,24.5,24.9,7810,19446900.0,6.44,2.84,-5.68,-1.5
1993-02-17,25.0,26.0,24.5,25.85,7080,18301800.0,6.02,2.57,3.82,0.95
1993-02-18,26.0,26.0,25.15,25.35,7430,18835050.0,3.29,2.7,-1.93,-0.5
1993-02-19,25.2,27.2,25.2,27.0,16765,45265500.0,7.89,6.1,6.51,1.65
1993-02-22,27.15,28.1,26.5,26.5,18335,48587752.0,5.93,6.67,-1.85,-0.5
1993-02-23,26.5,26.7,25.8,26.0,9515,24739000.0,3.4,3.46,-1.89,-0.5
1993-02-24,26.0,26.0,24.1,24.55,9285,22794674.0,7.31,3.38,-5.58,-1.45
1993-02-25,24.4,26.0,24.2,25.6,9505,24332800.0,7.33,3.46,4.28,1.05
1993-02-26,25.75,26.4,25.75,25.9,14055,36402448.0,2.54,5.11,1.17,0.3
1993-03-01,26.05,26.5,24.9,25.45,7580,19291100.0,6.18,2.76,-1.74,-0.45
1993-03-02,25.5,25.5,24.4,24.4,5740,14005600.0,4.32,2.09,-4.13,-1.05
1993-03-03,24.4,24.95,23.5,23.55,7805,18380774.0,5.94,2.84,-3.48,-0.85
1993-03-04,23.4,24.4,22.8,23.95,7495,17950526.0,6.79,2.73,1.7,0.4
1993-03-05,23.95,23.95,22.0,22.15,5226,11575590.0,8.14,1.9,-7.52,-1.8
1993-03-08,22.0,23.2,22.0,22.8,8240,18787200.0,5.42,3.0,2.93,0.65
1993-03-09,22.8,23.0,21.5,22.2,4560,10123200.0,6.58,1.66,-2.63,-0.6
1993-03-10,22.35,23.9,22.0,23.9,5480,13097200.0,8.56,1.99,7.66,1.7
1993-03-11,24.0,24.9,23.7,24.45,10220,24987900.0,5.02,3.72,2.3,0.55
1993-03-12,24.5,24.9,24.0,24.9,7580,18874200.0,3.68,2.76,1.84,0.45
1993-03-15,24.9,24.9,22.8,22.9,6915,15835350.0,8.43,2.51,-8.03,-2.0
1993-03-16,23.0,23.5,22.8,23.1,4230,9771300.0,3.06,1.54,0.87,0.2
1993-03-17,23.0,23.1,22.0,22.3,3745,8351349.5,4.76,1.36,-3.46,-0.8
1993-03-18,22.3,23.0,22.1,22.6,2715,6135900.0,4.04,0.99,1.35,0.3
1993-03-19,22.5,22.8,22.35,22.6,1795,4056700.0,1.99,0.65,0.0,0.0
1993-03-22,22.45,22.45,21.0,21.3,2500,5325000.0,6.42,0.91,-5.75,-1.3
1993-03-23,21.3,22.3,21.0,21.3,3370,7178099.5,6.1,1.23,0.0,0.0
1993-03-24,21.3,21.35,20.05,20.35,4210,8567350.0,6.1,1.53,-4.46,-0.95
1993-03-25,20.3,22.3,20.3,22.15,5630,12470450.0,9.83,2.05,8.85,1.8
1993-03-26,22.3,22.5,21.45,21.5,6380,13717000.0,4.74,2.32,-2.93,-0.65
1993-03-29,21.35,23.5,21.35,22.4,7460,16710400.0,10.0,2.71,4.19,0.9
1993-03-30,22.5,23.0,21.8,22.7,3225,7320750.0,5.36,1.17,1.34,0.3
1993-03-31,22.7,23.5,22.3,23.15,7580,17547700.0,5.29,2.76,1.98,0.45
1993-04-01,23.15,23.3,22.8,23.0,3600,8280000.0,2.16,1.31,-0.65,-0.15
1993-04-02,23.0,23.2,22.45,22.8,3540,8071199.5,3.26,1.29,-0.87,-0.2
1993-04-05,22.8,23.0,22.35,22.4,1970,4412800.0,2.85,0.72,-1.75,-0.4
1993-04-06,22.4,23.0,21.8,22.6,3015,6813900.0,5.36,1.1,0.89,0.2
1993-04-07,22.6,23.4,22.6,23.3,6305,14690650.0,3.54,2.29,3.1,0.7
1993-04-08,23.3,24.8,23.3,24.1,10670,25714700.0,6.44,3.88,3.43,0.8
1993-04-09,24.1,24.5,23.6,23.8,7140,16993200.0,3.73,2.6,-1.24,-0.3
1993-04-12,23.95,24.85,23.95,24.6,7375,18142500.0,3.78,2.68,3.36,0.8
1993-04-13,24.75,24.8,24.15,24.5,7335,17970750.0,2.64,2.67,-0.41,-0.1
1993-04-14,24.5,24.75,24.1,24.4,5680,13859200.0,2.65,2.07,-0.41,-0.1
1993-04-15,24.5,24.6,24.15,24.55,4345,10666975.0,1.84,1.58,0.61,0.15
1993-04-16,24.6,25.3,24.6,25.1,10410,26129100.0,2.85,3.79,2.24,0.55
1993-04-19,25.25,25.7,25.2,25.2,11360,28627200.0,1.99,4.13,0.4,0.1
1993-04-20,25.2,25.2,24.7,25.0,4245,10612500.0,1.98,1.54,-0.79,-0.2
1993-04-21,25.1,25.2,24.8,25.15,1840,4627600.0,1.6,0.67,0.6,0.15
1993-04-22,25.2,25.2,24.75,24.8,2480,6150400.0,1.79,0.9,-1.39,-0.35
1993-04-23,24.8,24.9,24.4,24.5,3730,9138500.0,2.02,1.36,-1.21,-0.3
1993-04-26,24.5,25.15,24.2,24.85,2495,6200075.0,3.88,0.91,1.43,0.35
1993-04-27,25.0,25.05,24.25,24.5,1635,4005750.0,3.22,0.59,-1.41,-0.35
1993-04-28,24.5,24.85,24.4,24.7,1235,3050450.0,1.84,0.45,0.82,0.2
1993-04-29,24.6,24.9,24.3,24.3,1415,3438450.0,2.43,0.51,-1.62,-0.4
1993-04-30,24.3,24.85,24.2,24.4,1845,4501800.0,2.67,0.67,0.41,0.1
1993-05-01,24.4,24.4,23.4,23.65,1800,4257000.0,4.1,0.65,-3.07,-0.75
1993-05-02,23.6,23.95,23.3,23.4,2275,5323500.0,2.75,0.83,-1.06,-0.25
1993-05-03,24.4,24.4,23.4,23.65,1800,4285850.0,4.27,0.65,1.07,0.25
1993-05-04,23.4,23.6,22.6,22.65,2815,6375975.0,4.23,1.02,-4.23,-1.0
1993-05-05,22.7,22.7,20.8,22.1,6755,14928550.0,8.39,2.46,-2.43,-0.55
1993-05-06,22.7,22.7,20.8,22.1,6755,14657575.0,8.6,2.46,0.0,0.0
1993-05-07,22.1,22.25,21.4,21.95,3935,8637325.0,3.85,1.43,-0.68,-0.15
1993-05-10,22.0,22.0,20.8,20.95,3200,6704000.0,5.47,1.16,-4.56,-1.0
1993-05-11,20.8,21.0,20.1,20.5,4685,9604250.0,4.3,1.7,-2.15,-0.45
1993-05-12,20.4,21.45,20.4,21.35,4150,8860250.0,5.12,1.51,4.15,0.85
1993-05-13,21.5,22.7,21.3,22.35,5590,12493650.0,6.56,2.03,4.68,1.0
1993-05-14,22.35,22.8,22.0,22.6,4850,10961000.0,3.58,1.76,1.12,0.25
1993-05-17,22.6,22.8,21.2,21.4,3373,7218220.0,7.08,1.23,-5.31,-1.2
1993-05-18,21.5,22.0,20.8,21.6,3228,6972480.0,5.61,1.17,0.93,0.2
1993-05-19,21.6,21.65,21.15,21.25,1745,3708125.0,2.31,0.63,-1.62,-0.35
1993-05-20,21.25,21.25,20.9,20.95,1855,3886225.25,1.65,0.67,-1.41,-0.3
1993-05-21,21.0,21.0,20.05,20.3,2671,5422130.0,4.53,0.97,-3.1,-0.65
1993-05-24,20.15,20.2,19.3,19.4,2653,5146820.0,4.43,0.96,-4.43,-0.9
1993-05-25,19.4,20.0,19.1,19.65,2819,5539335.0,4.64,1.03,1.29,0.25
1993-05-26,19.85,20.0,19.2,19.25,2209,4252325.0,4.07,0.8,-2.04,-0.4
1993-05-27,19.1,19.2,18.7,18.75,1778,3333750.0,2.6,0.65,-2.6,-0.5
1993-05-28,18.9,19.2,18.8,18.95,1717,3253715.25,2.13,0.62,1.07,0.2
1993-05-31,19.0,19.55,19.0,19.5,1900,3705000.0,2.9,0.69,2.9,0.55
1993-06-01,19.6,19.7,18.7,19.1,2196,4194360.0,5.13,0.8,-2.05,-0.4
1993-06-02,19.25,19.5,18.9,19.4,1343,2605420.0,3.14,0.49,1.57,0.3
1993-06-03,19.5,20.0,19.5,20.0,4077,8154000.0,2.58,1.48,3.09,0.6
1993-06-04,20.1,20.4,19.6,20.0,4940,9880000.0,4.0,1.8,0.0,0.0
1993-06-07,20.0,20.25,19.75,19.8,1345,2663100.0,2.5,0.49,-1.0,-0.2
1993-06-08,19.8,20.0,19.6,19.6,1125,2205000.0,2.02,0.41,-1.01,-0.2
1993-06-09,19.5,19.5,19.25,19.3,1234,2381620.0,1.28,0.45,-1.53,-0.3
1993-06-10,19.3,19.5,19.05,19.15,998,1911170.0,2.33,0.36,-0.78,-0.15
1993-06-11,19.1,19.25,18.1,18.6,2083,3874380.0,6.01,0.76,-2.87,-0.55
1993-06-14,18.45,18.45,17.6,17.8,1728,3075839.75,4.57,0.63,-4.3,-0.8
1993-06-15,17.6,18.2,17.5,17.8,1584,2819520.0,3.93,0.58,0.0,0.0
1993-06-16,17.85,17.9,17.5,17.6,943,1659680.0,2.25,0.34,-1.12,-0.2
1993-06-17,17.55,17.8,17.5,17.75,1048,1860200.0,1.7,0.38,0.85,0.15
1993-06-18,17.75,18.8,17.75,18.8,2837,5333560.0,5.92,1.03,5.92,1.05
1993-06-21,18.95,19.0,18.0,18.0,2886,5194800.0,5.32,1.05,-4.26,-0.8
1993-06-22,18.0,18.1,17.7,17.95,956,1716020.12,2.22,0.35,-0.28,-0.05
1993-06-23,17.95,18.25,17.7,18.1,672,1216320.0,3.06,0.24,0.84,0.15
1993-06-24,18.1,18.65,18.1,18.5,1453,2688050.0,3.04,0.53,2.21,0.4
1993-06-25,18.5,18.7,17.8,18.0,1940,3492000.0,4.86,0.71,-2.7,-0.5
1993-06-28,18.0,18.2,17.85,18.0,662,1191600.0,1.94,0.24,0.0,0.0
1993-06-29,18.1,18.3,18.0,18.0,363,653400.0,1.67,0.13,0.0,0.0
1993-06-30,18.0,18.2,17.75,17.75,613,1088075.0,2.5,0.22,-1.39,-0.25
1993-07-01,17.75,17.75,17.15,17.35,1780,3088300.0,3.38,0.65,-2.25,-0.4
1993-07-02,17.35,18.0,16.9,17.9,2472,4424880.0,6.34,0.9,3.17,0.55
1993-07-05,17.9,19.1,17.5,17.6,3723,6552480.0,8.94,1.35,-1.68,-0.3
1993-07-06,17.7,17.7,17.2,17.2,1387,2385640.0,2.84,0.5,-2.27,-0.4
1993-07-07,17.1,17.7,16.95,17.15,1584,2716560.0,4.36,0.58,-0.29,-0.05
1993-07-08,17.15,17.4,17.1,17.15,770,1320550.0,1.75,0.28,0.0,0.0
1993-07-09,17.15,17.15,16.7,16.8,1803,3029039.75,2.62,0.66,-2.04,-0.35
1993-07-12,16.65,16.65,16.0,16.2,2256,3654720.25,3.87,0.82,-3.57,-0.6
1993-07-13,15.9,16.3,15.9,16.15,1572,2538780.0,2.47,0.57,-0.31,-0.05
1993-07-14,16.2,16.45,16.2,16.2,985,1595700.12,1.55,0.36,0.31,0.05
1993-07-15,16.25,16.25,15.55,15.6,1401,2185560.0,4.32,0.51,-3.7,-0.6
1993-07-16,15.65,15.65,15.2,15.3,1416,2166480.0,2.88,0.51,-1.92,-0.3
1993-07-19,15.3,15.3,13.7,14.05,2728,3832840.0,10.46,0.99,-8.17,-1.25
1993-07-20,14.0,14.0,12.55,13.8,4411,6087180.0,10.32,1.6,-1.78,-0.25
1993-07-21,13.95,13.95,12.8,13.3,4310,5732300.0,8.33,1.57,-3.62,-0.5
1993-07-22,13.45,13.5,13.0,13.4,2446,3277640.0,3.76,0.89,0.75,0.1
1993-07-23,13.4,13.85,13.3,13.85,2934,4063590.0,4.1,1.07,3.36,0.45
1993-07-26,14.0,14.0,13.4,13.55,3327,4508085.0,4.33,1.21,-2.17,-0.3
1993-07-27,13.55,14.2,13.4,14.2,3649,5181580.0,5.9,1.33,4.8,0.65
1993-07-28,14.35,15.0,14.25,14.65,8090,11851850.0,5.28,2.94,3.17,0.45
1993-07-29,14.65,14.85,13.8,14.8,4853,7182440.0,7.17,1.76,1.02,0.15
1993-07-30,14.95,16.2,14.95,16.1,13618,21924980.0,8.45,4.95,8.78,1.3
1993-08-02,16.2,16.4,15.0,15.8,11116,17563280.0,8.7,4.04,-1.86,-0.3
1993-08-03,15.65,16.0,15.1,15.5,6023,9335650.0,5.7,2.19,-1.9,-0.3
1993-08-04,15.35,16.0,15.25,16.0,5887,9419200.0,4.84,2.14,3.23,0.5
1993-08-05,16.15,16.65,15.95,16.55,7558,12508489.0,4.38,2.75,3.44,0.55
1993-08-06,16.65,16.85,16.3,16.55,6559,10882767.0,3.32,2.39,0.0,0.0
1993-08-09,16.55,17.7,16.5,17.6,8037,13825517.0,7.25,2.92,6.34,1.05
1993-08-10,17.75,18.25,17.3,17.55,8991,16043180.0,5.4,3.27,-0.28,-0.05
1993-08-11,17.5,18.3,17.4,18.3,6122,10904946.0,5.13,2.23,4.27,0.75
1993-08-12,18.45,18.9,18.0,18.9,14733,27163788.0,4.92,5.36,3.28,0.6
1993-08-13,19.0,20.6,19.0,20.6,14823,29461120.0,8.47,5.39,8.99,1.7
1993-08-16,20.75,23.0,20.75,22.65,16096,34967636.0,10.92,5.85,9.95,2.05
1993-08-17,22.8,24.0,19.8,19.8,17305,37797244.0,18.54,6.29,-12.58,-2.85
1993-08-18,19.65,22.0,19.2,20.5,15154,30812278.0,14.14,5.51,3.54,0.7
1993-08-19,20.6,20.8,19.1,19.5,9102,17982256.0,8.29,3.31,-4.88,-1.0
1993-08-20,19.35,19.35,18.5,18.95,10214,19298436.0,4.36,3.71,-2.82,-0.55
1993-08-23,18.8,18.9,17.6,17.8,8809,16018637.0,6.86,3.2,-6.07,-1.15
1993-08-24,17.65,20.0,17.4,20.0,11418,21575878.0,14.61,4.15,12.36,2.2
1993-08-25,20.0,20.1,18.8,19.45,16281,31869164.0,6.5,5.92,-2.75,-0.55
1993-08-26,19.3,19.8,19.0,19.05,7452,14442983.0,4.11,2.71,-2.06,-0.4
1993-08-27,18.95,19.4,18.5,18.55,5645,10621556.0,4.72,2.05,-2.62,-0.5
1993-08-30,18.45,19.1,18.05,18.7,4303,8024035.5,5.66,1.56,0.81,0.15
1993-08-31,18.9,19.25,18.85,19.1,4367,8361489.0,2.14,1.59,2.14,0.4
1993-09-01,19.25,19.4,18.8,18.8,6161,11713384.0,3.14,2.24,-1.57,-0.3
1993-09-02,18.65,19.05,18.55,18.85,2377,4484069.0,2.66,0.86,0.27,0.05
1993-09-03,19.0,19.9,18.8,19.7,7923,15291942.0,5.84,2.88,4.51,0.85
1993-09-06,15.0,15.0,14.6,14.7,5265,7774737.5,2.03,1.47,-25.38,-5.0
1993-09-07,14.6,15.0,14.6,14.7,2644,3923354.75,2.72,0.74,0.0,0.0
1993-09-08,14.65,14.7,14.25,14.55,2295,3338512.75,3.06,0.64,-1.02,-0.15
1993-09-09,14.5,15.0,14.5,14.65,1481,2181300.25,3.44,0.41,0.69,0.1
1993-09-10,14.6,14.75,14.0,14.0,5139,7326596.5,5.12,1.44,-4.44,-0.65
1993-09-13,13.85,13.9,13.45,13.45,3582,4907045.0,3.21,1.0,-3.93,-0.55
1993-09-14,13.3,13.85,13.3,13.5,2748,3721280.5,4.09,0.77,0.37,0.05
1993-09-15,13.6,13.75,13.1,13.15,1422,1869930.0,4.81,0.4,-2.59,-0.35
1993-09-16,13.15,13.6,13.0,13.1,2801,3704060.0,4.56,0.78,-0.38,-0.05
1993-09-20,13.0,14.0,12.8,13.65,5806,7835490.0,9.16,1.62,4.2,0.55
1993-09-21,13.65,14.2,13.5,13.5,7676,10585251.0,5.13,2.15,-1.1,-0.15
1993-09-22,13.4,13.75,13.4,13.7,3279,4438819.5,2.59,0.92,1.48,0.2
1993-09-23,13.8,14.0,13.5,13.6,3231,4466268.0,3.65,0.9,-0.73,-0.1
1993-09-24,13.45,13.45,12.6,13.1,5332,6927054.5,6.25,1.49,-3.68,-0.5
1993-09-27,13.1,13.2,13.0,13.15,2401,3138979.75,1.53,0.67,0.38,0.05
1993-09-28,13.2,13.25,13.05,13.25,776,1024512.56,1.52,0.22,0.76,0.1
1993-09-29,13.3,13.7,13.3,13.5,2163,2920790.0,3.02,0.61,1.89,0.25
1993-09-30,13.6,13.7,13.2,13.4,1524,2058065.12,3.7,0.43,-0.74,-0.1
1993-10-04,13.4,13.85,13.4,13.85,2278,3109709.5,3.36,0.64,3.36,0.45
1993-10-05,14.0,14.2,13.55,13.65,4288,6014115.5,4.69,1.2,-1.44,-0.2
1993-10-06,13.6,13.9,13.4,13.45,1207,1642815.0,3.66,0.34,-1.47,-0.2
1993-10-07,13.5,13.7,13.45,13.55,907,1227049.88,1.86,0.25,0.74,0.1
1993-10-08,13.7,13.75,13.4,13.45,926,1247960.12,2.58,0.26,-0.74,-0.1
1993-10-11,13.5,13.5,13.25,13.3,926,1236730.12,1.86,0.26,-1.12,-0.15
1993-10-12,13.3,13.35,13.25,13.35,941,1250019.75,0.75,0.26,0.38,0.05
1993-10-13,13.25,13.35,13.0,13.1,1675,2199364.75,2.62,0.47,-1.87,-0.25
1993-10-14,13.0,13.1,12.85,13.05,1571,2041484.88,1.91,0.44,-0.38,-0.05
1993-10-15,13.15,13.4,13.1,13.2,1307,1723350.25,2.3,0.37,1.15,0.15
1993-10-18,13.2,13.2,12.8,12.85,1688,2179200.25,3.03,0.47,-2.65,-0.35
1993-10-19,12.8,13.05,12.65,12.85,1437,1839254.88,3.11,0.4,0.0,0.0
1993-10-20,12.85,12.95,12.7,12.75,570,729690.12,1.95,0.16,-0.78,-0.1
1993-10-21,12.7,12.75,12.5,12.5,1260,1590964.75,1.96,0.35,-1.96,-0.25
1993-10-22,12.45,12.5,12.35,12.45,1138,1412360.25,1.2,0.32,-0.4,-0.05
1993-10-25,12.45,12.45,12.05,12.1,1094,1334045.25,3.21,0.31,-2.81,-0.35
1993-10-26,12.1,12.1,11.7,12.1,1440,1708605.0,3.31,0.4,0.0,0.0
1993-10-27,12.1,12.4,11.9,12.2,2855,3489664.75,4.13,0.8,0.83,0.1
1993-10-28,12.2,12.6,12.1,12.55,1420,1747345.12,4.1,0.4,2.87,0.35
1993-10-29,12.7,12.8,11.9,12.2,4765,5925464.5,7.17,1.33,-2.79,-0.35
1993-11-01,12.05,12.2,12.0,12.0,1805,2174054.75,1.64,0.5,-1.64,-0.2
1993-11-02,12.0,12.2,12.0,12.15,931,1127605.0,1.67,0.26,1.25,0.15
1993-11-03,12.1,12.25,12.0,12.1,931,1128559.5,2.06,0.26,-0.41,-0.05
1993-11-04,12.1,12.15,11.9,11.95,982,1176279.75,2.07,0.27,-1.24,-0.15
1993-11-05,11.95,12.05,11.95,12.0,1048,1258624.88,0.84,0.29,0.42,0.05
1993-11-08,12.15,13.0,12.15,12.65,3957,4974164.5,7.08,1.11,5.42,0.65
1993-11-09,12.6,12.85,12.35,12.5,3048,3831510.0,3.95,0.85,-1.19,-0.15
1993-11-10,12.6,13.6,12.6,13.4,10418,13796133.0,8.0,2.91,7.2,0.9
1993-11-11,13.55,13.9,13.4,13.7,12417,16925474.0,3.73,3.47,2.24,0.3
1993-11-12,13.85,14.55,13.7,14.5,26985,38376592.0,6.2,7.55,5.84,0.8
1993-11-15,14.65,15.25,14.5,14.5,19147,28714518.0,5.17,5.36,0.0,0.0
1993-11-16,14.4,15.2,14.4,14.65,15746,23287076.0,5.52,4.4,1.03,0.15
1993-11-17,14.55,15.05,14.55,14.85,10136,15048066.0,3.41,2.84,1.37,0.2
1993-11-18,15.0,15.9,14.8,15.15,23639,36388524.0,7.41,6.61,2.02,0.3
1993-11-19,15.3,15.6,14.9,15.15,12470,18852740.0,4.62,3.49,0.0,0.0
1993-11-22,15.25,15.7,14.95,15.0,11216,17213716.0,4.95,3.14,-0.99,-0.15
1993-11-23,14.85,15.0,14.4,14.5,5874,8643057.0,4.0,1.64,-3.33,-0.5
1993-11-24,14.4,14.5,13.8,14.1,7076,10022250.0,4.83,1.98,-2.76,-0.4
1993-11-25,14.25,14.5,14.1,14.35,3980,5693456.0,2.84,1.11,1.77,0.25
1993-11-26,14.5,14.5,14.1,14.15,3239,4617014.5,2.79,0.91,-1.39,-0.2
1993-11-29,14.3,15.2,14.2,14.5,11645,16927174.0,7.07,3.26,2.47,0.35
1993-11-30,14.65,14.7,14.2,14.25,6190,8897166.0,3.45,1.73,-1.72,-0.25
1993-12-01,14.25,14.45,13.8,13.9,3348,4676294.5,4.56,0.94,-2.46,-0.35
1993-12-02,13.8,13.9,13.65,13.7,2513,3453899.25,1.8,0.7,-1.44,-0.2
1993-12-03,13.75,13.8,13.5,13.65,3217,4395520.5,2.19,0.9,-0.36,-0.05
1993-12-06,13.8,14.0,13.6,13.85,3817,5227265.5,2.93,1.07,1.47,0.2
1993-12-07,14.0,14.1,13.5,13.55,3204,4416803.5,4.33,0.9,-2.17,-0.3
1993-12-08,13.55,13.65,13.55,13.65,2880,3916728.5,0.74,0.81,0.74,0.1
1993-12-09,13.8,13.9,13.65,13.7,3060,4203984.5,1.83,0.86,0.37,0.05
1993-12-10,13.8,14.9,13.75,14.65,19846,28580714.0,8.39,5.55,6.93,0.95
1993-12-13,13.75,13.75,12.6,12.9,21568,28454378.0,7.85,6.03,-11.95,-1.75
1993-12-14,13.05,13.4,12.8,13.0,8736,11416419.0,4.65,2.44,0.78,0.1
1993-12-15,13.1,13.1,12.5,13.1,3393,4371566.0,4.62,0.95,0.77,0.1
1993-12-16,13.2,13.25,12.9,12.95,4341,5628907.0,2.67,1.21,-1.15,-0.15
1993-12-17,12.9,12.9,12.75,12.75,2314,2967610.0,1.16,0.65,-1.54,-0.2
1993-12-20,12.75,12.75,11.8,12.1,5303,6473828.5,7.45,1.48,-5.1,-0.65
1993-12-21,12.1,12.6,12.0,12.45,3766,4637234.5,4.96,1.05,2.89,0.35
1993-12-22,12.6,12.65,12.15,12.15,3866,4767200.0,4.02,1.08,-2.41,-0.3
1993-12-23,12.15,12.35,12.0,12.0,2520,3055020.25,2.88,0.7,-1.23,-0.15
1993-12-24,12.0,12.35,11.7,12.3,3642,4378821.5,5.42,1.02,2.5,0.3
1993-12-27,12.5,12.5,11.8,11.95,2342,2825759.5,5.69,0.66,-2.85,-0.35
1993-12-28,12.05,12.05,11.8,11.85,1800,2139520.25,2.09,0.5,-0.84,-0.1
1993-12-29,11.85,11.9,11.7,11.75,1340,1577150.12,1.69,0.37,-0.84,-0.1
1993-12-30,11.9,12.1,11.7,11.7,4028,4795826.5,3.4,1.13,-0.43,-0.05
1993-12-31,11.8,11.85,11.5,11.55,3286,3845000.0,2.99,0.92,-1.28,-0.15
1994-01-03,11.5,11.55,11.0,11.15,1530,1721810.0,4.76,0.33,-3.46,-0.4
1994-01-04,11.25,11.3,10.9,11.0,1995,2214174.0,3.59,0.43,-1.35,-0.15
1994-01-05,11.0,11.05,10.5,10.85,2355,2525495.5,5.0,0.51,-1.36,-0.15
1994-01-06,11.0,11.4,10.65,11.4,4530,5010664.5,6.91,0.98,5.07,0.55
1994-01-07,11.55,11.6,11.15,11.5,5223,5960454.0,3.95,1.13,0.88,0.1
1994-01-10,11.5,11.6,11.25,11.35,3365,3843526.0,3.04,0.73,-1.3,-0.15
1994-01-11,11.3,11.45,10.9,11.0,4670,5202151.5,4.85,1.01,-3.08,-0.35
1994-01-12,10.9,11.15,10.85,10.9,2424,2657900.0,2.73,0.53,-0.91,-0.1
1994-01-13,10.9,11.0,10.7,10.85,2382,2580034.0,2.75,0.52,-0.46,-0.05
1994-01-14,10.85,11.1,10.6,10.65,4970,5359484.0,4.61,1.08,-1.84,-0.2
1994-01-17,10.85,10.85,10.5,10.55,2539,2700919.75,3.29,0.55,-0.94,-0.1
1994-01-18,10.5,10.9,10.4,10.7,2645,2787215.0,4.74,0.57,1.42,0.15
1994-01-19,10.7,10.7,10.25,10.3,2546,2646004.25,4.21,0.55,-3.74,-0.4
1994-01-20,10.2,10.5,10.05,10.1,3246,3294330.75,4.37,0.7,-1.94,-0.2
1994-01-21,10.0,10.2,10.0,10.05,2161,2185234.25,1.98,0.47,-0.5,-0.05
1994-01-24,10.2,10.3,10.1,10.1,1284,1303454.62,1.99,0.28,0.5,0.05
1994-01-25,10.05,10.1,9.85,9.9,1517,1510890.38,2.48,0.33,-1.98,-0.2
1994-01-26,9.85,9.85,9.5,9.65,2169,2105480.0,3.54,0.47,-2.53,-0.25
1994-01-27,9.55,9.9,9.5,9.85,2088,2015380.25,4.15,0.45,2.07,0.2
1994-01-28,9.9,9.9,9.5,9.55,2272,2204020.75,4.06,0.49,-3.05,-0.3
1994-01-31,9.5,9.5,8.9,9.0,2900,2633114.75,6.28,0.63,-5.76,-0.55
1994-02-01,9.0,9.2,8.8,8.9,4950,4504915.5,4.44,1.07,-1.11,-0.1
1994-02-02,8.9,9.35,8.9,9.3,2590,2377679.5,5.06,0.56,4.49,0.4
1994-02-03,9.35,10.6,9.3,10.6,16164,16152135.0,13.98,3.51,13.98,1.3
1994-02-04,10.8,11.25,10.6,11.2,16830,18274000.0,6.13,3.65,5.66,0.6
1994-02-14,11.2,11.2,9.95,9.95,10154,10681559.0,11.16,2.2,-11.16,-1.25
1994-02-15,9.9,10.2,9.6,10.0,5269,5192780.0,6.03,1.14,0.5,0.05
1994-02-16,10.1,10.2,9.8,9.95,4834,4859499.0,4.0,1.05,-0.5,-0.05
1994-02-17,9.8,9.85,9.6,9.65,2184,2116305.0,2.51,0.47,-3.02,-0.3
1994-02-18,9.6,9.85,9.55,9.7,1802,1747410.0,3.11,0.39,0.52,0.05
1994-02-21,9.7,9.75,9.3,9.3,1765,1673540.38,4.64,0.38,-4.12,-0.4
1994-02-22,9.6,10.3,9.6,9.9,8855,8854578.0,7.53,1.92,6.45,0.6
1994-02-23,10.05,10.1,9.7,9.85,3027,2990685.0,4.04,0.66,-0.51,-0.05
1994-02-24,9.9,10.3,9.9,10.3,6057,6113950.0,4.06,1.31,4.57,0.45
1994-02-25,10.4,10.55,10.0,10.0,10450,10780243.0,5.34,2.27,-2.91,-0.3
1994-02-28,10.3,10.35,9.9,9.95,5740,5776642.0,4.5,1.25,-0.5,-0.05
1994-03-01,9.9,10.05,9.75,9.85,2999,2970135.5,3.02,0.65,-1.01,-0.1
1994-03-02,9.85,10.0,9.75,9.8,1686,1660800.0,2.54,0.37,-0.51,-0.05
1994-03-03,9.75,9.95,9.5,9.65,2864,2760065.5,4.59,0.62,-1.53,-0.15
1994-03-04,9.5,9.7,9.4,9.5,2702,2580305.75,3.11,0.59,-1.55,-0.15
1994-03-07,9.5,9.65,9.2,9.45,2571,2409820.25,4.74,0.56,-0.53,-0.05
1994-03-08,9.45,9.45,9.3,9.4,1203,1129799.88,1.59,0.26,-0.53,-0.05
1994-03-09,9.35,9.45,9.35,9.4,983,922754.94,1.06,0.21,0.0,0.0
1994-03-10,9.4,9.45,9.2,9.2,1433,1324910.0,2.66,0.31,-2.13,-0.2
1994-03-11,9.15,9.5,9.0,9.3,2534,2332504.75,5.43,0.55,1.09,0.1
1994-03-14,9.6,10.0,9.55,9.9,5165,5027185.0,4.84,1.12,6.45,0.6
1994-03-15,10.0,10.1,9.4,9.4,5100,4972150.5,7.07,1.11,-5.05,-0.5
1994-03-16,9.4,9.6,9.3,9.5,2155,2026300.62,3.19,0.47,1.06,0.1
1994-03-17,9.55,9.6,9.4,9.4,1444,1371090.12,2.11,0.31,-1.05,-0.1
1994-03-18,9.6,9.6,9.3,9.35,2239,2102429.5,3.19,0.49,-0.53,-0.05
1994-03-21,9.35,9.35,9.0,9.05,2628,2402825.0,3.74,0.57,-3.21,-0.3
1994-03-22,9.0,9.0,8.85,8.95,1719,1533600.12,1.66,0.37,-1.1,-0.1
1994-03-23,8.95,8.95,8.5,8.5,1998,1747735.0,5.03,0.43,-5.03,-0.45
1994-03-24,8.5,8.5,8.2,8.45,2642,2222145.5,3.53,0.57,-0.59,-0.05
1994-03-25,8.45,8.7,8.4,8.55,1663,1422169.75,3.55,0.36,1.18,0.1
1994-03-28,8.5,8.5,8.1,8.2,1328,1103360.12,4.68,0.29,-4.09,-0.35
1994-03-29,8.2,8.35,8.0,8.35,2073,1686559.88,4.27,0.45,1.83,0.15
1994-03-30,8.4,8.65,8.05,8.25,5178,4313435.5,7.19,1.12,-1.2,-0.1
1994-03-31,8.2,8.3,7.9,7.9,1738,1413264.88,4.85,0.38,-4.24,-0.35
1994-04-01,7.8,8.0,7.5,7.65,3621,2814310.5,6.33,0.79,-3.16,-0.25
1994-04-04,7.55,7.85,7.5,7.7,1710,1314545.12,4.58,0.37,0.65,0.05
1994-04-05,7.55,7.95,7.55,7.7,2623,2045330.0,5.19,0.57,0.0,0.0
1994-04-06,7.7,7.9,7.7,7.85,962,752240.12,2.6,0.21,1.95,0.15
1994-04-07,7.9,8.1,7.85,7.85,5307,4247315.0,3.18,1.15,0.0,0.0
1994-04-08,7.85,7.85,7.45,7.5,3117,2370730.0,5.1,0.68,-4.46,-0.35
1994-04-11,7.15,7.5,7.1,7.15,1672,1215660.0,5.33,0.36,-4.67,-0.35
1994-04-12,7.0,7.5,7.0,7.2,2723,1959915.0,6.99,0.59,0.7,0.05
1994-04-13,7.35,7.45,7.05,7.05,1672,1207165.0,5.56,0.36,-2.08,-0.15
1994-04-14,7.0,7.0,6.6,6.65,2195,1492375.0,5.67,0.48,-5.67,-0.4
1994-04-15,6.5,7.05,6.15,6.95,4904,3209490.0,13.53,1.06,4.51,0.3
1994-04-18,6.9,6.9,6.35,6.35,5929,3906879.75,7.91,1.29,-8.63,-0.6
1994-04-19,6.35,6.35,5.8,5.8,4379,2673905.0,8.66,0.95,-8.66,-0.55
1994-04-20,5.7,6.05,5.5,5.5,5998,3438025.0,9.48,1.3,-5.17,-0.3
1994-04-21,5.6,6.1,5.6,6.0,11276,6650890.0,9.09,2.45,9.09,0.5
1994-04-22,6.1,6.15,5.7,5.75,8734,5196545.0,7.5,1.9,-4.17,-0.25
1994-04-25,5.75,6.0,5.65,5.9,3216,1880980.12,6.09,0.7,2.61,0.15
1994-04-26,6.0,6.3,5.95,6.3,8791,5380710.0,5.93,1.91,6.78,0.4
1994-04-27,6.4,6.75,6.28,6.7,9512,6232818.0,7.46,2.06,6.35,0.4
1994-04-28,6.75,7.1,6.5,6.5,20356,13890245.0,8.96,4.42,-2.99,-0.2
1994-04-29,6.45,7.5,6.41,7.5,27088,18511804.0,16.77,5.88,15.38,1.0
1994-05-03,7.8,8.65,7.63,8.48,51469,42372948.0,13.6,11.17,13.07,0.98
1994-05-04,8.7,8.9,8.21,8.21,26429,22682436.0,8.14,5.74,-3.18,-0.27
1994-05-05,7.85,8.16,7.5,8.07,12972,10321350.0,8.04,2.82,-1.71,-0.14
1994-05-06,8.07,8.2,7.6,7.96,12961,10290857.0,7.43,2.81,-1.36,-0.11
1994-05-09,8.0,8.58,8.0,8.58,19594,16348503.0,7.29,4.25,7.79,0.62
1994-05-10,8.68,8.75,8.38,8.72,18869,16276107.0,4.31,4.09,1.63,0.14
1994-05-11,8.79,8.81,8.25,8.28,15570,13523500.0,6.42,3.38,-5.05,-0.44
1994-05-12,8.1,8.28,8.0,8.01,8304,6747960.0,3.38,1.8,-3.26,-0.27
1994-05-13,7.9,8.6,7.9,8.52,5909,4857102.0,8.74,1.28,6.37,0.51
1994-05-16,8.55,8.65,8.4,8.57,12254,10496352.0,2.93,2.66,0.59,0.05
1994-05-17,8.57,8.57,8.17,8.2,2896,2419163.0,4.67,0.63,-4.32,-0.37
1994-05-18,8.1,8.2,8.0,8.05,5132,4155240.0,2.44,1.11,-1.83,-0.15
1994-05-19,8.05,8.36,8.05,8.33,4445,3659556.0,3.85,0.96,3.48,0.28
1994-05-20,8.33,8.4,8.15,8.17,2841,2358614.0,3.0,0.62,-1.92,-0.16
1994-05-23,8.17,8.17,8.0,8.05,2256,1821557.12,2.08,0.49,-1.47,-0.12
1994-05-24,8.0,8.13,8.0,8.11,1504,1215404.0,1.61,0.33,0.75,0.06
1994-05-25,8.11,8.11,7.85,7.9,1874,1498426.0,3.21,0.41,-2.59,-0.21
1994-05-26,7.8,7.85,7.73,7.75,2737,2132541.0,1.52,0.59,-1.9,-0.15
1994-05-27,7.83,8.08,7.73,7.75,2376,1871071.0,4.52,0.52,0.0,0.0
1994-05-30,7.75,7.75,7.2,7.25,3033,2237848.0,7.1,0.66,-6.45,-0.5
1994-05-31,7.2,7.62,7.13,7.5,3159,2335363.0,6.76,0.69,3.45,0.25
1994-06-01,7.5,7.5,7.1,7.15,1436,1048819.0,5.33,0.31,-4.67,-0.35
1994-06-02,7.15,7.35,7.13,7.18,1614,1159109.0,3.08,0.35,0.42,0.03
1994-06-03,6.95,6.95,6.57,6.66,13360,8943432.0,5.29,2.9,-7.24,-0.52
1994-06-06,6.61,6.65,6.4,6.43,3977,2571861.0,3.75,0.86,-3.45,-0.23
1994-06-07,6.4,6.52,6.2,6.39,617,393470.97,4.98,0.13,-0.62,-0.04
1994-06-08,6.22,6.5,6.22,6.46,2141,1366156.0,4.38,0.46,1.1,0.07
1994-06-09,6.5,6.5,6.3,6.33,1226,789885.0,3.1,0.27,-2.01,-0.13
1994-06-10,6.28,6.41,6.25,6.28,797,502375.97,2.53,0.17,-0.79,-0.05
1994-06-13,6.1,6.11,5.9,5.9,2094,1260254.0,3.34,0.45,-6.05,-0.38
1994-06-14,5.85,5.92,5.65,5.68,2725,1568994.0,4.58,0.59,-3.73,-0.22
1994-06-15,5.7,5.9,5.7,5.77,1807,1042606.0,3.52,0.39,1.58,0.09
1994-06-16,5.77,6.04,5.62,5.95,3727,2166892.0,7.28,0.81,3.12,0.18
1994-06-17,5.95,6.15,5.75,6.14,6481,3883273.75,6.72,1.41,3.19,0.19
1994-06-20,6.09,6.1,5.7,5.75,7198,4269674.0,6.51,1.41,-6.35,-0.39
1994-06-21,5.7,5.7,5.6,5.63,1849,1045552.25,1.74,0.36,-2.09,-0.12
1994-06-22,5.6,5.8,5.59,5.72,1647,941160.62,3.73,0.32,1.6,0.09
1994-06-23,5.78,5.78,5.64,5.66,1057,602329.0,2.45,0.21,-1.05,-0.06
1994-06-24,5.66,5.66,5.55,5.56,1598,895092.94,1.94,0.31,-1.77,-0.1
1994-06-27,5.45,5.45,5.25,5.25,2192,1164206.12,3.6,0.43,-5.58,-0.31
1994-06-28,5.15,5.19,5.1,5.15,1829,939596.12,1.71,0.36,-1.9,-0.1
1994-06-29,5.15,5.25,5.1,5.14,1108,569484.06,2.91,0.22,-0.19,-0.01
1994-07-01,5.01,5.2,5.0,5.02,947,481348.84,3.89,0.19,-2.33,-0.12
1994-07-04,5.02,5.02,4.8,4.81,2638,1278095.88,4.38,0.52,-4.18,-0.21
1994-07-08,4.8,5.2,4.73,5.04,3266,1588480.12,9.77,0.64,4.78,0.23
1994-07-11,5.04,5.04,4.85,4.86,3070,1509000.0,3.77,0.6,-3.57,-0.18
1994-07-12,4.85,4.88,4.84,4.86,1731,842015.88,0.82,0.34,0.0,0.0
1994-07-13,4.86,4.98,4.85,4.85,2958,1448223.12,2.67,0.58,-0.21,-0.01
1994-07-14,4.95,4.99,4.85,4.85,5404,2673477.25,2.89,1.06,0.0,0.0
1994-07-15,4.9,4.95,4.65,4.68,3541,1691964.0,6.19,0.69,-3.51,-0.17
1994-07-18,4.5,4.58,4.5,4.5,1768,801122.88,1.71,0.35,-3.85,-0.18
1994-07-19,4.5,4.58,4.37,4.51,1814,807080.06,4.67,0.35,0.22,0.01
1994-07-20,4.51,4.55,4.45,4.45,1808,811612.06,2.22,0.35,-1.33,-0.06
1994-07-21,4.37,4.6,4.37,4.44,1893,837040.25,5.17,0.37,-0.22,-0.01
1994-07-22,4.42,4.57,4.4,4.42,2422,1085554.75,3.83,0.47,-0.45,-0.02
1994-07-25,4.4,4.65,4.35,4.65,3816,1729423.62,6.79,0.75,5.2,0.23
1994-07-26,4.75,4.92,4.65,4.9,11302,5402782.5,5.81,2.21,5.38,0.25
1994-07-27,4.9,4.99,4.51,4.64,9673,4666131.5,9.8,1.89,-5.31,-0.26
1994-07-28,4.62,4.63,4.35,4.35,5074,2263103.25,6.03,0.99,-6.25,-0.29
1994-07-29,4.3,4.35,4.25,4.3,3628,1559917.12,2.3,0.71,-1.15,-0.05
1994-08-01,5.3,6.03,4.88,6.0,22311,12340325.0,26.74,4.36,39.53,1.7
1994-08-02,6.13,6.6,5.51,5.8,30559,19024318.0,18.17,5.97,-3.33,-0.2
1994-08-03,5.8,6.75,5.7,6.7,28508,17742536.0,18.1,5.57,15.52,0.9
1994-08-04,7.1,7.3,6.4,6.6,48120,33261084.0,13.43,9.4,-1.49,-0.1
1994-08-05,6.8,7.3,6.7,7.3,26834,18813474.0,9.09,5.24,10.61,0.7
1994-08-08,7.5,7.55,6.95,7.16,34773,25070538.0,8.22,6.8,-1.92,-0.14
1994-08-09,7.05,7.05,6.65,6.7,17198,11818915.0,5.59,3.36,-6.42,-0.46
1994-08-10,6.6,7.45,6.6,7.45,27292,19209904.0,12.69,5.33,11.19,0.75
1994-08-11,7.8,7.86,6.9,7.2,41560,31622778.0,12.89,8.12,-3.36,-0.25
1994-08-12,7.1,7.4,7.01,7.17,16173,11674078.0,5.42,3.16,-0.42,-0.03
1994-08-15,6.95,7.2,5.9,6.99,10908,7597153.5,18.13,2.13,-2.51,-0.18
1994-08-16,7.0,7.28,6.95,7.08,10252,7298844.5,4.72,2.0,1.29,0.09
1994-08-17,7.08,7.25,7.08,7.2,5370,3829959.25,2.4,1.05,1.69,0.12
1994-08-18,7.28,7.6,7.19,7.43,22942,16996402.0,5.69,4.48,3.19,0.23
1994-08-19,7.35,7.43,7.06,7.19,19832,14420561.0,4.98,3.88,-3.23,-0.24
1994-08-22,7.0,7.12,6.9,6.97,9909,6945869.5,3.06,1.94,-3.06,-0.22
1994-08-23,6.95,7.1,6.8,7.06,5838,4041892.5,4.3,1.14,1.29,0.09
1994-08-24,7.15,7.15,6.85,6.92,5521,3858943.0,4.25,1.08,-1.98,-0.14
1994-08-25,6.9,6.9,6.73,6.75,6719,4556418.5,2.46,1.31,-2.46,-0.17
1994-08-26,6.75,6.85,6.55,6.63,5417,3620121.25,4.44,1.06,-1.78,-0.12
1994-08-29,6.58,6.75,6.18,6.2,7683,5013501.5,8.6,1.5,-6.49,-0.43
1994-08-30,6.05,6.6,6.05,6.35,10448,6599996.0,8.87,2.04,2.42,0.15
1994-08-31,6.41,6.48,6.11,6.45,9762,6078250.0,5.83,1.91,1.57,0.1
1994-09-01,6.55,6.9,6.5,6.74,22750,15334222.0,6.2,4.45,4.5,0.29
1994-09-02,6.74,7.16,6.74,7.15,20667,14522816.0,6.23,4.04,6.08,0.41
1994-09-05,7.5,9.3,7.5,9.28,62271,51622220.0,25.17,12.17,29.79,2.13
1994-09-06,9.9,10.45,9.5,10.2,66568,66830280.0,10.24,13.01,9.91,0.92
1994-09-07,10.35,10.4,9.2,9.32,43444,42453076.0,11.76,8.49,-8.63,-0.88
1994-09-08,9.2,9.9,9.2,9.9,31411,30074294.0,7.51,6.14,6.22,0.58
1994-09-09,10.2,10.42,9.5,9.6,47482,48053544.0,9.29,9.28,-3.03,-0.3
1994-09-12,10.2,10.2,9.7,10.01,22043,21993042.0,5.21,4.31,4.27,0.41
1994-09-13,10.2,10.3,9.7,9.85,27965,27973172.0,5.99,5.47,-1.6,-0.16
1994-09-14,9.98,9.98,9.41,9.65,15165,14602137.0,5.79,2.96,-2.03,-0.2
1994-09-15,9.4,9.55,9.35,9.45,9694,9186434.0,2.07,1.89,-2.07,-0.2
1994-09-16,9.75,9.9,9.51,9.8,18479,18011182.0,4.13,3.61,3.7,0.35
1994-09-19,8.8,9.85,8.38,9.74,13783,13367786.0,15.0,2.69,-0.61,-0.06
1994-09-20,7.5,7.56,7.2,7.32,15738,11578333.0,3.7,2.47,-24.85,-2.42
1994-09-21,7.32,7.8,7.32,7.7,10808,8174178.5,6.56,1.7,5.19,0.38
1994-09-22,7.93,7.98,7.45,7.65,16742,13045287.0,6.88,2.63,-0.65,-0.05
1994-09-23,7.5,7.5,7.22,7.38,9134,6725428.0,3.66,1.43,-3.53,-0.27
1994-09-26,7.11,7.41,7.11,7.32,6088,4429021.0,4.07,0.96,-0.81,-0.06
1994-09-27,7.35,7.42,7.01,7.33,13208,9523221.0,5.6,2.07,0.14,0.01
1994-09-28,7.3,7.6,7.03,7.49,22417,16552661.0,7.78,3.52,2.18,0.16
1994-09-29,7.6,7.65,5.8,6.9,15244,10934351.0,24.7,2.39,-7.88,-0.59
1994-09-30,6.8,6.8,6.1,6.27,16696,10505429.0,10.14,2.62,-9.13,-0.63
1994-10-05,6.0,6.1,5.3,5.4,16030,9122967.0,12.76,2.52,-13.88,-0.87
1994-10-06,5.4,5.85,5.05,5.1,11714,6404209.5,14.81,1.84,-5.56,-0.3
1994-10-07,5.1,5.7,4.4,5.5,19562,9801469.0,25.49,3.07,7.84,0.4
1994-10-10,5.5,5.6,5.0,5.15,12737,6650170.0,10.91,2.0,-6.36,-0.35
1994-10-11,5.08,5.38,5.01,5.22,7623,3974530.5,7.18,1.2,1.36,0.07
1994-10-12,5.22,5.3,5.15,5.22,5584,2918271.5,2.87,0.88,0.0,0.0
1994-10-13,5.22,5.28,4.85,4.9,6736,3408531.5,8.24,1.06,-6.13,-0.32
1994-10-14,4.75,5.5,4.55,5.1,9166,4534078.5,19.39,1.44,4.08,0.2
1994-10-17,5.0,5.0,4.75,4.77,4743,2308681.25,4.9,0.74,-6.47,-0.33
1994-10-18,4.8,4.9,4.75,4.8,4888,2345191.5,3.14,0.77,0.63,0.03
1994-10-19,4.8,4.98,4.8,4.9,4325,2131381.5,3.75,0.68,2.08,0.1
1994-10-20,5.0,5.26,4.96,5.25,10240,5192778.5,6.12,1.61,7.14,0.35
1994-10-21,5.3,5.39,4.92,4.94,11464,5960889.5,8.95,1.8,-5.9,-0.31
1994-10-24,5.0,5.38,5.0,5.35,18884,9846141.0,7.69,2.96,8.3,0.41
1994-10-25,5.45,5.6,5.12,5.15,22635,12101709.0,8.97,3.55,-3.74,-0.2
1994-10-26,5.15,5.25,5.08,5.15,7716,3980813.75,3.3,1.21,0.0,0.0
1994-10-27,5.2,5.25,5.12,5.22,2988,1547680.12,2.52,0.47,1.36,0.07
1994-10-28,5.23,5.25,5.08,5.08,5059,2591122.0,3.26,0.79,-2.68,-0.14
1994-10-31,5.08,5.08,4.9,4.9,3484,1720253.12,3.54,0.55,-3.54,-0.18
1994-11-01,4.9,5.01,4.9,4.98,1493,739505.12,2.24,0.23,1.63,0.08
1994-11-02,5.0,5.01,4.9,4.95,1286,640337.88,2.21,0.2,-0.6,-0.03
1994-11-03,5.0,5.2,5.0,5.13,4269,2185408.75,4.04,0.67,3.64,0.18
1994-11-04,5.23,5.23,4.92,4.95,3211,1613639.0,6.04,0.5,-3.51,-0.18
1994-11-07,4.9,4.94,4.8,4.92,1892,922548.81,2.83,0.3,-0.61,-0.03
1994-11-08,4.9,5.12,4.9,5.03,5067,2562917.0,4.47,0.8,2.24,0.11
1994-11-09,5.03,5.1,4.92,5.06,2644,1331310.12,3.58,0.42,0.6,0.03
1994-11-10,5.1,5.15,5.0,5.0,4443,2255551.5,2.96,0.7,-1.19,-0.06
1994-11-11,5.0,5.1,5.0,5.1,2323,1173557.88,2.0,0.36,2.0,0.1
1994-11-14,5.2,5.25,5.05,5.18,7517,3849771.75,3.92,1.18,1.57,0.08
1994-11-15,5.18,5.18,5.1,5.11,3356,1718275.75,1.54,0.53,-1.35,-0.07
1994-11-16,5.1,5.1,5.02,5.1,1434,726511.12,1.57,0.23,-0.2,-0.01
1994-11-17,5.02,5.11,5.02,5.04,1763,894434.12,1.76,0.28,-1.18,-0.06
1994-11-18,5.03,5.06,4.97,5.05,2056,1030131.25,1.79,0.32,0.2,0.01
1994-11-21,5.05,5.05,5.0,5.02,560,281048.97,0.99,0.09,-0.59,-0.03
1994-11-22,5.06,5.06,4.97,4.97,836,418134.97,1.79,0.13,-1.0,-0.05
1994-11-23,4.95,5.0,4.9,4.94,560,276161.94,2.01,0.09,-0.6,-0.03
1994-11-24,4.91,4.95,4.88,4.9,1110,544665.06,1.42,0.17,-0.81,-0.04
1994-11-25,4.99,5.0,4.92,4.92,855,424371.91,1.63,0.13,0.41,0.02
1994-11-28,5.0,5.1,4.9,4.95,892,441530.0,4.07,0.14,0.61,0.03
1994-11-29,4.95,4.98,4.8,4.98,772,377988.97,3.64,0.12,0.61,0.03
1994-11-30,4.98,4.99,4.85,4.92,1305,645981.0,2.81,0.2,-1.2,-0.06
1994-12-01,4.92,4.98,4.91,4.93,898,443461.91,1.42,0.14,0.2,0.01
1994-12-02,4.95,4.98,4.93,4.95,1276,633000.0,1.01,0.2,0.41,0.02
1994-12-05,4.95,4.95,4.81,4.83,1531,745449.94,2.83,0.24,-2.42,-0.12
1994-12-06,4.75,4.8,4.71,4.73,1821,862814.62,1.86,0.29,-2.07,-0.1
1994-12-07,4.75,4.83,4.72,4.78,845,403336.97,2.33,0.13,1.06,0.05
1994-12-08,4.78,4.78,4.68,4.7,477,225224.0,2.09,0.07,-1.67,-0.08
1994-12-09,4.7,4.7,4.58,4.62,1774,818253.5,2.55,0.28,-1.7,-0.08
1994-12-12,4.6,4.6,4.5,4.51,825,373957.97,2.16,0.13,-2.38,-0.11
1994-12-13,4.5,4.6,4.4,4.55,3219,1461714.12,4.43,0.51,0.89,0.04
1994-12-14,4.55,4.6,4.45,4.47,1580,709063.88,3.3,0.25,-1.76,-0.08
1994-12-15,4.4,5.05,4.4,5.03,6623,3154954.0,14.54,1.04,12.53,0.56
1994-12-16,5.03,5.25,4.75,4.94,15784,7945163.5,9.94,2.48,-1.79,-0.09
1994-12-19,4.9,5.04,4.75,4.76,4279,2079505.75,5.87,0.67,-3.64,-0.18
1994-12-20,4.73,5.15,4.62,5.11,13599,6711805.0,11.13,2.13,7.35,0.35
1994-12-21,4.9,5.1,4.88,4.91,14533,7269520.0,4.31,2.28,-3.91,-0.2
1994-12-22,4.91,4.91,4.6,4.78,4240,2011624.75,6.31,0.67,-2.65,-0.13
1994-12-23,4.78,4.78,4.65,4.68,2237,1052394.75,2.72,0.35,-2.09,-0.1
1994-12-26,4.68,4.68,4.55,4.62,2279,1048438.75,2.78,0.36,-1.28,-0.06
1994-12-27,4.61,4.65,4.55,4.6,954,439257.97,2.16,0.15,-0.43,-0.02
1994-12-28,4.58,4.69,4.58,4.65,1113,515727.88,2.39,0.17,1.09,0.05
1994-12-29,4.6,4.65,4.6,4.63,1527,707338.81,1.08,0.24,-0.43,-0.02
1994-12-30,4.63,4.82,4.63,4.74,2606,1232611.12,4.1,0.41,2.38,0.11
1995-01-03,4.6,4.65,4.58,4.65,952,439079.0,1.48,0.15,-1.9,-0.09
1995-01-04,4.65,4.78,4.6,4.75,1260,592956.0,3.87,0.2,2.15,0.1
1995-01-05,4.78,4.82,4.7,4.7,2769,1312505.88,2.53,0.43,-1.05,-0.05
1995-01-06,4.7,4.72,4.65,4.7,696,326702.38,1.49,0.11,0.0,0.0
1995-01-09,4.6,4.66,4.58,4.6,966,445132.78,1.7,0.15,-2.13,-0.1
1995-01-10,4.5,4.55,4.42,4.5,1665,748251.0,2.83,0.26,-2.17,-0.1
1995-01-11,4.5,4.58,4.5,4.5,692,312507.19,1.78,0.11,0.0,0.0
1995-01-12,4.5,4.6,4.43,4.44,1181,529324.19,3.78,0.19,-1.33,-0.06
1995-01-13,4.41,4.5,4.35,4.38,1799,792279.56,3.38,0.28,-1.35,-0.06
1995-01-16,4.3,4.3,4.2,4.22,1887,801597.62,2.28,0.3,-3.65,-0.16
1995-01-17,4.28,4.3,4.18,4.19,1390,587692.0,2.84,0.22,-0.71,-0.03
1995-01-18,4.18,4.27,4.18,4.26,899,380277.0,2.15,0.14,1.67,0.07
1995-01-19,4.26,4.28,4.13,4.13,1581,661806.62,3.52,0.25,-3.05,-0.13
1995-01-20,4.13,4.2,4.09,4.13,1660,686576.0,2.66,0.26,0.0,0.0
1995-01-23,4.13,4.13,4.01,4.07,872,355950.44,2.91,0.14,-1.45,-0.06
1995-01-24,4.05,4.13,4.05,4.1,762,311353.19,1.97,0.12,0.74,0.03
1995-01-25,4.15,4.2,4.15,4.19,1705,712008.0,1.22,0.27,2.2,0.09
1995-01-26,4.19,4.19,4.1,4.13,731,303218.81,2.15,0.11,-1.43,-0.06
1995-01-27,4.13,4.22,4.12,4.2,2026,845652.38,2.42,0.32,1.69,0.07
1995-02-13,4.02,4.14,4.02,4.1,1766,719821.56,2.86,0.28,-2.38,-0.1
1995-02-14,4.13,4.19,4.1,4.15,620,256928.0,2.2,0.1,1.22,0.05
1995-02-15,4.13,4.21,4.13,4.17,1064,442836.81,1.93,0.17,0.48,0.02
1995-02-16,4.18,4.19,4.15,4.17,490,204428.0,0.96,0.08,0.0,0.0
1995-02-17,4.17,4.18,4.13,4.17,458,190711.2,1.2,0.07,0.0,0.0
1995-02-20,4.23,4.25,4.19,4.21,1170,493506.0,1.44,0.18,0.96,0.04
1995-02-21,4.18,4.3,4.15,4.26,769,325287.0,3.56,0.12,1.19,0.05
1995-02-22,4.26,4.95,4.24,4.73,4172,1911610.25,16.67,0.65,11.03,0.47
1995-02-23,4.71,4.71,4.4,4.52,5682,2597810.5,6.55,0.89,-4.44,-0.21
1995-02-24,4.58,4.58,4.35,4.4,3396,1515295.12,5.09,0.53,-2.65,-0.12
1995-02-27,4.76,5.0,4.5,4.54,11878,5544650.5,11.36,1.86,3.18,0.14
1995-02-28,4.48,4.5,4.35,4.43,2673,1186277.38,3.3,0.42,-2.42,-0.11
1995-03-01,4.45,4.5,4.4,4.46,1590,708186.0,2.26,0.25,0.68,0.03
1995-03-02,4.5,4.5,4.4,4.43,1096,487939.22,2.24,0.17,-0.67,-0.03
1995-03-03,4.43,4.58,4.4,4.51,3303,1481725.88,4.06,0.52,1.81,0.08
1995-03-06,4.51,4.64,4.51,4.64,4958,2274730.25,2.88,0.78,2.88,0.13
1995-03-07,4.7,4.8,4.54,4.72,7781,3653957.75,5.6,1.22,1.72,0.08
1995-03-08,4.72,4.8,4.6,4.69,5735,2695450.0,4.24,0.9,-0.64,-0.03
1995-03-09,4.69,4.69,4.54,4.55,2564,1180465.62,3.2,0.4,-2.99,-0.14
1995-03-10,4.55,4.55,4.45,4.46,2447,1099681.75,2.2,0.38,-1.98,-0.09
1995-03-13,4.6,4.7,4.35,4.46,2664,1202529.62,7.85,0.42,0.0,0.0
1995-03-14,4.45,4.54,4.42,4.46,880,393008.0,2.69,0.14,0.0,0.0
1995-03-15,4.46,4.48,4.35,4.39,1266,558812.38,2.91,0.2,-1.57,-0.07
1995-03-16,4.39,4.42,4.35,4.42,613,269720.0,1.59,0.1,0.68,0.03
1995-03-17,4.38,4.5,4.1,4.48,2872,1260233.62,9.05,0.45,1.36,0.06
1995-03-20,4.5,4.5,4.37,4.39,1679,743797.0,2.9,0.26,-2.01,-0.09
1995-03-21,4.37,4.4,4.31,4.39,601,262757.19,2.05,0.09,0.0,0.0
1995-03-22,4.42,4.48,4.4,4.48,953,424275.62,1.82,0.15,2.05,0.09
1995-03-23,4.5,4.5,4.41,4.46,924,412658.41,2.01,0.15,-0.45,-0.02
1995-03-24,4.48,4.48,4.39,4.45,1210,538450.0,2.02,0.19,-0.22,-0.01
1995-03-27,4.47,4.5,4.42,4.5,1620,725436.0,1.8,0.25,1.12,0.05
1995-03-28,4.5,4.5,4.4,4.45,921,410766.0,2.22,0.14,-1.11,-0.05
1995-03-29,4.4,4.5,4.4,4.47,2806,1248108.75,2.25,0.44,0.45,0.02
1995-03-30,4.47,4.52,4.43,4.44,1492,665432.0,2.01,0.23,-0.67,-0.03
1995-03-31,4.36,4.6,3.64,4.56,5749,2497365.5,21.62,0.9,2.7,0.12
1995-04-03,4.56,4.65,4.52,4.6,3583,1644065.0,2.85,0.56,0.88,0.04
1995-04-04,4.51,4.59,4.51,4.59,1172,531533.0,1.74,0.18,-0.22,-0.01
1995-04-05,4.56,4.59,4.5,4.51,747,338829.0,1.96,0.12,-1.74,-0.08
1995-04-06,4.52,4.55,4.48,4.52,1012,456131.0,1.55,0.16,0.22,0.01
1995-04-07,4.5,4.62,4.5,4.57,2534,1155314.0,2.65,0.4,1.11,0.05
1995-04-10,4.6,4.66,4.52,4.55,2670,1230365.0,3.06,0.42,-0.44,-0.02
1995-04-11,4.55,4.55,4.38,4.42,2392,1061986.0,3.74,0.38,-2.86,-0.13
1995-04-12,4.4,4.45,4.38,4.45,1223,539096.0,1.58,0.19,0.68,0.03
1995-04-13,4.5,4.5,4.4,4.4,862,383326.0,2.25,0.14,-1.12,-0.05
1995-04-14,4.02,4.48,4.02,4.41,2057,894662.0,10.45,0.32,0.23,0.01
1995-04-17,4.45,4.45,4.36,4.38,1196,526365.0,2.04,0.19,-0.68,-0.03
1995-04-18,4.4,4.4,4.35,4.36,702,307452.0,1.14,0.11,-0.46,-0.02
1995-04-19,4.35,4.39,4.35,4.38,959,418151.0,0.92,0.15,0.46,0.02
1995-04-20,4.4,4.4,4.3,4.35,1587,686871.0,2.28,0.25,-0.68,-0.03
1995-04-21,4.38,4.38,4.3,4.3,1434,620280.0,1.84,0.23,-1.15,-0.05
1995-04-24,4.25,4.27,4.15,4.15,1013,424645.0,2.79,0.16,-3.49,-0.15
1995-04-25,4.1,4.1,4.02,4.1,1168,475256.0,1.93,0.18,-1.2,-0.05
1995-04-26,4.11,4.12,3.96,3.97,1376,552410.0,3.9,0.22,-3.17,-0.13
1995-04-27,4.3,4.3,3.5,3.72,3729,1410004.0,20.15,0.59,-6.3,-0.25
1995-04-28,3.72,3.9,3.72,3.85,2540,973435.0,4.84,0.4,3.49,0.13
1995-05-02,3.85,3.85,3.7,3.73,1264,471271.0,3.9,0.2,-3.12,-0.12
1995-05-03,3.72,3.75,3.72,3.75,1010,377662.0,0.8,0.16,0.54,0.02
1995-05-04,3.75,3.75,3.7,3.73,1133,421279.0,1.33,0.18,-0.53,-0.02
1995-05-05,3.7,3.75,3.7,3.73,472,175738.0,1.34,0.07,0.0,0.0
1995-05-08,3.73,3.75,3.72,3.74,528,196924.0,0.8,0.08,0.27,0.01
1995-05-09,3.78,3.78,3.75,3.77,612,230320.0,0.8,0.1,0.8,0.03
1995-05-10,3.8,3.82,3.68,3.68,1310,492246.0,3.71,0.21,-2.39,-0.09
1995-05-11,3.78,3.78,3.7,3.71,763,283309.0,2.17,0.12,0.82,0.03
1995-05-12,3.74,3.85,3.72,3.82,2155,818759.0,3.5,0.34,2.96,0.11
1995-05-15,3.8,3.8,3.72,3.79,537,201629.0,2.09,0.08,-0.79,-0.03
1995-05-16,3.76,3.8,3.72,3.73,262,98044.0,2.11,0.04,-1.58,-0.06
1995-05-17,3.71,3.78,3.71,3.75,714,266692.0,1.88,0.11,0.54,0.02
1995-05-18,4.5,5.08,4.3,4.7,21718,10207874.0,20.8,3.41,25.33,0.95
1995-05-19,4.65,4.83,4.5,4.8,17929,8502688.0,7.02,2.81,2.13,0.1
1995-05-22,5.0,5.28,4.83,5.0,25856,13058662.0,9.38,4.06,4.17,0.2
1995-05-23,4.72,4.72,3.9,4.03,17184,7495505.0,16.4,2.7,-19.4,-0.97
1995-05-24,4.03,4.25,3.85,4.01,6264,2512535.0,9.93,0.98,-0.5,-0.02
1995-05-25,4.1,4.1,3.87,3.87,3774,1506588.0,5.74,0.59,-3.49,-0.14
1995-05-26,3.85,6.5,3.78,4.15,8670,3695518.0,70.28,1.36,7.24,0.28
1995-05-29,4.15,4.2,4.05,4.15,3339,1376722.0,3.61,0.52,0.0,0.0
1995-05-30,4.15,4.17,4.05,4.11,2054,846925.0,2.89,0.32,-0.96,-0.04
1995-05-31,4.0,4.18,3.99,4.18,1632,660962.0,4.62,0.26,1.7,0.07
1995-06-01,4.13,4.2,4.05,4.13,1403,578441.0,3.59,0.22,-1.2,-0.05
1995-06-02,4.15,4.15,4.08,4.1,1192,488987.0,1.69,0.19,-0.73,-0.03
1995-06-05,4.1,4.1,3.95,3.96,1781,714424.0,3.66,0.28,-3.41,-0.14
1995-06-06,4.15,4.15,3.89,3.93,2275,896958.0,6.57,0.36,-0.76,-0.03
1995-06-07,3.95,4.04,3.9,4.02,1428,560632.0,3.56,0.22,2.29,0.09
1995-06-08,4.05,4.05,3.9,3.9,1360,538767.0,3.73,0.21,-2.99,-0.12
1995-06-09,3.95,4.0,3.9,3.91,1402,548279.0,2.56,0.22,0.26,0.01
1995-06-12,3.91,3.91,3.85,3.87,1396,540000.0,1.53,0.22,-1.02,-0.04
1995-06-13,3.81,3.9,3.81,3.88,504,195080.0,2.33,0.08,0.26,0.01
1995-06-14,3.87,4.0,3.85,3.88,2346,912467.0,3.87,0.37,0.0,0.0
1995-06-15,3.9,3.9,3.61,3.68,2346,863749.0,7.47,0.37,-5.15,-0.2
1995-06-16,3.68,3.71,3.58,3.66,1514,553837.0,3.53,0.24,-0.54,-0.02
1995-06-19,3.62,3.65,3.6,3.62,722,260903.0,1.37,0.11,-1.09,-0.04
1995-06-20,3.62,3.75,3.62,3.63,830,305537.0,3.59,0.13,0.28,0.01
1995-06-21,3.62,3.68,3.62,3.66,460,167859.0,1.65,0.07,0.83,0.03
1995-06-22,3.66,3.67,3.64,3.64,413,150922.0,0.82,0.06,-0.55,-0.02
1995-06-23,3.64,3.69,3.64,3.65,545,199171.0,1.37,0.09,0.27,0.01
1995-06-26,3.65,3.68,3.64,3.68,877,320853.0,1.1,0.14,0.82,0.03
1995-06-27,3.68,3.71,3.65,3.66,891,328188.0,1.63,0.14,-0.54,-0.02
1995-06-28,3.7,3.7,3.6,3.63,802,291819.0,2.73,0.13,-0.82,-0.03
1995-06-29,3.64,3.64,3.58,3.61,876,316554.0,1.65,0.14,-0.55,-0.02
1995-06-30,3.6,3.68,3.56,3.68,1087,392219.0,3.32,0.17,1.94,0.07
1995-07-03,3.61,3.61,3.55,3.56,811,289939.0,1.63,0.13,-3.26,-0.12
1995-07-04,3.55,3.63,3.54,3.56,619,220244.0,2.53,0.1,0.0,0.0
1995-07-05,3.55,3.59,3.55,3.57,497,176859.0,1.12,0.08,0.28,0.01
1995-07-06,3.54,3.6,3.54,3.55,1244,444356.0,1.68,0.2,-0.56,-0.02
1995-07-07,3.6,3.6,3.53,3.6,1782,636542.0,1.97,0.28,1.41,0.05
1995-07-10,3.65,3.65,3.58,3.6,2143,772909.0,1.94,0.34,0.0,0.0
1995-07-11,3.68,3.8,3.61,3.67,6988,2594000.0,5.28,1.1,1.94,0.07
1995-07-12,3.75,3.75,3.62,3.67,1605,587975.0,3.54,0.25,0.0,0.0
1995-07-13,3.51,3.72,3.51,3.67,1693,619722.0,5.72,0.27,0.0,0.0
1995-07-14,3.73,3.73,3.64,3.66,1124,413179.0,2.45,0.18,-0.27,-0.01
1995-07-17,3.6,3.75,3.6,3.73,4612,1708829.0,4.1,0.72,1.91,0.07
1995-07-18,3.68,3.75,3.64,3.66,1950,716472.0,2.95,0.31,-1.88,-0.07
1995-07-19,3.75,3.75,3.62,3.64,2322,853730.0,3.55,0.36,-0.55,-0.02
1995-07-20,3.6,3.75,3.6,3.73,2275,838381.0,4.12,0.36,2.47,0.09
1995-07-21,3.72,3.73,3.66,3.71,2919,1080960.0,1.88,0.46,-0.54,-0.02
1995-07-25,3.95,3.98,3.8,3.8,3817,1460744.0,4.85,0.6,2.43,0.09
1995-07-26,3.8,3.85,3.71,3.72,2583,973642.0,3.68,0.41,-2.11,-0.08
1995-07-27,3.67,3.71,3.67,3.7,1314,485186.0,1.08,0.21,-0.54,-0.02
1995-07-28,3.69,3.7,3.66,3.68,1149,422282.0,1.08,0.18,-0.54,-0.02
1995-07-31,3.7,3.7,3.68,3.69,540,199229.0,0.54,0.08,0.27,0.01
1995-08-01,3.68,3.72,3.66,3.72,1574,581900.0,1.63,0.25,0.81,0.03
1995-08-02,3.73,3.75,3.7,3.7,1780,661938.0,1.34,0.28,-0.54,-0.02
1995-08-03,3.68,3.77,3.66,3.73,838,312324.0,2.97,0.13,0.81,0.03
1995-08-07,3.73,3.86,3.73,3.86,4377,1664860.0,3.49,0.69,3.49,0.13
1995-08-08,3.89,3.97,3.85,3.86,10944,4278295.0,3.11,1.72,0.0,0.0
1995-08-09,3.83,3.86,3.8,3.85,2205,843722.0,1.55,0.35,-0.26,-0.01
1995-08-10,3.85,3.86,3.81,3.84,3508,1345998.0,1.3,0.55,-0.26,-0.01
1995-08-11,3.84,3.97,3.81,3.89,5074,1962729.0,4.17,0.8,1.3,0.05
1995-08-14,3.95,4.11,3.95,4.05,14457,5782857.0,4.11,2.27,4.11,0.16
1995-08-15,4.05,4.05,3.93,3.95,7434,2965254.0,2.96,1.17,-2.47,-0.1
1995-08-16,3.95,3.97,3.91,3.95,3202,1260673.0,1.52,0.5,0.0,0.0
1995-08-17,3.98,4.1,3.98,4.01,9449,3815210.0,3.04,1.48,1.52,0.06
1995-08-18,4.01,4.6,3.98,4.25,19067,8175998.0,15.46,2.99,5.99,0.24
1995-08-21,4.25,4.35,4.1,4.14,9562,4032485.0,5.88,1.5,-2.59,-0.11
1995-08-22,4.1,4.19,4.06,4.1,7191,2963648.0,3.14,1.13,-0.97,-0.04
1995-08-23,4.06,4.13,4.02,4.06,4465,1817211.0,2.68,0.7,-0.98,-0.04
1995-08-24,4.04,4.1,3.95,4.03,2656,1067124.0,3.69,0.42,-0.74,-0.03
1995-08-25,4.1,4.1,3.97,3.98,3398,1373126.0,3.23,0.53,-1.24,-0.05
1995-08-28,3.92,3.98,3.9,3.92,1559,610562.0,2.01,0.24,-1.51,-0.06
1995-08-29,3.95,3.98,3.85,3.85,1487,579607.0,3.32,0.23,-1.79,-0.07
1995-08-30,3.9,3.92,3.84,3.86,1744,675699.0,2.08,0.27,0.26,0.01
1995-08-31,3.92,4.01,3.92,3.95,3294,1300499.0,2.33,0.52,2.33,0.09
1995-09-04,4.0,4.02,3.96,4.0,2626,1048205.0,1.52,0.41,1.27,0.05
1995-09-05,4.0,4.02,3.96,3.99,2975,1187979.0,1.5,0.47,-0.25,-0.01
1995-09-06,4.02,4.02,3.96,4.02,1333,532000.0,1.5,0.21,0.75,0.03
1995-09-07,4.04,4.08,3.97,3.97,2474,987616.0,2.74,0.39,-1.24,-0.05
1995-09-08,3.97,3.98,3.94,3.95,1466,581130.0,1.01,0.23,-0.5,-0.02
1995-09-11,3.96,4.0,3.95,3.99,1304,518129.0,1.27,0.2,1.01,0.04
1995-09-12,4.02,4.12,3.98,3.99,3854,1545882.0,3.51,0.61,0.0,0.0
1995-09-13,3.99,4.0,3.97,3.99,1718,685649.0,0.75,0.27,0.0,0.0
1995-09-14,4.0,4.05,3.99,4.01,2506,1008631.0,1.5,0.39,0.5,0.02
1995-09-15,3.98,4.05,3.98,4.01,1867,748442.0,1.75,0.29,0.0,0.0
1995-09-18,4.01,4.03,4.0,4.01,1449,580675.0,0.75,0.23,0.0,0.0
1995-09-19,4.0,4.02,3.9,3.91,1940,770311.0,2.99,0.3,-2.49,-0.1
1995-09-20,3.9,3.91,3.8,3.84,1687,650545.0,2.81,0.26,-1.79,-0.07
1995-09-21,3.81,3.89,3.81,3.88,836,322813.0,2.08,0.13,1.04,0.04
1995-09-22,3.86,3.92,3.85,3.88,1464,568731.0,1.8,0.23,0.0,0.0
1995-09-25,4.0,4.1,3.9,4.04,8145,3291619.0,5.15,1.28,4.12,0.16
1995-09-26,4.05,4.08,3.95,3.98,2079,830632.0,3.22,0.33,-1.49,-0.06
1995-09-27,3.99,3.99,3.88,3.88,2035,794033.0,2.76,0.32,-2.51,-0.1
1995-09-28,3.88,3.91,3.85,3.91,1728,669982.0,1.55,0.27,0.77,0.03
1995-09-29,3.88,3.99,3.88,3.97,1678,659070.0,2.81,0.26,1.53,0.06
1995-10-04,3.95,3.96,3.91,3.93,927,364263.0,1.26,0.15,-1.01,-0.04
1995-10-05,3.9,3.93,3.9,3.93,803,313911.0,0.76,0.13,0.0,0.0
1995-10-06,3.9,3.91,3.88,3.89,693,269470.0,0.76,0.11,-1.02,-0.04
1995-10-09,3.9,3.9,3.82,3.83,1043,401097.0,2.06,0.16,-1.54,-0.06
1995-10-10,3.83,3.87,3.78,3.79,1207,460005.0,2.35,0.19,-1.04,-0.04
1995-10-11,3.8,3.8,3.7,3.76,946,353993.0,2.64,0.15,-0.79,-0.03
1995-10-12,3.76,3.78,3.71,3.74,1539,575330.0,1.86,0.24,-0.53,-0.02
1995-10-13,3.72,3.8,3.71,3.8,733,274298.0,2.41,0.12,1.6,0.06
1995-10-16,3.73,3.82,3.73,3.82,1047,395802.0,2.37,0.16,0.53,0.02
1995-10-17,3.82,3.84,3.79,3.8,712,271224.0,1.31,0.11,-0.52,-0.02
1995-10-18,3.83,3.83,3.8,3.83,1218,464831.0,0.79,0.19,0.79,0.03
1995-10-19,3.88,3.88,3.78,3.79,1470,561202.0,2.61,0.23,-1.04,-0.04
1995-10-20,3.76,4.03,3.75,4.0,4834,1897375.0,7.39,0.76,5.54,0.21
1995-10-23,4.01,4.01,3.9,3.95,4910,1945799.0,2.75,0.77,-1.25,-0.05
1995-10-24,3.95,3.99,3.91,3.99,2579,1016305.0,2.03,0.4,1.01,0.04
1995-10-25,4.06,4.5,4.03,4.13,11185,4637509.0,11.78,1.76,3.51,0.14
1995-10-26,4.06,4.1,4.0,4.03,4692,1903199.0,2.42,0.74,-2.42,-0.1
1995-10-27,4.0,4.0,3.9,3.91,1762,691663.0,2.48,0.28,-2.98,-0.12
1995-10-30,3.88,4.1,3.84,3.95,3367,1340101.0,6.65,0.53,1.02,0.04
1995-10-31,3.9,3.93,3.87,3.88,897,349440.0,1.52,0.14,-1.77,-0.07
1995-11-01,3.88,3.91,3.82,3.86,1328,514749.0,2.32,0.21,-0.52,-0.02
1995-11-02,3.85,3.88,3.82,3.85,1075,413388.0,1.55,0.17,-0.26,-0.01
1995-11-03,3.86,4.05,3.86,3.9,841,327501.0,4.94,0.13,1.3,0.05
1995-11-06,3.89,3.96,3.85,3.93,2973,1155999.0,2.82,0.47,0.77,0.03
1995-11-07,3.9,3.9,3.86,3.88,1511,585772.0,1.02,0.24,-1.27,-0.05
1995-11-08,3.85,3.86,3.82,3.85,1449,556042.0,1.03,0.23,-0.77,-0.03
1995-11-09,3.91,3.91,3.8,3.83,1442,549916.0,2.86,0.23,-0.52,-0.02
1995-11-10,3.85,3.89,3.83,3.89,854,329899.0,1.57,0.13,1.57,0.06
1995-11-13,3.81,3.83,3.79,3.79,1144,435679.0,1.03,0.18,-2.57,-0.1
1995-11-14,3.82,3.82,3.75,3.77,972,367544.0,1.85,0.15,-0.53,-0.02
1995-11-15,3.75,3.85,3.75,3.8,1664,628538.0,2.65,0.26,0.8,0.03
1995-11-16,3.8,3.93,3.78,3.85,2244,866061.0,3.95,0.35,1.32,0.05
1995-11-17,3.95,3.98,3.9,3.94,101,3988363.0,2.08,0.02,2.34,0.09
1995-11-20,3.98,3.98,3.92,3.97,3173,1258256.0,1.52,0.5,0.76,0.03
1995-11-21,3.97,3.97,3.95,3.97,2450,970178.0,0.5,0.38,0.0,0.0
1995-11-22,3.97,4.0,3.9,3.9,2538,1005068.0,2.52,0.4,-1.76,-0.07
1995-11-23,3.9,3.93,3.88,3.9,2129,829700.0,1.28,0.33,0.0,0.0
1995-11-24,3.93,3.93,3.9,3.92,2337,913468.0,0.77,0.37,0.51,0.02
1995-11-27,3.91,3.93,3.88,3.88,2004,782002.69,1.28,0.31,-1.02,-0.04
1995-11-28,3.86,3.89,3.84,3.88,3212,1239215.75,1.29,0.5,0.0,0.0
1995-11-29,3.18,3.18,3.1,3.17,2554,804107.94,2.06,0.4,-18.3,-0.71
1995-11-30,3.18,3.18,3.1,3.11,1604,500421.78,2.52,0.25,-1.89,-0.06
1995-12-01,3.08,3.1,3.06,3.08,1750,539010.38,1.29,0.23,-0.96,-0.03
1995-12-04,3.04,3.14,3.04,3.1,1540,478191.41,3.25,0.2,0.65,0.02
1995-12-05,3.1,3.12,3.08,3.1,1059,328255.19,1.29,0.14,0.0,0.0
1995-12-06,3.15,3.15,3.1,3.1,1280,399223.09,1.61,0.17,0.0,0.0
1995-12-07,3.18,3.22,3.14,3.16,3383,1070568.75,2.58,0.44,1.94,0.06
1995-12-08,3.18,3.18,3.12,3.16,1651,522192.31,1.9,0.22,0.0,0.0
1995-12-11,3.18,3.18,3.1,3.1,1375,429352.0,2.53,0.18,-1.9,-0.06
1995-12-12,3.08,3.15,3.03,3.15,1823,557308.31,3.87,0.24,1.61,0.05
1995-12-13,3.07,3.1,3.04,3.07,835,257132.23,1.9,0.11,-2.54,-0.08
1995-12-14,3.14,3.14,3.05,3.06,1055,323888.5,2.93,0.14,-0.33,-0.01
1995-12-15,3.06,3.06,3.02,3.04,1616,491296.94,1.31,0.21,-0.65,-0.02
1995-12-18,3.01,3.01,2.96,2.97,1616,481945.81,1.64,0.21,-2.3,-0.07
1995-12-19,2.94,2.97,2.71,2.94,3206,943237.12,8.75,0.42,-1.01,-0.03
1995-12-20,2.95,3.0,2.93,2.96,2511,739334.75,2.38,0.33,0.68,0.02
1995-12-21,2.97,2.97,2.94,2.94,1545,456745.09,1.01,0.2,-0.68,-0.02
1995-12-22,2.92,2.94,2.9,2.92,853,249443.78,1.36,0.11,-0.68,-0.02
1995-12-25,2.89,2.9,2.82,2.85,1422,406245.53,2.74,0.19,-2.4,-0.07
1995-12-26,2.84,2.93,2.84,2.88,1490,433047.31,3.16,0.19,1.05,0.03
1995-12-27,2.88,2.91,2.86,2.91,1192,343287.78,1.74,0.16,1.04,0.03
1995-12-28,2.92,2.92,2.85,2.85,1376,396331.5,2.41,0.18,-2.06,-0.06
1995-12-29,2.88,2.88,2.85,2.86,1283,367382.44,1.05,0.17,0.35,0.01
1996-01-02,2.82,2.82,2.7,2.73,1346,368941.0,4.2,0.18,-4.55,-0.13
1996-01-03,2.73,2.76,2.7,2.75,1802,492326.0,2.2,0.24,0.73,0.02
1996-01-04,2.73,2.83,2.7,2.81,1174,324886.88,4.73,0.15,2.18,0.06
1996-01-05,2.83,2.85,2.73,2.73,1029,286246.59,4.27,0.13,-2.85,-0.08
1996-01-08,2.7,2.74,2.7,2.74,623,169348.2,1.47,0.08,0.37,0.01
1996-01-09,2.75,2.83,2.75,2.82,1407,393273.72,2.92,0.18,2.92,0.08
1996-01-10,2.78,2.78,2.73,2.78,2197,602751.81,1.77,0.29,-1.42,-0.04
1996-01-11,2.78,2.78,2.74,2.75,512,141375.5,1.44,0.07,-1.08,-0.03
1996-01-12,2.74,2.78,2.73,2.76,594,163796.88,1.82,0.08,0.36,0.01
1996-01-15,2.73,2.8,2.73,2.75,549,152353.8,2.54,0.07,-0.36,-0.01
1996-01-16,2.76,2.78,2.75,2.75,533,147109.0,1.09,0.07,0.0,0.0
1996-01-17,2.75,2.76,2.72,2.72,779,213641.2,1.45,0.1,-1.09,-0.03
1996-01-18,2.73,2.73,2.66,2.69,1667,450531.19,2.57,0.22,-1.1,-0.03
1996-01-19,2.69,2.72,2.65,2.7,1010,272421.12,2.6,0.13,0.37,0.01
1996-01-22,2.72,2.76,2.6,2.7,567,152419.16,5.93,0.07,0.0,0.0
1996-01-23,2.65,2.8,2.65,2.7,609,166838.45,5.56,0.08,0.0,0.0
1996-01-24,2.71,2.71,2.65,2.68,172,46282.26,2.22,0.02,-0.74,-0.02
1996-01-25,2.73,2.76,2.67,2.67,2580,703649.81,3.36,0.34,-0.37,-0.01
1996-01-26,2.66,2.79,2.65,2.73,2226,607203.88,5.24,0.29,2.25,0.06
1996-01-29,2.71,2.73,2.7,2.73,459,124662.6,1.1,0.06,0.0,0.0
1996-01-30,2.73,2.73,2.7,2.71,325,88432.0,1.1,0.04,-0.73,-0.02
1996-01-31,2.7,2.75,2.69,2.72,863,233766.0,2.21,0.11,0.37,0.01
1996-02-01,2.69,2.73,2.69,2.73,415,112658.54,1.47,0.05,0.37,0.01
1996-02-02,2.73,2.73,2.67,2.69,805,216834.19,2.2,0.11,-1.47,-0.04
1996-02-05,2.75,2.75,2.65,2.65,630,169266.81,3.72,0.08,-1.49,-0.04
1996-02-06,2.65,2.65,2.61,2.62,452,118861.68,1.51,0.06,-1.13,-0.03
1996-02-07,2.63,2.64,2.62,2.64,260,68357.9,0.76,0.03,0.76,0.02
1996-02-08,2.62,2.65,2.62,2.64,263,69527.42,1.14,0.03,0.0,0.0
1996-02-09,2.6,2.69,2.6,2.64,267,70394.0,3.41,0.03,0.0,0.0
1996-02-12,2.62,2.68,2.6,2.64,340,89670.18,3.03,0.04,0.0,0.0
1996-02-13,2.68,2.72,2.64,2.71,1289,347582.47,3.03,0.17,2.65,0.07
1996-02-14,2.68,2.75,2.67,2.68,1333,362086.19,2.95,0.17,-1.11,-0.03
1996-02-15,2.72,2.73,2.69,2.72,921,249393.7,1.49,0.12,1.49,0.04
1996-02-16,2.72,2.78,2.72,2.76,2452,676026.69,2.21,0.32,1.47,0.04
1996-03-04,2.9,2.93,2.8,2.92,3874,1115527.25,4.71,0.51,5.8,0.16
1996-03-05,2.81,2.93,2.8,2.82,2601,742255.62,4.45,0.34,-3.42,-0.1
1996-03-06,2.81,2.81,2.7,2.7,1997,547611.12,3.9,0.26,-4.26,-0.12
1996-03-07,2.7,2.74,2.7,2.72,985,267084.62,1.48,0.13,0.74,0.02
1996-03-08,2.72,2.74,2.69,2.73,839,227841.08,1.84,0.11,0.37,0.01
1996-03-11,2.7,2.72,2.65,2.65,906,243507.7,2.56,0.12,-2.93,-0.08
1996-03-12,2.65,2.7,2.64,2.67,924,245801.3,2.26,0.12,0.75,0.02
1996-03-13,2.64,2.7,2.62,2.66,1044,276113.44,3.0,0.14,-0.37,-0.01
1996-03-14,2.7,2.75,2.68,2.68,1215,329655.59,2.63,0.16,0.75,0.02
1996-03-15,2.65,2.7,2.65,2.68,446,119668.18,1.87,0.06,0.0,0.0
1996-03-18,2.7,2.72,2.66,2.69,537,145041.91,2.24,0.07,0.37,0.01
1996-03-19,2.69,2.72,2.66,2.68,783,210258.3,2.23,0.1,-0.37,-0.01
1996-03-20,2.66,2.7,2.66,2.68,428,115406.32,1.49,0.06,0.0,0.0
1996-03-21,2.69,2.71,2.68,2.7,739,199623.92,1.12,0.1,0.75,0.02
1996-03-22,2.7,2.74,2.68,2.74,904,245060.45,2.22,0.12,1.48,0.04
1996-03-25,2.74,2.76,2.7,2.72,639,174734.3,2.19,0.08,-0.73,-0.02
1996-03-26,2.73,2.75,2.7,2.7,590,160136.7,1.84,0.08,-0.74,-0.02
1996-03-27,2.65,2.71,2.65,2.7,518,139219.2,2.22,0.07,0.0,0.0
1996-03-28,2.69,2.71,2.68,2.69,411,111085.7,1.11,0.05,-0.37,-0.01
1996-03-29,2.65,2.68,2.65,2.68,810,215392.7,1.12,0.11,-0.37,-0.01
1996-04-01,2.75,2.75,2.68,2.7,1576,426528.47,2.61,0.21,0.75,0.02
1996-04-02,2.66,2.7,2.66,2.67,370,98744.8,1.48,0.05,-1.11,-0.03
1996-04-03,2.66,2.67,2.63,2.65,408,108364.24,1.5,0.05,-0.75,-0.02
1996-04-04,2.64,2.68,2.64,2.67,285,76043.4,1.51,0.04,0.75,0.02
1996-04-05,2.7,2.79,2.69,2.77,3871,1064939.38,3.75,0.51,3.75,0.1
1996-04-08,2.78,2.93,2.75,2.9,13044,3735928.75,6.5,1.71,4.69,0.13
1996-04-09,2.89,2.92,2.85,2.86,7379,2129635.25,2.41,0.97,-1.38,-0.04
1996-04-10,2.84,2.89,2.82,2.86,2606,745496.75,2.45,0.34,0.0,0.0
1996-04-11,2.84,2.92,2.84,2.91,3112,895798.5,2.8,0.41,1.75,0.05
1996-04-12,2.93,3.02,2.93,2.96,12996,3883564.0,3.09,1.7,1.72,0.05
1996-04-15,2.96,3.05,2.96,3.0,8489,2546652.5,3.04,1.11,1.35,0.04
1996-04-16,3.03,3.08,2.97,3.08,11748,3558882.75,3.67,1.54,2.67,0.08
1996-04-17,3.08,3.17,3.04,3.05,15314,4770505.0,4.22,2.0,-0.97,-0.03
1996-04-18,3.0,3.14,3.0,3.14,8297,2556205.75,4.59,1.09,2.95,0.09
1996-04-19,3.15,3.23,3.08,3.13,16615,5244661.0,4.78,2.17,-0.32,-0.01
1996-04-22,3.09,3.24,3.01,3.15,16038,5060214.5,7.35,2.1,0.64,0.02
1996-04-23,3.03,3.34,3.03,3.31,15356,4939349.0,9.84,2.01,5.08,0.16
1996-04-24,3.35,3.57,3.35,3.57,32296,11183503.0,6.65,4.22,7.85,0.26
1996-04-25,3.6,3.79,3.28,3.29,26120,9162179.0,14.29,3.42,-7.84,-0.28
1996-04-26,3.3,3.6,3.3,3.59,39297,13744838.0,9.12,5.14,9.12,0.3
1996-04-29,3.63,3.95,3.4,3.95,52007,18941232.0,15.32,6.8,10.03,0.36
1996-04-30,4.0,4.1,3.6,3.72,47540,18481458.0,12.66,6.22,-5.82,-0.23
1996-05-02,3.9,4.0,3.45,3.5,24220,8914664.0,14.78,3.17,-5.91,-0.22
1996-05-03,3.45,3.55,3.3,3.4,12640,4295174.0,7.14,1.65,-2.86,-0.1
1996-05-06,3.4,3.6,3.4,3.6,15663,5483401.5,5.88,2.05,5.88,0.2
1996-05-07,3.65,3.72,3.52,3.58,17489,6284472.0,5.56,2.29,-0.56,-0.02
1996-05-08,3.58,3.6,3.45,3.48,10248,3591710.0,4.19,1.34,-2.79,-0.1
1996-05-09,3.45,3.58,3.42,3.45,11402,3983346.0,4.6,1.49,-0.86,-0.03
1996-05-10,3.4,3.4,3.28,3.38,7581,2524419.75,3.48,0.99,-2.03,-0.07
1996-05-13,3.42,3.48,3.35,3.46,9592,3280815.0,3.85,1.25,2.37,0.08
1996-05-14,3.5,3.56,3.48,3.53,17486,6146966.5,2.31,2.29,2.02,0.07
1996-05-15,3.53,4.0,3.52,3.99,95167,36788688.0,13.6,12.45,13.03,0.46
1996-05-16,4.16,4.2,3.99,4.06,92469,37771540.0,5.26,12.1,1.75,0.07
1996-05-17,4.06,4.48,3.98,4.45,72140,30058936.0,12.32,9.44,9.61,0.39
1996-05-20,4.6,5.1,4.55,4.7,100431,47744760.0,12.36,13.14,5.62,0.25
1996-05-21,4.65,4.77,4.05,4.16,55414,24654142.0,15.32,7.25,-11.49,-0.54
1996-05-22,4.05,4.46,4.03,4.45,47846,20660746.0,10.34,6.26,6.97,0.29
1996-05-23,4.5,4.58,4.08,4.18,31470,13349860.0,11.24,4.12,-6.07,-0.27
1996-05-24,4.1,4.24,4.01,4.1,23072,9531393.0,5.5,3.02,-1.91,-0.08
1996-05-27,4.1,4.18,3.95,4.0,12057,4860104.0,5.61,1.58,-2.44,-0.1
1996-05-28,3.98,3.98,3.8,3.87,11341,4389495.0,4.5,1.48,-3.25,-0.13
1996-05-29,3.87,4.02,3.85,4.02,8348,3278244.0,4.39,1.09,3.88,0.15
1996-05-30,4.02,4.05,3.81,3.87,12105,4753097.0,5.97,1.58,-3.73,-0.15
1996-05-31,4.0,4.0,3.8,3.87,21825,8473498.0,5.17,2.86,0.0,0.0
1996-06-03,3.95,3.97,3.7,3.85,28970,11156464.0,6.98,3.79,-0.52,-0.02
1996-06-04,3.88,4.36,3.82,4.35,45781,18431804.0,14.03,5.99,12.99,0.5
1996-06-05,4.5,4.71,4.22,4.36,90687,40881248.0,11.26,11.86,0.23,0.01
1996-06-06,4.38,4.39,4.03,4.2,36046,15141810.0,8.26,4.72,-3.67,-0.16
1996-06-07,4.55,4.85,4.5,4.62,120782,56628204.0,8.33,15.8,10.0,0.42
1996-06-10,4.7,4.8,4.36,4.45,40914,18272728.0,9.52,5.35,-3.68,-0.17
1996-06-11,4.43,4.43,4.3,4.37,24317,10563163.0,2.92,3.18,-1.8,-0.08
1996-06-12,4.35,4.45,4.25,4.42,26712,11617386.0,4.58,3.49,1.14,0.05
1996-06-13,4.45,4.57,4.4,4.54,32816,14750871.0,3.85,4.29,2.71,0.12
1996-06-14,4.52,4.95,4.42,4.65,64966,30540096.0,11.67,8.5,2.42,0.11
1996-06-17,4.3,4.3,3.6,4.15,44419,18440102.0,15.05,5.81,-10.75,-0.5
1996-06-18,4.25,4.32,4.08,4.21,35026,14631386.0,5.78,4.58,1.45,0.06
1996-06-19,4.2,4.23,4.09,4.21,32348,13399488.0,3.33,4.23,0.0,0.0
1996-06-20,4.18,4.2,4.0,4.14,29278,12093478.0,4.75,3.83,-1.66,-0.07
1996-06-21,4.11,4.19,4.11,4.15,25932,10750220.0,1.93,3.39,0.24,0.01
1996-06-24,4.12,4.28,4.03,4.24,30938,12877327.0,6.02,4.05,2.17,0.09
1996-06-25,4.23,4.23,4.1,4.16,25539,10620887.0,3.07,3.34,-1.89,-0.08
1996-06-26,4.1,4.15,4.08,4.15,16697,6882170.0,1.68,2.18,-0.24,-0.01
1996-06-27,4.15,4.4,4.15,4.34,42419,18080614.0,6.02,5.55,4.58,0.19
1996-06-28,4.32,4.32,4.1,4.11,19249,8019232.0,5.07,2.52,-5.3,-0.23
1996-07-01,4.1,4.25,3.8,3.93,17034,6852759.0,10.95,2.23,-4.38,-0.18
1996-07-02,3.9,3.98,3.85,3.92,9551,3730895.75,3.31,1.25,-0.25,-0.01
1996-07-03,3.93,4.08,3.9,4.05,10776,4279154.0,4.59,1.41,3.32,0.13
1996-07-04,4.05,4.15,3.95,4.05,10078,4061590.75,4.94,1.32,0.0,0.0
1996-07-05,4.05,4.13,4.0,4.12,29539,12040099.0,3.21,3.86,1.73,0.07
1996-07-08,4.1,4.18,4.05,4.18,25731,10496920.0,3.16,3.37,1.46,0.06
1996-07-09,4.2,4.24,4.05,4.18,23902,9860026.0,4.55,3.13,0.0,0.0
1996-07-10,4.18,4.5,4.15,4.47,97510,42725668.0,8.37,12.76,6.94,0.29
1996-07-11,4.51,4.59,4.2,4.2,53420,23403426.0,8.72,6.99,-6.04,-0.27
1996-07-12,4.15,4.45,4.05,4.41,46145,19803116.0,9.52,6.04,5.0,0.21
1996-07-15,4.5,4.8,4.39,4.73,118895,54931916.0,9.3,15.55,7.26,0.32
1996-07-16,4.8,5.16,4.6,5.14,107316,52442672.0,11.84,14.04,8.67,0.41
1996-07-17,5.21,5.3,4.7,4.78,119001,60641732.0,11.67,15.57,-7.0,-0.36
1996-07-18,4.61,5.2,4.61,5.19,67075,33224280.0,12.34,8.77,8.58,0.41
1996-07-19,5.3,5.6,5.21,5.55,133817,72973232.0,7.51,17.51,6.94,0.36
1996-07-22,5.65,6.25,5.6,6.16,114107,68546264.0,11.71,14.93,10.99,0.61
1996-07-23,6.28,6.79,5.65,6.15,132670,83741912.0,18.51,17.36,-0.16,-0.01
1996-07-24,6.25,6.3,5.71,6.3,121863,73995264.0,9.59,15.94,2.44,0.15
1996-07-25,6.15,6.4,5.92,6.0,70092,42813912.0,7.62,9.17,-4.76,-0.3
1996-07-26,5.95,6.1,5.6,5.69,31074,18108306.0,8.33,4.07,-5.17,-0.31
1996-07-29,5.68,6.09,5.62,6.09,35969,21115098.0,8.26,4.71,7.03,0.4
1996-07-30,6.15,6.15,5.81,5.89,49643,29756652.0,5.58,6.49,-3.28,-0.2
1996-07-31,5.8,5.95,5.6,5.7,23635,13620369.0,5.94,3.09,-3.23,-0.19
1996-08-01,5.6,5.8,5.57,5.8,19589,11139893.0,4.04,2.56,1.75,0.1
1996-08-02,5.86,5.9,5.5,5.65,22493,12678350.0,6.9,2.94,-2.59,-0.15
1996-08-05,5.5,5.65,5.3,5.61,15887,8703890.0,6.19,2.08,-0.71,-0.04
1996-08-06,5.61,5.68,5.45,5.59,17284,9557676.0,4.1,2.26,-0.36,-0.02
1996-08-07,5.6,5.94,5.6,5.83,38288,22085424.0,6.08,5.01,4.29,0.24
1996-08-08,5.9,6.2,5.72,5.98,58983,35579036.0,8.23,7.72,2.57,0.15
1996-08-09,5.9,5.98,5.75,5.84,23559,13776355.0,3.85,3.08,-2.34,-0.14
1996-08-12,5.84,6.08,5.7,6.0,38548,22819262.0,6.51,5.04,2.74,0.16
1996-08-13,6.1,6.45,6.08,6.34,141514,89585392.0,6.17,18.51,5.67,0.34
1996-08-14,6.4,6.5,6.12,6.13,48868,30541942.0,5.99,6.39,-3.31,-0.21
1996-08-15,6.15,6.25,5.98,5.98,27797,17026964.0,4.4,3.64,-2.45,-0.15
1996-08-16,5.9,5.96,5.68,5.87,27664,16005763.0,4.68,3.62,-1.84,-0.11
1996-08-19,5.9,5.9,5.6,5.6,12942,7424249.0,5.11,1.69,-4.6,-0.27
1996-08-20,5.58,5.65,5.28,5.3,15149,8252438.5,6.61,1.98,-5.36,-0.3
1996-08-21,5.25,5.55,5.2,5.55,22064,11926153.0,6.6,2.89,4.72,0.25
1996-08-22,5.65,5.7,5.3,5.32,20143,11136406.0,7.21,2.64,-4.14,-0.23
1996-08-23,5.35,5.4,5.02,5.2,21208,11057019.0,7.14,2.77,-2.26,-0.12
1996-08-26,5.18,5.18,4.5,4.6,19472,9320179.0,13.08,2.55,-11.54,-0.6
1996-08-27,4.55,4.85,4.5,4.8,15535,7272839.0,7.61,2.03,4.35,0.2
1996-08-28,4.7,5.05,4.7,5.01,16649,8172340.5,7.29,2.18,4.38,0.21
1996-08-29,4.98,5.18,4.9,5.06,21044,10620690.0,5.59,2.75,1.0,0.05
1996-08-30,5.07,5.4,5.01,5.4,29986,15841075.0,7.71,3.92,6.72,0.34
1996-09-02,5.3,5.7,5.01,5.58,67137,36218204.0,12.78,8.78,3.33,0.18
1996-09-03,5.53,5.58,5.21,5.22,27904,14853196.0,6.63,3.65,-6.45,-0.36
1996-09-04,5.16,5.4,5.13,5.38,32762,17229800.0,5.17,4.29,3.07,0.16
1996-09-05,5.43,5.48,4.85,4.89,29172,15328672.0,11.71,3.82,-9.11,-0.49
1996-09-06,4.9,5.25,4.9,5.08,34659,17594572.0,7.16,4.53,3.89,0.19
1996-09-09,5.1,5.16,5.0,5.02,16266,8260254.5,3.15,2.13,-1.18,-0.06
1996-09-10,4.98,5.24,4.97,5.1,27109,13791627.0,5.38,3.55,1.59,0.08
1996-09-11,5.05,5.4,4.9,5.13,19959,10198199.0,9.8,2.61,0.59,0.03
1996-09-12,5.05,5.11,4.66,4.8,16599,8204452.5,8.77,2.17,-6.43,-0.33
1996-09-13,4.66,4.9,4.6,4.88,12848,6090952.5,6.25,1.68,1.67,0.08
1996-09-16,4.88,4.89,4.69,4.86,14335,6855366.0,4.1,1.88,-0.41,-0.02
1996-09-17,4.88,5.0,4.81,4.96,19058,9383297.0,3.91,2.49,2.06,0.1
1996-09-18,5.0,5.15,4.6,4.68,17080,8357006.5,11.09,2.23,-5.65,-0.28
1996-09-19,4.68,4.79,4.55,4.73,9027,4195901.5,5.13,1.18,1.07,0.05
1996-09-20,4.73,4.88,4.58,4.85,11482,5493182.0,6.34,1.5,2.54,0.12
1996-09-23,5.0,5.3,5.0,5.17,68712,35726896.0,6.19,8.99,6.6,0.32
1996-09-24,5.25,5.27,4.95,5.12,28935,14653738.0,6.19,3.79,-0.97,-0.05
1996-09-25,5.05,5.15,4.87,4.92,15617,7777659.5,5.47,2.04,-3.91,-0.2
1996-09-26,4.95,5.03,4.92,5.0,12107,6035759.5,2.24,1.58,1.63,0.08
1996-09-27,5.0,5.06,4.95,5.05,21357,10718369.0,2.2,2.79,1.0,0.05
1996-10-03,5.06,5.45,5.06,5.19,42929,22581348.0,7.72,5.62,2.77,0.14
1996-10-04,5.2,5.4,5.08,5.35,44691,23471958.0,6.17,5.85,3.08,0.16
1996-10-07,5.45,5.66,5.38,5.64,96658,53703208.0,5.23,12.64,5.42,0.29
1996-10-08,5.68,5.85,5.6,5.71,69508,39783312.0,4.43,9.09,1.24,0.07
1996-10-09,5.73,5.77,5.4,5.45,60404,33883972.0,6.48,7.9,-4.55,-0.26
1996-10-10,5.5,5.75,5.5,5.74,52163,29475254.0,4.59,6.82,5.32,0.29
1996-10-11,5.83,6.38,5.78,6.32,159936,97765264.0,10.45,20.92,10.1,0.58
1996-10-14,6.45,7.0,6.2,6.95,165920,110733008.0,12.66,21.71,9.97,0.63
1996-10-15,7.38,7.49,7.01,7.37,226249,164269360.0,6.91,29.6,6.04,0.42
1996-10-16,7.35,7.35,6.8,7.0,111553,78432608.0,7.46,14.59,-5.02,-0.37
1996-10-17,6.97,7.3,6.81,7.2,84572,60376688.0,7.0,11.06,2.86,0.2
1996-10-18,7.2,7.25,6.62,6.66,64362,44418372.0,8.75,8.42,-7.5,-0.54
1996-10-21,6.46,7.3,6.4,7.17,77829,54025892.0,13.51,10.18,7.66,0.51
1996-10-22,6.9,7.78,6.6,7.26,93567,67943352.0,16.46,12.24,1.26,0.09
1996-10-23,7.3,7.45,7.0,7.2,48095,34560836.0,6.2,6.29,-0.83,-0.06
1996-10-24,7.2,7.72,7.08,7.72,121169,89727912.0,8.89,15.85,7.22,0.52
1996-10-25,7.7,7.95,7.4,7.66,106587,81801088.0,7.12,13.94,-0.78,-0.06
1996-10-28,7.6,8.17,7.5,8.05,134757,106125328.0,8.75,17.63,5.09,0.39
1996-10-29,8.1,8.25,7.63,7.78,94508,75108896.0,7.7,12.36,-3.35,-0.27
1996-10-30,7.78,8.35,7.5,8.33,113229,89896216.0,10.93,14.81,7.07,0.55
1996-10-31,8.5,8.96,7.9,8.85,196882,169325296.0,12.73,25.76,6.24,0.52
1996-11-01,8.33,8.7,7.94,8.3,97610,81463992.0,8.59,12.77,-6.21,-0.55
1996-11-04,8.3,8.48,8.01,8.38,44458,36792844.0,5.66,5.82,0.96,0.08
1996-11-05,8.5,8.9,8.38,8.59,108089,93549928.0,6.21,14.14,2.51,0.21
1996-11-06,8.6,8.7,7.98,8.16,43888,36259556.0,8.38,5.74,-5.01,-0.43
1996-11-07,8.22,8.28,7.68,7.8,35721,28130668.0,7.35,4.67,-4.41,-0.36
1996-11-08,7.8,7.8,7.5,7.7,27522,20913610.0,3.85,3.6,-1.28,-0.1
1996-11-11,7.7,8.2,7.65,8.14,44850,35521148.0,7.14,5.87,5.71,0.44
1996-11-12,8.38,8.6,8.15,8.35,63345,52948236.0,5.53,8.29,2.58,0.21
1996-11-13,8.4,9.18,8.3,9.1,217858,191233504.0,10.54,28.5,8.98,0.75
1996-11-14,9.29,9.4,9.06,9.24,174408,160754288.0,3.74,22.82,1.54,0.14
1996-11-15,9.1,9.38,8.88,9.3,129541,117977216.0,5.41,16.95,0.65,0.06
1996-11-18,9.5,9.84,9.32,9.66,125510,120453792.0,5.59,16.42,3.87,0.36
1996-11-19,9.7,9.8,9.5,9.77,86775,84190000.0,3.11,11.35,1.14,0.11
1996-11-20,9.68,10.0,9.45,9.9,78305,76820160.0,5.63,10.24,1.33,0.13
1996-11-21,9.9,10.5,9.48,9.49,109126,109695632.0,10.3,14.28,-4.14,-0.41
1996-11-22,9.32,9.88,8.8,9.72,60130,55689056.0,11.38,7.87,2.42,0.23
1996-11-25,9.72,10.75,9.3,10.68,154549,156379904.0,14.92,20.22,9.88,0.96
1996-11-26,10.88,10.98,10.1,10.4,152159,160833520.0,8.24,19.91,-2.62,-0.28
1996-11-27,10.4,10.8,10.06,10.26,72686,76241296.0,7.12,9.51,-1.35,-0.14
1996-11-28,10.05,10.34,9.71,10.04,44277,44335880.0,6.14,5.79,-2.14,-0.22
1996-11-29,10.0,10.23,9.68,10.0,41026,40978796.0,5.48,5.37,-0.4,-0.04
1996-12-02,10.19,10.3,9.71,9.88,31898,31716758.0,5.9,4.17,-1.2,-0.12
1996-12-03,9.85,10.4,9.72,10.4,42339,42773024.0,6.88,5.54,5.26,0.52
1996-12-04,10.58,11.15,10.41,10.86,157675,171326080.0,7.12,20.63,4.42,0.46
1996-12-05,10.9,11.35,10.9,11.07,99154,109953728.0,4.14,12.97,1.93,0.21
1996-12-06,11.18,11.85,11.18,11.78,156583,181695952.0,6.05,20.48,6.41,0.71
1996-12-09,12.0,12.5,11.8,12.19,127661,154945200.0,5.94,16.7,3.48,0.41
1996-12-10,12.19,12.3,11.54,11.94,95036,113186888.0,6.23,12.43,-2.05,-0.25
1996-12-11,11.9,12.25,11.7,12.05,79392,95007224.0,4.61,10.39,0.92,0.11
1996-12-12,11.8,12.96,11.08,12.41,90433,110994448.0,15.6,11.83,2.99,0.36
1996-12-13,12.38,12.5,11.6,11.7,62900,75537504.0,7.25,8.23,-5.72,-0.71
1996-12-16,10.52,10.52,10.52,10.52,1377,1448604.0,0.0,0.18,-10.09,-1.18
1996-12-17,9.47,9.47,9.47,9.47,1214,1149658.0,0.0,0.16,-9.98,-1.05
1996-12-18,8.52,10.1,8.52,9.92,56378,51160068.0,16.68,7.38,4.75,0.45
1996-12-19,9.72,9.72,8.89,8.89,21957,19943568.0,8.37,2.87,-10.38,-1.03
1996-12-20,8.0,8.01,8.0,8.0,9307,7445626.0,0.11,1.22,-10.01,-0.89
1996-12-23,7.2,8.0,7.2,7.2,35908,26218426.0,10.0,4.7,-10.0,-0.8
1996-12-24,7.15,7.28,6.48,6.48,27234,18314784.0,11.11,3.56,-10.0,-0.72
1996-12-25,5.83,6.4,5.83,5.93,39821,23782822.0,8.8,5.21,-8.49,-0.55
1996-12-26,6.0,6.35,5.95,6.15,19546,12016314.0,6.75,2.56,3.71,0.22
1996-12-27,6.5,6.77,6.3,6.77,62355,40921172.0,7.64,8.16,10.08,0.62
1996-12-30,6.85,7.45,6.8,7.45,56343,40484876.0,9.6,7.37,10.04,0.68
1996-12-31,7.42,7.42,6.71,6.8,36858,26050534.0,9.53,4.82,-8.72,-0.65
1997-01-02,6.8,7.1,6.75,7.08,22878,15971674.0,5.15,2.99,4.12,0.28
1997-01-03,7.0,7.15,6.75,6.78,23580,16392139.0,5.65,3.08,-4.24,-0.3
1997-01-06,6.7,6.75,6.13,6.16,19028,12171322.0,9.14,2.49,-9.14,-0.62
1997-01-07,5.96,6.6,5.85,6.58,19604,12386033.0,12.18,2.56,6.82,0.42
1997-01-08,6.5,6.6,6.25,6.4,14250,9162285.0,5.32,1.86,-2.74,-0.18
1997-01-09,6.45,6.6,6.4,6.6,19673,12862536.0,3.13,2.57,3.13,0.2
1997-01-10,6.71,6.74,6.35,6.56,11545,7560260.0,5.91,1.51,-0.61,-0.04
1997-01-13,6.68,7.16,6.63,7.1,51200,35825624.0,8.08,6.7,8.23,0.54
1997-01-14,7.1,7.1,6.6,6.79,26564,18207152.0,7.04,3.48,-4.37,-0.31
1997-01-15,6.7,6.94,6.61,6.8,16340,11136372.0,4.86,2.14,0.15,0.01
1997-01-16,6.82,6.91,6.61,6.7,9271,6239882.5,4.41,1.21,-1.47,-0.1
1997-01-17,6.75,6.8,6.65,6.75,13723,9227085.0,2.24,1.8,0.75,0.05
1997-01-20,6.75,7.15,6.73,7.07,38400,26779094.0,6.22,5.02,4.74,0.32
1997-01-21,7.0,7.25,6.9,7.2,43347,30656728.0,4.95,5.67,1.84,0.13
1997-01-22,7.3,7.8,7.3,7.68,116731,88330336.0,6.94,15.27,6.67,0.48
1997-01-23,7.58,7.73,7.45,7.63,49970,37889820.0,3.65,6.54,-0.65,-0.05
1997-01-24,7.6,7.7,7.45,7.69,32627,24825950.0,3.28,4.27,0.79,0.06
1997-01-27,7.75,7.83,7.55,7.64,36019,27601708.0,3.64,4.71,-0.65,-0.05
1997-01-28,7.7,7.93,7.41,7.8,39169,30056690.0,6.81,5.12,2.09,0.16
1997-01-29,7.7,7.8,7.6,7.65,21770,16712541.0,2.56,2.85,-1.92,-0.15
1997-01-30,7.6,7.82,7.5,7.78,30197,23222344.0,4.18,3.95,1.7,0.13
1997-01-31,7.74,7.81,7.59,7.63,27214,20959592.0,2.83,3.56,-1.93,-0.15
1997-02-17,7.7,7.78,7.45,7.68,17644,13496130.0,4.33,2.31,0.66,0.05
1997-02-18,7.58,7.7,6.9,6.9,28848,20827358.0,10.42,3.77,-10.16,-0.78
1997-02-19,6.69,7.3,6.68,7.3,26943,19186272.0,8.99,3.52,5.8,0.4
1997-02-20,6.56,7.3,6.56,7.03,38953,26776820.0,10.14,5.1,-3.7,-0.27
1997-02-21,7.0,7.25,7.0,7.18,22259,15887710.0,3.56,2.91,2.13,0.15
1997-02-24,7.22,7.56,7.15,7.45,35599,26290190.0,5.71,4.66,3.76,0.27
1997-02-25,7.45,7.6,7.31,7.43,20571,15311924.0,3.89,2.69,-0.27,-0.02
1997-02-26,7.5,7.62,7.36,7.56,23786,17873540.0,3.5,3.11,1.75,0.13
1997-02-27,7.6,8.1,7.48,8.04,87284,68624488.0,8.2,11.42,6.35,0.48
1997-02-28,8.15,8.76,8.08,8.55,156639,132239448.0,8.46,20.49,6.34,0.51
1997-03-03,8.55,8.8,8.35,8.69,90387,77940728.0,5.26,11.82,1.64,0.14
1997-03-04,8.69,8.7,8.38,8.58,54701,46701604.0,3.68,7.16,-1.27,-0.11
1997-03-05,8.49,9.15,8.4,8.85,72015,63717980.0,8.74,9.42,3.15,0.27
1997-03-06,8.85,9.08,8.65,8.95,40241,35893032.0,4.86,5.26,1.13,0.1
1997-03-07,9.0,9.0,8.65,8.75,37655,33036912.0,3.91,4.93,-2.23,-0.2
1997-03-10,8.8,8.88,8.62,8.8,24934,21812958.0,2.97,3.26,0.57,0.05
1997-03-11,8.8,9.08,8.7,9.0,40268,35828508.0,4.32,5.27,2.27,0.2
1997-03-12,9.0,9.1,8.78,8.89,29816,26575040.0,3.56,3.9,-1.22,-0.11
1997-03-13,8.9,9.0,8.7,8.8,27713,24578940.0,3.37,3.63,-1.01,-0.09
1997-03-14,8.8,8.9,8.66,8.86,30244,26524028.0,2.73,3.96,0.68,0.06
1997-03-17,8.87,9.15,8.75,8.9,34679,30768402.0,4.51,4.54,0.45,0.04
1997-03-18,8.9,8.9,8.57,8.72,26730,23299104.0,3.71,3.5,-2.02,-0.18
1997-03-19,8.71,8.73,8.47,8.58,25981,22178722.0,2.98,3.4,-1.61,-0.14
1997-03-20,8.6,8.78,8.45,8.48,22761,19584836.0,3.85,2.98,-1.17,-0.1
1997-03-21,8.3,8.68,8.2,8.63,18723,15825933.0,5.66,2.45,1.77,0.15
1997-03-24,8.71,9.0,8.5,8.94,49832,43691044.0,5.79,6.52,3.59,0.31
1997-03-25,8.98,9.44,8.71,9.23,81325,74311056.0,8.17,10.64,3.24,0.29
1997-03-26,9.34,9.95,9.3,9.57,102483,98749112.0,7.04,13.41,3.68,0.34
1997-03-27,9.57,9.7,9.3,9.38,50622,47787968.0,4.18,6.62,-1.99,-0.19
1997-03-28,9.38,9.5,9.25,9.3,33068,31010992.0,2.67,4.33,-0.85,-0.08
1997-03-31,9.3,9.75,9.3,9.68,50461,48324600.0,4.84,6.6,4.09,0.38
1997-04-01,9.8,10.28,9.6,10.15,81498,81256744.0,7.02,10.66,4.86,0.47
1997-04-02,10.25,10.3,9.83,9.86,43060,43038228.0,4.63,5.63,-2.86,-0.29
1997-04-03,9.86,9.9,9.53,9.74,32261,31195118.0,3.75,4.22,-1.22,-0.12
1997-04-04,9.85,9.9,9.6,9.66,35473,34436388.0,3.08,4.64,-0.82,-0.08
1997-04-07,9.68,9.7,9.32,9.39,27313,25822190.0,3.93,3.57,-2.8,-0.27
1997-04-08,9.39,9.8,9.3,9.41,34247,32616590.0,5.32,4.48,0.21,0.02
1997-04-09,9.4,9.58,9.28,9.37,25465,23911332.0,3.19,3.33,-0.43,-0.04
1997-04-10,9.59,9.59,9.2,9.24,26295,24496942.0,4.16,3.44,-1.39,-0.13
1997-04-11,9.05,9.3,8.81,8.95,22504,20164130.0,5.3,2.94,-3.14,-0.29
1997-04-14,8.95,9.59,8.95,9.4,33286,30978928.0,7.15,4.35,5.03,0.45
1997-04-15,9.48,9.65,9.17,9.55,30705,28985020.0,5.11,4.02,1.6,0.15
1997-04-16,9.59,9.59,9.36,9.48,16192,15296572.0,2.41,2.12,-0.73,-0.07
1997-04-17,9.46,9.6,9.23,9.42,20191,19050390.0,3.9,2.64,-0.63,-0.06
1997-04-18,9.43,9.64,9.28,9.55,29986,28509764.0,3.82,3.92,1.38,0.13
1997-04-21,9.65,10.2,9.65,10.06,91970,92275600.0,5.76,12.03,5.34,0.51
1997-04-22,10.08,11.0,9.96,10.96,118891,125521232.0,10.34,15.55,8.95,0.9
1997-04-23,11.09,11.32,10.55,10.58,77953,84346520.0,7.03,10.2,-3.47,-0.38
1997-04-24,10.5,11.09,10.31,11.06,71672,77288376.0,7.37,9.38,4.54,0.48
1997-04-25,11.0,11.1,10.5,10.55,54482,58486200.0,5.42,7.13,-4.61,-0.51
1997-04-28,10.5,10.55,9.5,9.7,61553,60714484.0,9.95,8.05,-8.06,-0.85
1997-04-29,9.7,10.2,9.1,10.18,47079,45698700.0,11.34,6.16,4.95,0.48
1997-04-30,9.5,10.4,9.5,10.22,56661,57258272.0,8.84,7.41,0.39,0.04
1997-05-05,10.7,11.24,10.7,11.24,57459,64028068.0,5.28,7.52,9.98,1.02
1997-05-06,11.75,12.36,11.74,11.91,93007,111585368.0,5.52,12.17,5.96,0.67
1997-05-07,11.88,12.0,11.21,11.67,67193,78071272.0,6.63,8.79,-2.02,-0.24
1997-05-08,11.6,11.8,11.0,11.19,50708,57367832.0,6.86,6.63,-4.11,-0.48
1997-05-09,11.13,11.6,11.0,11.52,36848,41723808.0,5.36,4.82,2.95,0.33
1997-05-12,11.7,12.67,11.7,12.66,92107,115296456.0,8.42,12.05,9.9,1.14
1997-05-13,12.5,12.5,11.51,11.9,56257,66584916.0,7.82,7.36,-6.0,-0.76
1997-05-14,11.8,11.8,10.71,10.83,29934,33324878.0,9.16,3.92,-8.99,-1.07
1997-05-15,10.7,11.55,10.5,11.39,22189,24605946.0,9.7,2.9,5.17,0.56
1997-05-16,10.25,11.15,10.25,10.25,36536,38389120.0,7.9,4.78,-10.01,-1.14
1997-05-19,10.4,10.76,10.05,10.51,12645,13042733.0,6.93,1.65,2.54,0.26
1997-05-20,10.6,10.98,10.5,10.69,18653,20020354.0,4.57,2.44,1.71,0.18
1997-05-21,10.6,10.6,9.95,10.1,13420,13617042.0,6.08,1.76,-5.52,-0.59
1997-05-22,9.09,9.5,9.09,9.09,15365,14005589.0,4.06,2.01,-10.0,-1.01
1997-05-23,8.5,9.1,8.3,8.59,14562,12475553.0,8.8,1.91,-5.5,-0.5
1997-05-26,8.8,8.9,7.73,8.07,10413,8435961.0,13.62,1.36,-6.05,-0.52
1997-05-27,8.1,8.6,7.8,8.56,9033,7513918.5,9.91,1.18,6.07,0.49
1997-05-28,8.5,8.65,8.23,8.38,7674,6453202.0,4.91,1.0,-2.1,-0.18
1997-05-29,8.35,8.95,8.18,8.81,25077,21957518.0,9.19,3.28,5.13,0.43
1997-05-30,8.88,9.2,8.6,9.13,22532,20244918.0,6.81,2.95,3.63,0.32
1997-06-02,9.32,9.75,9.08,9.69,31124,29542266.0,7.34,4.07,6.13,0.56
1997-06-03,9.8,10.0,9.35,9.88,33554,32851106.0,6.71,4.39,1.96,0.19
1997-06-04,9.88,10.48,9.8,10.14,39348,40079264.0,6.88,5.15,2.63,0.26
1997-06-05,10.18,10.2,9.55,9.9,29499,28887316.0,6.41,3.86,-2.37,-0.24
1997-06-06,8.91,9.68,8.91,9.11,32748,30039674.0,7.78,4.28,-7.98,-0.79
1997-06-09,9.2,10.01,9.1,9.99,46231,44935820.0,9.99,6.05,9.66,0.88
1997-06-10,10.0,10.48,9.51,10.46,79425,79980384.0,9.71,10.39,4.7,0.47
1997-06-11,10.3,10.68,9.7,10.57,76720,79114960.0,9.37,10.04,1.05,0.11
1997-06-12,10.58,11.28,10.25,10.84,100482,108985392.0,9.74,13.15,2.55,0.27
1997-06-13,10.26,11.4,10.26,10.95,112481,124512336.0,10.52,14.71,1.01,0.11
1997-06-16,11.0,11.35,10.81,10.88,71600,79151504.0,4.93,9.37,-0.64,-0.07
1997-06-17,10.79,11.15,10.5,10.99,47843,51928104.0,5.97,6.26,1.01,0.11
1997-06-18,10.99,11.15,10.58,10.7,22704,24739856.0,5.19,2.97,-2.64,-0.29
1997-06-19,10.7,11.05,10.45,10.75,31624,34228936.0,5.61,4.14,0.47,0.05
1997-06-20,10.96,11.8,10.8,11.77,74552,86422512.0,9.3,9.75,9.49,1.02
1997-06-23,12.11,12.5,11.2,12.05,134561,162921744.0,11.05,17.6,2.38,0.28
1997-06-24,11.98,12.39,11.8,12.28,62474,75346392.0,4.9,8.17,1.91,0.23
1997-06-25,12.34,12.45,12.0,12.31,50328,61564148.0,3.66,6.58,0.24,0.03
1997-06-26,12.05,12.39,12.0,12.1,26198,32001212.0,3.17,3.43,-1.71,-0.21
1997-06-27,12.11,12.3,11.38,11.5,50294,58830828.0,7.6,6.58,-4.96,-0.6
1997-07-02,11.5,11.54,10.35,10.78,32462,34793852.0,10.35,4.25,-6.26,-0.72
1997-07-03,10.7,10.7,9.75,9.85,21682,21888936.0,8.81,2.84,-8.63,-0.93
1997-07-04,9.55,10.55,9.08,10.39,22313,22556916.0,14.92,2.92,5.48,0.54
1997-07-07,10.25,10.28,9.35,9.55,15802,15485539.0,8.95,2.07,-8.08,-0.84
1997-07-08,9.11,10.0,9.05,9.81,14616,14005823.0,9.95,1.91,2.72,0.26
1997-07-09,9.93,10.0,9.5,9.99,12191,12014189.0,5.1,1.59,1.83,0.18
1997-07-10,10.0,10.15,9.5,9.54,9583,9431059.0,6.51,1.25,-4.5,-0.45
1997-07-11,9.5,9.96,9.4,9.9,10560,10260996.0,5.87,1.38,3.77,0.36
1997-07-14,10.0,10.45,9.7,10.24,20900,21121376.0,7.58,2.73,3.43,0.34
1997-07-15,10.1,10.29,9.72,9.8,16554,16318110.0,5.57,2.17,-4.3,-0.44
1997-07-16,9.89,9.97,9.5,9.59,18945,18352372.0,4.8,2.48,-2.14,-0.21
1997-07-17,9.88,9.96,9.45,9.9,18587,18061852.0,5.32,2.43,3.23,0.31
1997-07-18,9.88,10.3,9.7,10.16,25861,26142938.0,6.06,3.38,2.63,0.26
1997-07-21,10.3,10.4,9.8,9.91,17335,17563198.0,5.91,2.27,-2.46,-0.25
1997-07-22,9.7,10.19,9.5,10.04,12580,12286868.0,6.96,1.65,1.31,0.13
1997-07-23,10.08,10.29,9.79,9.83,16236,16286762.0,4.98,2.12,-2.09,-0.21
1997-07-24,9.62,9.9,9.5,9.56,11286,10873183.0,4.07,1.48,-2.75,-0.27
1997-07-25,9.48,10.12,9.41,10.07,35410,35132928.0,7.43,4.63,5.33,0.51
1997-07-28,10.16,10.66,10.1,10.41,86914,90466800.0,5.56,11.37,3.38,0.34
1997-07-29,10.41,10.51,9.9,10.33,33534,34235960.0,5.86,4.39,-0.77,-0.08
1997-07-30,10.38,10.69,10.15,10.67,55930,58741268.0,5.23,7.32,3.29,0.34
1997-07-31,10.78,10.79,10.46,10.54,27098,28789378.0,3.09,3.54,-1.22,-0.13
1997-08-01,10.5,10.6,10.2,10.35,21964,22756014.0,3.8,2.87,-1.8,-0.19
1997-08-04,10.3,10.35,10.05,10.2,27010,27425430.0,2.9,3.53,-1.45,-0.15
1997-08-05,10.4,10.5,10.08,10.15,18310,18729852.0,4.12,2.4,-0.49,-0.05
1997-08-06,10.0,10.33,9.81,9.88,24336,24435664.0,5.12,3.18,-2.66,-0.27
1997-08-07,9.78,10.02,9.55,10.0,19754,19319254.0,4.76,2.58,1.21,0.12
1997-08-08,10.1,10.1,9.58,9.64,28199,27379406.0,5.2,3.69,-3.6,-0.36
1997-08-11,9.63,9.65,9.0,9.01,36066,32948550.0,6.74,4.72,-6.54,-0.63
1997-08-12,8.81,9.19,8.32,8.34,22051,19123152.0,9.66,2.88,-7.44,-0.67
1997-08-13,8.11,8.48,7.82,7.93,16276,13316791.0,7.91,2.13,-4.92,-0.41
1997-08-14,7.98,8.58,7.98,8.54,18350,15165119.0,7.57,2.4,7.69,0.61
1997-08-15,8.5,8.6,8.02,8.26,12420,10250158.0,6.79,1.62,-3.28,-0.28
1997-08-18,8.2,8.2,7.6,7.68,12432,9726668.0,7.26,1.63,-7.02,-0.58
1997-08-19,7.68,7.94,7.65,7.66,8057,6271926.0,3.78,1.05,-0.26,-0.02
1997-08-20,7.68,7.9,7.66,7.83,4878,3796446.5,3.13,0.64,2.22,0.17
1997-08-21,7.83,8.2,7.75,8.05,9149,7290276.5,5.75,1.2,2.81,0.22
1997-08-22,8.0,8.16,7.9,7.99,10655,8524983.0,3.23,1.39,-0.75,-0.06
1997-08-25,8.05,8.12,7.7,7.79,14058,10968048.0,5.26,1.84,-2.5,-0.2
1997-08-26,7.8,8.2,7.76,8.19,16630,13377022.0,5.65,2.18,5.13,0.4
1997-08-27,8.26,8.6,8.15,8.42,15098,12686408.0,5.49,1.98,2.81,0.23
1997-08-28,8.2,8.4,8.08,8.14,15590,12827414.0,3.8,2.04,-3.33,-0.28
1997-08-29,8.12,8.23,7.8,8.01,12671,10167531.0,5.28,1.66,-1.6,-0.13
1997-09-01,7.81,7.98,7.55,7.97,23568,18194142.0,5.37,3.08,-0.5,-0.04
1997-09-02,7.9,8.0,7.7,7.85,10310,8098028.0,3.76,1.35,-1.51,-0.12
1997-09-03,7.95,8.38,7.75,8.34,23884,19299670.0,8.03,3.12,6.24,0.49
1997-09-04,8.35,8.56,8.1,8.42,31073,26142914.0,5.52,4.06,0.96,0.08
1997-09-05,8.48,8.65,8.4,8.46,22457,19151558.0,2.97,2.94,0.48,0.04
1997-09-08,8.5,8.58,8.35,8.48,16444,13938882.0,2.72,2.15,0.24,0.02
1997-09-09,8.5,8.69,8.35,8.38,16799,14356071.0,4.01,2.2,-1.18,-0.1
1997-09-10,8.31,8.46,8.1,8.43,13091,10843832.0,4.3,1.71,0.6,0.05
1997-09-11,8.43,8.64,8.02,8.14,15970,13309292.0,7.35,2.09,-3.44,-0.29
1997-09-12,8.13,8.2,7.8,7.85,10945,8755456.0,4.91,1.43,-3.56,-0.29
1997-09-15,7.88,7.95,7.53,7.59,7431,5731137.0,5.35,0.97,-3.31,-0.26
1997-09-16,7.56,7.8,7.56,7.65,5710,4391507.5,3.16,0.75,0.79,0.06
1997-09-17,7.75,7.8,7.5,7.53,4978,3780785.0,3.92,0.65,-1.57,-0.12
1997-09-18,7.6,7.65,7.45,7.55,4486,3370901.25,2.66,0.59,0.27,0.02
1997-09-19,7.6,7.8,7.52,7.68,3715,2849931.0,3.71,0.49,1.72,0.13
1997-09-22,7.68,7.68,6.91,6.92,7524,5435612.0,10.03,0.98,-9.9,-0.76
1997-09-23,6.86,6.9,6.23,6.23,8932,5886010.0,9.68,1.17,-9.97,-0.69
1997-09-24,6.43,6.67,6.36,6.6,12060,7872203.0,4.98,1.58,5.94,0.37
1997-09-25,6.65,6.98,6.65,6.85,14443,9808941.0,5.0,1.89,3.79,0.25
1997-09-26,6.8,6.95,6.54,6.83,7378,4989856.0,5.99,0.97,-0.29,-0.02
1997-09-29,6.75,6.75,6.43,6.46,4620,3026634.0,4.69,0.6,-5.42,-0.37
1997-09-30,6.3,6.6,6.3,6.52,4026,2615764.0,4.64,0.53,0.93,0.06
1997-10-06,6.5,6.6,6.4,6.54,2050,1331199.25,3.07,0.27,0.31,0.02
1997-10-07,6.54,6.64,6.4,6.63,1954,1272829.25,3.67,0.26,1.38,0.09
1997-10-08,6.71,6.95,6.66,6.94,9019,6160763.5,4.37,1.18,4.68,0.31
1997-10-09,6.83,7.24,6.82,7.1,14000,9959389.0,6.05,1.83,2.31,0.16
1997-10-10,7.15,7.25,7.06,7.08,9839,7025133.0,2.68,1.29,-0.28,-0.02
1997-10-13,7.08,7.12,6.85,6.89,6968,4867482.0,3.81,0.91,-2.68,-0.19
1997-10-14,6.9,7.14,6.71,7.1,7464,5206438.0,6.24,0.98,3.05,0.21
1997-10-15,7.18,7.49,7.15,7.29,19603,14418180.0,4.79,2.56,2.68,0.19
1997-10-16,7.28,7.35,7.0,7.2,12154,8701233.0,4.8,1.59,-1.23,-0.09
1997-10-17,7.2,7.56,7.08,7.45,19589,14444379.0,6.67,2.56,3.47,0.25
1997-10-20,7.6,8.2,7.6,8.2,50113,40184456.0,8.05,6.56,10.07,0.75
1997-10-21,8.4,8.47,8.1,8.21,41595,34511852.0,4.51,5.44,0.12,0.01
1997-10-22,8.21,8.34,7.65,7.71,32137,25459324.0,8.4,4.2,-6.09,-0.5
1997-10-23,7.7,8.15,7.6,8.04,29466,23439238.0,7.13,3.85,4.28,0.33
1997-10-24,8.04,8.45,7.85,8.38,37267,30708490.0,7.46,4.88,4.23,0.34
1997-10-27,8.58,9.18,8.56,8.74,56072,49589240.0,7.4,7.34,4.3,0.36
1997-10-28,8.7,9.61,8.38,9.61,78572,71271072.0,14.07,10.28,9.95,0.87
1997-10-29,9.48,10.21,9.23,9.94,140068,138923840.0,10.2,18.32,3.43,0.33
1997-10-30,9.9,10.1,9.0,9.25,57926,55955796.0,11.07,7.58,-6.94,-0.69
1997-10-31,9.0,9.68,8.8,9.5,34016,31541720.0,9.51,4.45,2.7,0.25
1997-11-03,9.5,9.98,9.35,9.67,26257,25364186.0,6.63,3.43,1.79,0.17
1997-11-04,9.6,10.1,9.6,10.0,39201,38776772.0,5.17,5.13,3.41,0.33
1997-11-05,10.1,10.18,9.68,9.78,17183,17146222.0,5.0,2.25,-2.2,-0.22
1997-11-06,9.8,10.0,9.4,9.47,24812,24005062.0,6.13,3.25,-3.17,-0.31
1997-11-07,9.5,9.8,9.42,9.56,14979,14324160.0,4.01,1.96,0.95,0.09
1997-11-10,9.03,9.8,9.03,9.4,39081,36828300.0,8.05,5.11,-1.67,-0.16
1997-11-11,9.38,9.88,9.3,9.81,30833,29731642.0,6.17,4.03,4.36,0.41
1997-11-12,9.75,10.5,9.75,10.05,88382,89434360.0,7.65,11.56,2.45,0.24
1997-11-13,10.05,10.59,9.9,10.53,88677,91592064.0,6.87,11.6,4.78,0.48
1997-11-14,10.41,10.52,10.02,10.15,33847,34805788.0,4.75,4.43,-3.61,-0.38
1997-11-17,10.2,10.42,10.08,10.1,15389,15721424.0,3.35,2.01,-0.49,-0.05
1997-11-18,10.0,10.09,9.58,9.6,23776,23346688.0,5.05,3.11,-4.95,-0.5
1997-11-19,9.58,9.76,9.4,9.57,12850,12252669.0,3.75,1.68,-0.31,-0.03
1997-11-20,9.45,9.7,9.1,9.3,16340,15214740.0,6.27,2.14,-2.82,-0.27
1997-11-21,9.1,9.5,9.1,9.14,11738,10844086.0,4.3,1.54,-1.72,-0.16
1997-11-24,9.09,9.14,8.52,8.84,17725,15873699.0,6.78,2.32,-3.28,-0.3
1997-11-25,8.83,9.05,8.69,8.94,7458,6605267.0,4.07,0.98,1.13,0.1
1997-11-26,8.98,9.07,8.75,8.99,6806,6021464.0,3.58,0.89,0.56,0.05
1997-11-27,9.0,9.0,8.3,8.35,13256,11379934.0,7.79,1.73,-7.12,-0.64
1997-11-28,8.15,8.8,8.12,8.75,10024,8434052.0,8.14,1.31,4.79,0.4
1997-12-01,8.64,8.68,8.4,8.59,8179,6942815.5,3.2,1.07,-1.83,-0.16
1997-12-02,8.6,8.6,8.28,8.32,7145,6000850.0,3.73,0.93,-3.14,-0.27
1997-12-03,8.2,8.38,7.9,8.0,12525,10092166.0,5.77,1.64,-3.85,-0.32
1997-12-04,7.98,8.55,7.56,8.48,16996,13951002.0,12.38,2.22,6.0,0.48
1997-12-05,8.49,8.9,8.36,8.5,14872,12913545.0,6.37,1.95,0.24,0.02
1997-12-08,8.41,8.7,8.35,8.42,5946,5063195.5,4.12,0.78,-0.94,-0.08
1997-12-09,8.5,8.86,8.38,8.71,14719,12744253.0,5.7,1.93,3.44,0.29
1997-12-10,8.85,8.85,8.47,8.55,12691,10867962.0,4.36,1.66,-1.84,-0.16
1997-12-11,8.54,8.6,8.25,8.46,14971,12518356.0,4.09,1.96,-1.05,-0.09
1997-12-12,8.5,8.5,8.2,8.26,12079,9992688.0,3.55,1.58,-2.36,-0.2
1997-12-15,8.3,8.3,8.05,8.18,13058,10593111.0,3.03,1.71,-0.97,-0.08
1997-12-16,8.11,8.22,8.05,8.17,9477,7690568.5,2.08,1.24,-0.12,-0.01
1997-12-17,8.11,8.15,7.77,7.82,12058,9566823.0,4.65,1.58,-4.28,-0.35
1997-12-18,7.78,8.0,7.71,7.8,9195,7210158.0,3.71,1.2,-0.26,-0.02
1997-12-19,7.95,7.95,7.57,7.59,10890,8333153.0,4.87,1.42,-2.69,-0.21
1997-12-22,7.5,7.5,7.1,7.35,24445,17733282.0,5.27,3.2,-3.16,-0.24
1997-12-23,7.35,7.85,7.3,7.58,11863,8995918.0,7.48,1.55,3.13,0.23
1997-12-24,7.6,7.85,7.41,7.53,9659,7339108.5,5.8,1.26,-0.66,-0.05
1997-12-25,7.53,7.53,7.24,7.33,15037,10988025.0,3.85,1.97,-2.66,-0.2
1997-12-26,7.6,7.7,7.3,7.46,16421,12293752.0,5.46,2.15,1.77,0.13
1997-12-29,7.45,7.95,7.25,7.77,20092,15544744.0,9.38,2.63,4.16,0.31
1997-12-30,7.7,7.94,7.5,7.53,9395,7178593.5,5.66,1.23,-3.09,-0.24
1997-12-31,7.55,7.8,7.48,7.68,8369,6376635.0,4.25,1.09,1.99,0.15
1998-01-05,7.78,8.45,7.78,8.45,40266,33122980.0,8.72,5.27,10.03,0.77
1998-01-06,8.5,8.59,8.2,8.32,24961,20919006.0,4.62,3.27,-1.54,-0.13
1998-01-07,8.45,9.0,8.3,8.41,18746,16199842.0,8.41,2.45,1.08,0.09
1998-01-08,8.42,8.6,8.2,8.26,16801,14036004.0,4.76,2.2,-1.78,-0.15
1998-01-09,8.2,8.21,7.86,8.01,18679,14979820.0,4.24,2.44,-3.03,-0.25
1998-01-12,8.0,8.15,7.9,7.93,14143,11284238.0,3.12,1.85,-1.0,-0.08
1998-01-13,7.75,7.8,7.14,7.42,19505,14416577.0,8.32,2.55,-6.43,-0.51
1998-01-14,7.39,7.85,7.39,7.76,14125,10780229.0,6.2,1.85,4.58,0.34
1998-01-15,7.94,8.2,7.6,8.1,15585,12247957.0,7.73,2.04,4.38,0.34
1998-01-16,8.1,8.1,7.8,7.81,8681,6905571.5,3.7,1.14,-3.58,-0.29
1998-01-19,7.56,7.78,7.56,7.62,4243,3246693.5,2.82,0.56,-2.43,-0.19
1998-01-20,7.61,7.7,7.4,7.46,5232,3934508.25,3.94,0.68,-2.1,-0.16
1998-01-21,7.46,7.58,7.33,7.37,4846,3604587.0,3.35,0.63,-1.21,-0.09
1998-01-22,7.3,7.6,7.29,7.47,3961,2956892.0,4.21,0.52,1.36,0.1
1998-01-23,7.5,7.65,7.46,7.6,4547,3413657.5,2.54,0.59,1.74,0.13
1998-02-09,7.8,7.99,7.7,7.89,5785,4545371.0,3.82,0.76,3.82,0.29
1998-02-10,7.88,8.2,7.7,8.03,13430,10857907.0,6.34,1.76,1.77,0.14
1998-02-11,8.06,8.2,8.0,8.1,7631,6194645.5,2.49,1.0,0.87,0.07
1998-02-12,8.3,8.34,7.96,7.97,7549,6104943.0,4.69,0.99,-1.6,-0.13
1998-02-13,7.97,8.09,7.75,7.82,6025,4730464.0,4.27,0.79,-1.88,-0.15
1998-02-16,7.8,7.9,7.7,7.78,6171,4784874.0,2.56,0.81,-0.51,-0.04
1998-02-17,7.78,7.96,7.71,7.91,4782,3760182.5,3.21,0.63,1.67,0.13
1998-02-18,7.9,7.95,7.7,7.83,3768,2946236.5,3.16,0.49,-1.01,-0.08
1998-02-19,7.8,7.9,7.68,7.75,4410,3416728.25,2.81,0.58,-1.02,-0.08
1998-02-20,7.76,7.76,7.6,7.63,4518,3453204.75,2.06,0.59,-1.55,-0.12
1998-02-23,7.51,7.6,7.42,7.56,5194,3883821.0,2.36,0.68,-0.92,-0.07
1998-02-24,7.5,7.55,7.47,7.52,3183,2389536.5,1.06,0.42,-0.53,-0.04
1998-02-25,7.5,7.62,7.45,7.46,4256,3203335.25,2.26,0.56,-0.8,-0.06
1998-02-26,7.45,7.6,7.37,7.55,3850,2858897.75,3.08,0.5,1.21,0.09
1998-02-27,7.55,7.58,7.4,7.42,2883,2147290.75,2.38,0.38,-1.72,-0.13
1998-03-02,7.38,7.38,7.0,7.2,4215,3058195.75,5.12,0.55,-2.96,-0.22
1998-03-03,7.15,7.29,7.0,7.25,6061,4330696.5,4.03,0.79,0.69,0.05
1998-03-04,7.25,7.34,7.22,7.31,2316,1687411.5,1.66,0.3,0.83,0.06
1998-03-05,7.31,7.38,7.16,7.18,4221,3042253.75,3.01,0.55,-1.78,-0.13
1998-03-06,7.18,7.18,7.09,7.13,2519,1792296.5,1.25,0.33,-0.7,-0.05
1998-03-09,7.11,7.12,6.96,6.99,3791,2669226.0,2.24,0.5,-1.96,-0.14
1998-03-10,6.97,7.05,6.74,6.97,4189,2872006.5,4.43,0.55,-0.29,-0.02
1998-03-11,6.94,7.1,6.86,6.91,3697,2576917.0,3.44,0.48,-0.86,-0.06
1998-03-12,6.88,7.0,6.8,6.83,2822,1933884.75,2.89,0.37,-1.16,-0.08
1998-03-13,6.8,6.98,6.8,6.93,2981,2052655.0,2.64,0.39,1.46,0.1
1998-03-16,7.16,7.62,7.0,7.62,22164,16650556.0,8.95,2.9,9.96,0.69
1998-03-17,7.75,7.83,7.49,7.67,17899,13764469.0,4.46,2.34,0.66,0.05
1998-03-18,7.6,7.68,7.35,7.38,7293,5470776.0,4.3,0.95,-3.78,-0.29
1998-03-19,7.39,7.55,7.32,7.38,4551,3382433.25,3.12,0.6,0.0,0.0
1998-03-20,7.38,7.47,7.32,7.39,3315,2450539.5,2.03,0.43,0.14,0.01
1998-03-23,7.45,7.48,7.18,7.19,4147,3011638.5,4.06,0.54,-2.71,-0.2
1998-03-24,7.19,7.32,7.16,7.29,5372,3889122.75,2.23,0.7,1.39,0.1
1998-03-25,7.41,7.45,7.16,7.26,4465,3242841.25,3.98,0.58,-0.41,-0.03
1998-03-26,7.26,7.89,7.26,7.5,15677,11896231.0,8.68,2.05,3.31,0.24
1998-03-27,7.5,7.88,7.45,7.75,23629,18221624.0,5.73,3.09,3.33,0.25
1998-03-30,7.8,8.1,7.75,7.91,18467,14567081.0,4.52,2.42,2.06,0.16
1998-03-31,7.91,8.18,7.7,7.8,17584,13961677.0,6.07,2.3,-1.39,-0.11
1998-04-01,7.86,7.89,7.54,7.72,12981,9938519.0,4.49,1.7,-1.03,-0.08
1998-04-02,7.72,8.07,7.6,7.84,24144,19163044.0,6.09,3.16,1.55,0.12
1998-04-03,7.84,8.48,7.8,8.3,40481,33230596.0,8.67,5.3,5.87,0.46
1998-04-06,8.4,8.7,8.15,8.31,31056,26137980.0,6.63,4.06,0.12,0.01
1998-04-07,8.36,8.4,8.1,8.22,16638,13670101.0,3.61,2.18,-1.08,-0.09
1998-04-08,8.2,8.62,8.14,8.49,27369,23168582.0,5.84,3.58,3.28,0.27
1998-04-09,8.6,8.75,8.01,8.08,23902,19832732.0,8.72,3.13,-4.83,-0.41
1998-04-10,8.0,8.18,7.8,8.08,13952,11016271.0,4.7,1.83,0.0,0.0
1998-04-13,8.08,8.08,7.7,7.79,14536,11351365.0,4.7,1.9,-3.59,-0.29
1998-04-14,7.8,7.99,7.68,7.7,8167,6379716.0,3.98,1.07,-1.16,-0.09
1998-04-15,7.85,7.95,7.72,7.91,11355,8893533.0,2.99,1.49,2.73,0.21
1998-04-16,7.91,7.95,7.65,7.7,10533,8193585.0,3.79,1.38,-2.65,-0.21
1998-04-17,7.65,7.87,7.6,7.83,10951,8432941.0,3.51,1.43,1.69,0.13
1998-04-20,7.8,7.95,7.65,7.74,7182,5636320.0,3.83,0.94,-1.15,-0.09
1998-04-21,7.75,7.89,7.69,7.84,5721,4454232.0,2.58,0.75,1.29,0.1
1998-04-22,7.9,8.15,7.88,8.09,15448,12396582.0,3.44,2.02,3.19,0.25
1998-04-23,8.03,8.11,7.7,7.75,9829,7727893.0,5.07,1.29,-4.2,-0.34
1998-04-24,7.75,7.85,7.5,7.54,13253,10062127.0,4.52,1.73,-2.71,-0.21
1998-04-27,7.48,7.48,7.2,7.25,10748,7831749.0,3.71,1.41,-3.85,-0.29
1998-04-28,7.2,7.4,7.05,7.4,15776,11322689.0,4.83,2.06,2.07,0.15
1998-04-29,7.21,7.35,7.11,7.14,13622,9798286.0,3.24,1.78,-3.51,-0.26
1998-04-30,7.15,7.38,6.72,7.25,12369,8845426.0,9.24,1.62,1.54,0.11
1998-05-04,7.05,7.2,6.85,7.0,23904,16653729.0,4.83,3.13,-3.45,-0.25
1998-05-05,6.99,7.29,6.9,7.2,16866,12023703.0,5.57,2.21,2.86,0.2
1998-05-06,7.14,7.34,7.0,7.26,12881,9267152.0,4.72,1.69,0.83,0.06
1998-05-07,7.3,7.97,7.3,7.61,55341,42987972.0,9.23,7.24,4.82,0.35
1998-05-08,7.62,7.98,7.6,7.8,32996,25623704.0,4.99,4.32,2.5,0.19
1998-05-11,7.8,8.1,7.55,7.59,29762,23332990.0,7.05,3.89,-2.69,-0.21
1998-05-12,7.55,7.7,7.3,7.38,13198,9768008.0,5.27,1.73,-2.77,-0.21
1998-05-13,7.27,7.78,7.25,7.5,14084,10610326.0,7.18,1.84,1.63,0.12
1998-05-14,7.5,7.59,7.23,7.32,14358,10555144.0,4.8,1.88,-2.4,-0.18
1998-05-15,7.33,7.4,7.16,7.28,12650,9175340.0,3.28,1.65,-0.55,-0.04
1998-05-18,7.2,7.3,7.16,7.23,8960,6454626.0,1.92,1.17,-0.69,-0.05
1998-05-19,7.22,7.58,7.22,7.53,12613,9418564.0,4.98,1.65,4.15,0.3
1998-05-20,7.5,7.65,7.35,7.39,7724,5738819.5,3.98,1.01,-1.86,-0.14
1998-05-21,7.39,7.54,7.25,7.41,7422,5461949.0,3.92,0.97,0.27,0.02
1998-05-22,7.5,7.76,7.4,7.67,20856,15928959.0,4.86,2.73,3.51,0.26
1998-05-25,7.8,8.4,7.8,8.19,79640,64591516.0,7.82,10.42,6.78,0.52
1998-05-26,8.19,8.24,7.86,7.91,30819,24693689.0,4.64,4.03,-3.42,-0.28
1998-05-27,8.0,8.47,7.98,8.31,49634,41222856.0,6.19,6.49,5.06,0.4
1998-05-28,8.33,8.38,8.1,8.23,20620,16858382.0,3.37,2.7,-0.96,-0.08
1998-05-29,8.2,8.32,7.86,7.97,24831,19934778.0,5.59,3.25,-3.16,-0.26
1998-06-01,8.0,8.1,7.79,7.96,18971,15038823.0,3.89,2.48,-0.13,-0.01
1998-06-02,7.9,8.12,7.75,8.01,13869,10944010.0,4.65,1.81,0.63,0.05
1998-06-03,8.01,8.12,7.82,7.97,11639,9233634.0,3.75,1.52,-0.5,-0.04
1998-06-04,8.0,8.03,7.68,7.73,12102,9454967.0,4.39,1.58,-3.01,-0.24
1998-06-05,7.7,7.8,7.5,7.58,14065,10706581.0,3.88,1.84,-1.94,-0.15
1998-06-08,7.56,7.58,7.31,7.34,13536,10002594.0,3.56,1.77,-3.17,-0.24
1998-06-09,7.3,7.48,7.15,7.4,13827,10057643.0,4.5,1.81,0.82,0.06
1998-06-10,7.5,7.77,7.44,7.59,18427,14002984.0,4.46,2.41,2.57,0.19
1998-06-11,7.58,7.58,7.25,7.28,8096,5955577.5,4.35,1.06,-4.08,-0.31
1998-06-12,7.55,7.55,7.36,7.5,7883,5860833.0,2.61,1.03,3.02,0.22
1998-06-15,7.52,7.58,7.25,7.26,7045,5168850.0,4.4,0.92,-3.2,-0.24
1998-06-16,7.3,7.55,7.15,7.43,7223,5284195.0,5.51,0.94,2.34,0.17
1998-06-17,7.4,7.49,7.3,7.31,3737,2754365.0,2.56,0.49,-1.62,-0.12
1998-06-18,7.36,7.5,7.29,7.34,4319,3175203.0,2.87,0.57,0.41,0.03
1998-06-19,7.42,7.42,7.26,7.42,7338,5376453.5,2.18,0.96,1.09,0.08
1998-06-22,7.43,7.66,7.42,7.46,8515,6397177.0,3.23,1.11,0.54,0.04
1998-06-23,7.44,7.44,7.26,7.28,5994,4383430.5,2.41,0.78,-2.41,-0.18
1998-06-24,7.3,7.4,7.26,7.33,6098,4457476.5,1.92,0.8,0.69,0.05
1998-06-25,7.33,7.39,7.12,7.15,8491,6101663.0,3.68,1.11,-2.46,-0.18
1998-06-26,7.15,7.2,7.05,7.09,8605,6119341.5,2.1,1.13,-0.84,-0.06
1998-06-29,7.01,7.09,6.8,6.81,9692,6668819.5,4.09,1.27,-3.95,-0.28
1998-07-01,6.81,6.95,6.58,6.61,4139,2797852.25,5.43,0.54,-2.94,-0.2
1998-07-02,6.55,6.8,6.4,6.79,6408,4210782.5,6.05,0.84,2.72,0.18
1998-07-03,6.7,6.85,6.66,6.7,5621,3776824.75,2.8,0.74,-1.33,-0.09
1998-07-06,6.7,6.7,6.52,6.54,3659,2410631.5,2.69,0.48,-2.39,-0.16
1998-07-07,6.55,7.05,6.55,6.99,8337,5719525.0,7.65,1.09,6.88,0.45
1998-07-08,7.0,7.08,6.82,6.92,6070,4216787.5,3.72,0.79,-1.0,-0.07
1998-07-09,6.83,7.3,6.83,6.96,5412,3812035.75,6.79,0.71,0.58,0.04
1998-07-10,6.9,7.03,6.9,6.99,3005,2098687.5,1.87,0.39,0.43,0.03
1998-07-13,7.02,7.05,6.95,7.0,3937,2757351.75,1.43,0.52,0.14,0.01
1998-07-14,7.01,7.04,6.75,6.79,3412,2344456.0,4.14,0.45,-3.0,-0.21
1998-07-15,6.71,6.8,6.65,6.74,2658,1788895.62,2.21,0.35,-0.74,-0.05
1998-07-16,6.68,6.74,6.56,6.67,3262,2166822.25,2.67,0.43,-1.04,-0.07
1998-07-17,6.6,6.75,6.6,6.63,2579,1717477.75,2.25,0.34,-0.6,-0.04
1998-07-20,6.57,6.69,6.5,6.63,3747,2460351.25,2.87,0.49,0.0,0.0
1998-07-21,6.6,6.85,6.6,6.8,2847,1928849.62,3.77,0.37,2.56,0.17
1998-07-22,6.85,6.85,6.6,6.6,1688,1131074.0,3.68,0.22,-2.94,-0.2
1998-07-23,6.65,6.85,6.61,6.85,2918,1977018.75,3.64,0.38,3.79,0.25
1998-07-24,6.86,6.95,6.8,6.84,4562,3132839.75,2.19,0.6,-0.15,-0.01
1998-07-27,6.85,6.9,6.68,6.74,2850,1920469.12,3.22,0.37,-1.46,-0.1
1998-07-28,6.69,6.84,6.63,6.82,2520,1693650.25,3.12,0.33,1.19,0.08
1998-07-29,6.75,6.9,6.68,6.8,2949,2005981.0,3.23,0.39,-0.29,-0.02
1998-07-30,6.8,6.8,6.6,6.65,2810,1876962.5,2.94,0.37,-2.21,-0.15
1998-07-31,6.65,6.78,6.61,6.69,2628,1760011.5,2.56,0.34,0.6,0.04
1998-08-03,6.7,6.99,6.65,6.87,5638,3871833.5,5.08,0.74,2.69,0.18
1998-08-04,6.86,7.0,6.85,6.99,7067,4905001.0,2.18,0.92,1.75,0.12
1998-08-05,7.08,7.15,7.0,7.04,7741,5481477.5,2.15,1.01,0.72,0.05
1998-08-06,7.08,7.08,6.86,6.9,4329,2998048.5,3.13,0.57,-1.99,-0.14
1998-08-07,6.7,6.85,6.7,6.74,3114,2106812.75,2.17,0.41,-2.32,-0.16
1998-08-10,6.6,6.7,6.51,6.68,3246,2143548.75,2.82,0.42,-0.89,-0.06
1998-08-11,6.68,6.68,6.28,6.3,2680,1742511.0,5.99,0.35,-5.69,-0.38
1998-08-12,6.3,6.45,5.9,6.09,4249,2595921.75,8.73,0.56,-3.33,-0.21
1998-08-13,6.09,6.27,6.09,6.15,3056,1882104.38,2.96,0.4,0.99,0.06
1998-08-14,6.16,6.18,5.96,5.98,4272,2576215.75,3.58,0.56,-2.76,-0.17
1998-08-17,5.98,5.98,5.38,5.38,3750,2049657.25,10.03,0.49,-10.03,-0.6
1998-08-18,5.2,5.47,5.0,5.13,4075,2134814.5,8.74,0.53,-4.65,-0.25
1998-08-19,5.17,5.46,5.13,5.45,3753,1995455.62,6.43,0.49,6.24,0.32
1998-08-20,5.35,5.65,5.3,5.63,5994,3299263.75,6.42,0.78,3.3,0.18
1998-08-21,5.63,5.65,5.45,5.63,5607,3119374.5,3.55,0.73,0.0,0.0
1998-08-24,5.62,5.86,5.5,5.71,4504,2593807.75,6.39,0.59,1.42,0.08
1998-08-25,5.61,5.8,5.5,5.79,3195,1800943.5,5.25,0.42,1.4,0.08
1998-08-26,5.68,5.85,5.61,5.62,2207,1261278.5,4.15,0.29,-2.94,-0.17
1998-08-27,5.45,5.6,5.38,5.41,3429,1872168.12,3.91,0.45,-3.74,-0.21
1998-08-28,5.25,5.39,5.25,5.39,3009,1599388.5,2.59,0.39,-0.37,-0.02
1998-08-31,5.38,5.5,5.01,5.49,3983,2078440.25,9.09,0.52,1.86,0.1
1998-09-01,5.4,5.5,5.3,5.33,3302,1776412.88,3.64,0.43,-2.91,-0.16
1998-09-02,5.27,5.29,5.15,5.2,2731,1422964.25,2.63,0.36,-2.44,-0.13
1998-09-03,5.15,5.35,5.12,5.28,1954,1027850.0,4.42,0.26,1.54,0.08
1998-09-04,5.36,5.4,5.26,5.36,3029,1620024.5,2.65,0.4,1.52,0.08
1998-09-07,5.45,5.52,5.35,5.52,3915,2135160.25,3.17,0.51,2.99,0.16
1998-09-08,5.58,5.85,5.56,5.63,8798,5028384.0,5.25,1.15,1.99,0.11
1998-09-09,5.52,5.75,5.52,5.73,5258,2970628.0,4.09,0.69,1.78,0.1
1998-09-10,5.75,5.85,5.65,5.76,7949,4570921.0,3.49,1.04,0.52,0.03
1998-09-11,5.8,5.8,5.6,5.66,6746,3823229.0,3.47,0.88,-1.74,-0.1
1998-09-14,5.62,5.85,5.54,5.84,10099,5769231.0,5.48,1.32,3.18,0.18
1998-09-15,5.89,6.0,5.78,5.8,9088,5331242.5,3.77,1.19,-0.68,-0.04
1998-09-16,5.78,5.87,5.65,5.77,6105,3492996.0,3.79,0.8,-0.52,-0.03
1998-09-17,5.85,6.27,5.78,5.96,18855,11482922.0,8.49,2.47,3.29,0.19
1998-09-18,5.85,5.95,5.66,5.7,7311,4237244.5,4.87,0.96,-4.36,-0.26
1998-09-21,5.62,5.79,5.55,5.76,5260,2975733.75,4.21,0.69,1.05,0.06
1998-09-22,5.78,5.86,5.68,5.74,4412,2536288.0,3.13,0.58,-0.35,-0.02
1998-09-23,5.68,5.78,5.65,5.71,2845,1625867.0,2.26,0.37,-0.52,-0.03
1998-09-24,5.71,5.78,5.55,5.55,3702,2085545.5,4.03,0.48,-2.8,-0.16
1998-09-25,5.5,5.67,5.41,5.62,3689,2039220.5,4.68,0.48,1.26,0.07
1998-09-28,5.6,5.8,5.52,5.6,3770,2120228.5,4.98,0.49,-0.36,-0.02
1998-09-29,5.61,5.75,5.61,5.69,3069,1738721.25,2.5,0.4,1.61,0.09
1998-09-30,5.68,5.96,5.5,5.88,9946,5812185.0,8.08,1.3,3.34,0.19
1998-10-05,5.84,6.08,5.8,5.88,4392,2584786.5,4.76,0.57,0.0,0.0
1998-10-06,5.74,5.9,5.67,5.7,3084,1768266.75,3.91,0.4,-3.06,-0.18
1998-10-07,5.65,5.7,5.51,5.56,2589,1453327.5,3.33,0.34,-2.46,-0.14
1998-10-08,5.56,5.68,5.56,5.67,1961,1102872.75,2.16,0.26,1.98,0.11
1998-10-09,5.75,5.75,5.6,5.62,2155,1220697.38,2.65,0.28,-0.88,-0.05
1998-10-12,5.6,5.79,5.6,5.72,3810,2161709.5,3.38,0.5,1.78,0.1
1998-10-13,5.84,5.84,5.61,5.67,4028,2287032.25,4.02,0.53,-0.87,-0.05
1998-10-14,5.76,5.76,5.6,5.63,3719,2093605.75,2.82,0.49,-0.71,-0.04
1998-10-15,5.63,5.82,5.6,5.75,6872,3943733.5,3.91,0.9,2.13,0.12
1998-10-16,5.81,5.96,5.78,5.87,10515,6190465.0,3.13,1.38,2.09,0.12
1998-10-19,5.93,6.09,5.88,6.08,15180,9136020.0,3.58,1.99,3.58,0.21
1998-10-20,6.15,6.19,5.9,5.91,10287,6215477.0,4.77,1.35,-2.8,-0.17
1998-10-21,5.89,5.89,5.6,5.6,11309,6490823.5,4.91,1.48,-5.25,-0.31
1998-10-22,5.6,5.93,5.59,5.86,8052,4636335.5,6.07,1.05,4.64,0.26
1998-10-23,5.9,6.3,5.86,6.14,32178,19776208.0,7.51,4.21,4.78,0.28
1998-10-26,6.18,6.45,6.1,6.37,27512,17365802.0,5.7,3.6,3.75,0.23
1998-10-27,6.37,6.45,6.18,6.29,12617,7928489.5,4.24,1.65,-1.26,-0.08
1998-10-28,6.44,6.8,6.33,6.67,32632,21721448.0,7.47,4.27,6.04,0.38
1998-10-29,6.66,6.95,6.47,6.81,23411,15696565.0,7.2,3.06,2.1,0.14
1998-10-30,6.88,6.98,6.7,6.71,20838,14222378.0,4.11,2.73,-1.47,-0.1
1998-11-02,6.68,6.85,6.55,6.78,15782,10557381.0,4.47,2.06,1.04,0.07
1998-11-03,6.7,6.82,6.52,6.61,12635,8382169.0,4.42,1.65,-2.51,-0.17
1998-11-04,6.58,6.97,6.55,6.9,17649,12006207.0,6.35,2.31,4.39,0.29
1998-11-05,6.9,7.26,6.9,7.09,32814,23518312.0,5.22,4.29,2.75,0.19
1998-11-06,7.01,7.19,6.9,7.07,17094,11986361.0,4.09,2.24,-0.28,-0.02
1998-11-09,7.07,7.3,7.07,7.2,16306,11682986.0,3.25,2.13,1.84,0.13
1998-11-10,7.25,7.27,7.09,7.12,10916,7782079.5,2.5,1.43,-1.11,-0.08
1998-11-11,7.12,7.15,6.93,7.14,12019,8450273.0,3.09,1.57,0.28,0.02
1998-11-12,7.1,7.2,6.85,6.87,13001,9057862.0,4.9,1.7,-3.78,-0.27
1998-11-13,6.87,6.87,6.71,6.77,9008,6098972.5,2.33,1.18,-1.46,-0.1
1998-11-16,6.6,6.89,6.6,6.84,9092,6144297.0,4.28,1.19,1.03,0.07
1998-11-17,6.8,6.89,6.65,6.69,7874,5290694.0,3.51,1.03,-2.19,-0.15
1998-11-18,6.7,6.7,6.58,6.59,7176,4748424.0,1.79,0.94,-1.49,-0.1
1998-11-19,6.58,6.78,6.56,6.7,4423,2968440.75,3.34,0.58,1.67,0.11
1998-11-20,6.76,6.76,6.58,6.6,4029,2677791.75,2.69,0.53,-1.49,-0.1
1998-11-23,6.62,6.68,6.4,6.4,6173,3995111.5,4.24,0.81,-3.03,-0.2
1998-11-24,6.4,6.64,6.4,6.49,3679,2393055.0,3.75,0.48,1.41,0.09
1998-11-25,6.55,6.55,6.31,6.33,4009,2573494.25,3.7,0.52,-2.47,-0.16
1998-11-26,6.3,6.33,6.2,6.23,4763,2981175.0,2.05,0.62,-1.58,-0.1
1998-11-27,6.2,6.35,6.13,6.17,4925,3056970.0,3.53,0.64,-0.96,-0.06
1998-11-30,6.17,6.25,6.15,6.25,3179,1973132.25,1.62,0.42,1.3,0.08
1998-12-01,6.26,6.4,6.18,6.18,4298,2714347.0,3.52,0.56,-1.12,-0.07
1998-12-02,6.18,6.33,6.18,6.33,3013,1884171.0,2.43,0.39,2.43,0.15
1998-12-03,6.3,6.3,6.1,6.12,5453,3352321.25,3.16,0.71,-3.32,-0.21
1998-12-04,6.0,6.0,5.7,5.74,12789,7440604.0,4.9,1.67,-6.21,-0.38
1998-12-07,5.88,5.92,5.6,5.62,4508,2587936.75,5.57,0.59,-2.09,-0.12
1998-12-08,5.4,5.94,5.4,5.93,8982,5211759.5,9.61,1.18,5.52,0.31
1998-12-09,5.7,6.05,5.7,5.88,4607,2743460.0,5.9,0.6,-0.84,-0.05
1998-12-10,5.9,5.94,5.62,5.63,2373,1358854.75,5.44,0.31,-4.25,-0.25
1998-12-11,5.51,5.93,5.51,5.85,2615,1505207.62,7.46,0.34,3.91,0.22
1998-12-14,5.91,6.05,5.72,5.88,5154,3065414.75,5.64,0.67,0.51,0.03
1998-12-15,5.87,6.02,5.7,6.0,3367,1974327.88,5.44,0.44,2.04,0.12
1998-12-16,6.02,6.05,5.9,5.93,4245,2542102.5,2.5,0.56,-1.17,-0.07
1998-12-17,5.9,5.9,5.7,5.72,2851,1655176.5,3.37,0.37,-3.54,-0.21
1998-12-18,5.7,5.96,5.7,5.8,3494,2030128.75,4.55,0.46,1.4,0.08
1998-12-21,5.79,5.88,5.71,5.8,2280,1317187.0,2.93,0.3,0.0,0.0
1998-12-22,5.82,6.0,5.82,5.99,3294,1955959.88,3.1,0.43,3.28,0.19
1998-12-23,5.96,6.18,5.85,6.16,9771,5923919.0,5.51,1.28,2.84,0.17
1998-12-24,6.15,6.19,6.02,6.09,4819,2935345.0,2.76,0.63,-1.14,-0.07
1998-12-25,6.12,6.14,6.0,6.02,3092,1878907.0,2.3,0.4,-1.15,-0.07
1998-12-28,6.03,6.15,5.75,5.82,4008,2370203.25,6.64,0.52,-3.32,-0.2
1998-12-29,5.82,5.9,5.62,5.68,2557,1463389.75,4.81,0.33,-2.41,-0.14
1998-12-30,5.65,5.84,5.6,5.77,3649,2084089.62,4.23,0.48,1.58,0.09
1998-12-31,5.88,5.92,5.71,5.71,1388,805472.0,3.64,0.18,-1.04,-0.06
1999-01-04,5.65,5.7,5.6,5.64,1470,828054.75,1.75,0.19,-1.23,-0.07
1999-01-05,5.65,5.78,5.4,5.65,3059,1696050.38,6.74,0.4,0.18,0.01
1999-01-06,5.69,5.82,5.57,5.68,2515,1438217.38,4.42,0.33,0.53,0.03
1999-01-07,5.7,5.75,5.58,5.72,2174,1224652.88,2.99,0.28,0.7,0.04
1999-01-08,5.72,5.95,5.7,5.92,6015,3539209.0,4.37,0.79,3.5,0.2
1999-01-11,5.95,5.98,5.75,5.85,3052,1771951.62,3.89,0.4,-1.18,-0.07
1999-01-12,5.88,5.9,5.55,5.59,4970,2819219.5,5.98,0.65,-4.44,-0.26
1999-01-13,5.5,5.6,5.15,5.17,10598,5719725.0,8.05,1.39,-7.51,-0.42
1999-01-14,5.2,5.33,5.0,5.02,10453,5351047.0,6.38,1.37,-2.9,-0.15
1999-01-15,5.03,5.17,5.02,5.03,6515,3309706.75,2.99,0.85,0.2,0.01
1999-01-18,4.77,4.79,4.53,4.73,14339,6612422.5,5.17,1.88,-5.96,-0.3
1999-01-19,4.65,4.79,4.63,4.74,6308,2973871.75,3.38,0.83,0.21,0.01
1999-01-20,4.75,4.89,4.7,4.72,4256,2032503.25,4.01,0.56,-0.42,-0.02
1999-01-21,4.71,4.75,4.63,4.72,3704,1735307.5,2.54,0.48,0.0,0.0
1999-01-22,4.72,4.8,4.68,4.71,4736,2233435.5,2.54,0.62,-0.21,-0.01
1999-01-25,4.71,4.79,4.61,4.76,4094,1922202.62,3.82,0.54,1.06,0.05
1999-01-26,4.73,4.75,4.65,4.72,2370,1114180.88,2.1,0.31,-0.84,-0.04
1999-01-27,4.7,4.98,4.69,4.94,9070,4433708.0,6.14,1.19,4.66,0.22
1999-01-28,4.94,4.97,4.82,4.89,4122,2014717.75,3.04,0.54,-1.01,-0.05
1999-01-29,4.86,5.05,4.82,4.96,6042,2975673.5,4.7,0.79,1.43,0.07
1999-02-01,4.96,5.07,4.91,5.03,6577,3294490.25,3.23,0.86,1.41,0.07
1999-02-02,5.04,5.04,4.81,4.84,3302,1613698.0,4.57,0.43,-3.78,-0.19
1999-02-03,4.82,4.82,4.67,4.7,3559,1683174.0,3.1,0.47,-2.89,-0.14
1999-02-04,4.67,4.72,4.63,4.65,2286,1065671.5,1.91,0.3,-1.06,-0.05
1999-02-05,4.57,4.62,4.39,4.41,3518,1579014.12,4.95,0.46,-5.16,-0.24
1999-02-08,4.21,4.5,4.21,4.23,2168,935607.44,6.58,0.28,-4.08,-0.18
1999-02-09,4.35,4.41,4.28,4.39,2202,954290.0,3.07,0.29,3.78,0.16
1999-03-01,4.49,4.6,4.3,4.58,4529,2035915.12,6.83,0.59,4.33,0.19
1999-03-02,4.65,4.65,4.45,4.6,1955,891790.81,4.37,0.26,0.44,0.02
1999-03-03,4.65,4.8,4.58,4.79,6025,2850700.25,4.78,0.79,4.13,0.19
1999-03-04,4.78,5.1,4.66,5.08,12234,6007208.5,9.19,1.6,6.05,0.29
1999-03-05,5.08,5.45,5.03,5.24,21743,11433432.0,8.27,2.84,3.15,0.16
1999-03-08,5.2,5.22,5.05,5.13,7448,3808507.5,3.24,0.97,-2.1,-0.11
1999-03-09,5.12,5.3,5.08,5.13,6836,3521042.5,4.29,0.89,0.0,0.0
1999-03-10,5.06,5.15,5.02,5.09,5870,2983933.0,2.53,0.77,-0.78,-0.04
1999-03-11,5.09,5.3,5.09,5.18,6573,3430851.0,4.13,0.86,1.77,0.09
1999-03-12,5.25,5.57,5.21,5.39,17588,9539523.0,6.95,2.3,4.05,0.21
1999-03-15,5.42,5.43,5.22,5.24,10539,5565704.0,3.9,1.38,-2.78,-0.15
1999-03-16,5.2,5.3,5.1,5.29,7606,3934571.5,3.82,1.0,0.95,0.05
1999-03-17,5.28,5.32,5.12,5.13,6820,3542697.5,3.78,0.89,-3.02,-0.16
1999-03-18,5.08,5.18,5.06,5.08,5465,2787340.0,2.34,0.71,-0.97,-0.05
1999-03-19,5.08,5.21,5.05,5.19,3855,1980453.88,3.15,0.5,2.17,0.11
1999-03-22,5.13,5.18,5.07,5.08,5825,2976013.25,2.12,0.76,-2.12,-0.11
1999-03-23,5.08,5.23,5.06,5.2,4108,2106392.5,3.35,0.54,2.36,0.12
1999-03-24,5.24,5.25,5.09,5.12,3692,1899034.75,3.08,0.48,-1.54,-0.08
1999-03-25,5.09,5.2,5.03,5.07,4019,2054168.75,3.32,0.53,-0.98,-0.05
1999-03-26,5.04,5.15,5.02,5.07,3447,1755603.75,2.56,0.45,0.0,0.0
1999-03-29,5.08,5.27,5.0,5.24,7385,3834742.25,5.33,0.97,3.35,0.17
1999-03-30,5.19,5.35,5.19,5.23,10524,5572080.5,3.05,1.38,-0.19,-0.01
1999-03-31,5.22,5.33,5.09,5.33,7908,4146051.25,4.59,1.03,1.91,0.1
1999-04-01,5.3,5.6,5.3,5.51,28335,15613491.0,5.63,3.71,3.38,0.18
1999-04-02,5.56,5.6,5.37,5.38,14909,8194686.0,4.17,1.95,-2.36,-0.13
1999-04-05,5.42,5.6,5.42,5.56,10285,5689160.5,3.35,1.35,3.35,0.18
1999-04-06,5.58,5.6,5.36,5.46,4753,2589448.25,4.32,0.62,-1.8,-0.1
1999-04-07,5.47,5.8,5.4,5.79,22738,12873316.0,7.33,2.97,6.04,0.33
1999-04-08,5.82,5.89,5.64,5.74,14309,8249508.0,4.32,1.87,-0.86,-0.05
1999-04-09,5.66,5.7,5.55,5.65,8587,4819576.5,2.61,1.12,-1.57,-0.09
1999-04-12,5.82,5.82,5.53,5.57,9542,5396884.0,5.13,1.25,-1.42,-0.08
1999-04-13,5.58,5.58,5.3,5.34,9519,5164593.5,5.03,1.25,-4.13,-0.23
1999-04-14,5.34,5.4,5.25,5.35,5789,3073554.25,2.81,0.76,0.19,0.01
1999-04-15,5.35,5.4,5.15,5.16,6920,3616783.0,4.67,0.91,-3.55,-0.19
1999-04-16,5.14,5.19,5.0,5.07,6880,3505648.75,3.68,0.9,-1.74,-0.09
1999-04-19,5.0,5.16,4.91,5.08,5308,2672963.5,4.93,0.69,0.2,0.01
1999-04-20,5.08,5.25,5.08,5.19,3857,1998229.75,3.35,0.5,2.17,0.11
1999-04-21,5.2,5.38,5.18,5.26,9362,4963382.0,3.85,1.22,1.35,0.07
1999-04-22,5.24,5.24,5.0,5.15,5983,3053491.0,4.56,0.78,-2.09,-0.11
1999-04-23,5.2,5.37,5.1,5.31,10227,5394668.5,5.24,1.34,3.11,0.16
1999-04-26,5.36,5.7,5.29,5.7,35308,19652412.0,7.72,4.62,7.34,0.39
1999-04-27,5.81,5.98,5.35,5.38,60983,35089996.0,11.05,7.98,-5.61,-0.32
1999-04-28,5.3,5.3,4.84,4.84,20371,10077387.0,8.55,2.66,-10.04,-0.54
1999-04-29,4.44,4.8,4.38,4.67,22928,10605256.0,8.68,3.0,-3.51,-0.17
1999-05-04,4.65,4.9,4.61,4.66,12561,5977535.5,6.21,1.64,-0.21,-0.01
1999-05-05,4.65,4.65,4.43,4.5,11237,5042911.5,4.72,1.47,-3.43,-0.16
1999-05-06,4.5,4.6,4.4,4.57,5335,2415236.25,4.44,0.7,1.56,0.07
1999-05-07,4.58,4.6,4.48,4.52,4912,2227421.5,2.63,0.64,-1.09,-0.05
1999-05-10,4.47,4.47,4.28,4.28,5299,2288090.5,4.2,0.69,-5.31,-0.24
1999-05-11,4.24,4.37,4.1,4.3,7150,3015693.5,6.31,0.94,0.47,0.02
1999-05-12,4.3,4.3,4.18,4.22,3175,1342102.75,2.79,0.42,-1.86,-0.08
1999-05-13,4.22,4.22,4.1,4.11,4485,1856127.12,2.84,0.59,-2.61,-0.11
1999-05-14,4.04,4.06,3.93,3.93,6519,2598789.25,3.16,0.85,-4.38,-0.18
1999-05-17,3.93,3.93,3.8,3.88,4524,1744910.62,3.31,0.59,-1.27,-0.05
1999-05-18,3.9,4.05,3.85,3.94,3570,1419687.5,5.15,0.47,1.55,0.06
1999-05-19,3.88,4.1,3.88,4.1,5223,2108457.0,5.58,0.68,4.06,0.16
1999-05-20,4.1,4.22,4.04,4.18,7797,3226360.5,4.39,1.02,1.95,0.08
1999-05-21,4.2,4.2,4.06,4.15,10041,4156110.25,3.35,1.31,-0.72,-0.03
1999-05-24,4.13,4.13,3.95,4.08,14624,5864944.5,4.34,1.91,-1.69,-0.07
1999-05-25,4.08,4.22,4.02,4.2,16616,6887018.5,4.9,2.17,2.94,0.12
1999-05-26,4.18,4.25,4.1,4.22,12659,5289736.0,3.57,1.66,0.48,0.02
1999-05-27,4.23,4.24,4.1,4.16,18300,7577782.0,3.32,2.39,-1.42,-0.06
1999-05-28,4.15,4.19,4.03,4.08,14126,5812315.5,3.85,1.85,-1.92,-0.08
1999-05-31,4.04,4.14,3.97,3.99,14656,5917504.5,4.17,1.92,-2.21,-0.09
1999-06-01,4.0,4.12,3.97,4.08,12102,4906682.5,3.76,1.58,2.26,0.09
1999-06-02,4.1,4.28,4.0,4.28,27076,11261211.0,6.86,3.54,4.9,0.2
1999-06-03,4.25,4.35,4.11,4.14,15330,6459470.0,5.61,2.01,-3.27,-0.14
1999-06-04,4.1,4.15,4.04,4.1,9578,3892082.5,2.66,1.25,-0.97,-0.04
1999-06-07,4.05,4.13,4.0,4.12,10941,4431705.0,3.17,1.43,0.49,0.02
1999-06-08,4.14,4.32,4.08,4.28,22378,9453229.0,5.83,2.93,3.88,0.16
1999-06-09,4.32,4.45,4.23,4.38,29514,12800459.0,5.14,3.86,2.34,0.1
1999-06-10,4.38,4.58,4.28,4.46,34265,15321128.0,6.85,4.48,1.83,0.08
1999-06-11,4.5,4.69,4.43,4.69,30705,14309348.0,5.83,4.02,5.16,0.23
1999-06-14,4.87,4.92,4.8,4.92,25078,12270480.0,2.56,3.28,4.9,0.23
1999-06-15,5.0,5.0,4.67,4.67,14197,6690568.0,6.71,1.86,-5.08,-0.25
1999-06-16,4.45,4.72,4.44,4.71,31199,14223515.0,6.0,4.08,0.86,0.04
1999-06-17,4.65,4.65,4.48,4.48,19552,8799456.0,3.61,2.56,-4.88,-0.23
1999-06-18,4.4,4.6,4.29,4.34,22517,9828543.0,6.92,2.95,-3.13,-0.14
1999-06-21,4.35,4.45,4.25,4.43,27445,12001361.0,4.61,3.59,2.07,0.09
1999-06-22,4.46,4.63,4.35,4.62,26268,11891660.0,6.32,3.44,4.29,0.19
1999-06-23,4.68,4.82,4.55,4.8,34767,16185252.0,5.84,4.55,3.9,0.18
1999-06-24,4.79,4.8,4.56,4.56,38884,17979532.0,5.0,5.09,-5.0,-0.24
1999-06-25,4.5,4.66,4.4,4.41,39642,17744218.0,5.7,5.19,-3.29,-0.15
1999-06-28,4.35,4.6,4.35,4.53,31068,14022232.0,5.67,4.06,2.72,0.12
1999-06-29,4.55,4.65,4.45,4.57,39010,17654300.0,4.42,5.1,0.88,0.04
1999-06-30,4.58,4.78,4.4,4.72,56180,26054370.0,8.32,7.35,3.28,0.15
1999-07-01,4.73,4.9,4.48,4.48,59572,28407474.0,8.9,7.79,-5.08,-0.24
1999-07-02,4.45,4.7,4.26,4.7,31806,14443540.0,9.82,4.16,4.91,0.22
1999-07-05,4.9,4.94,4.7,4.94,60091,29364402.0,5.11,7.86,5.11,0.24
1999-07-06,5.0,5.09,4.69,4.69,27290,13111759.0,8.1,3.57,-5.06,-0.25
1999-07-07,4.6,4.67,4.46,4.62,21024,9561407.0,4.48,2.75,-1.49,-0.07
1999-07-08,4.5,4.65,4.5,4.54,13758,6263489.5,3.25,1.8,-1.73,-0.08
1999-07-12,4.48,4.63,4.4,4.54,14620,6677488.0,5.07,1.91,0.0,0.0
1999-07-13,4.5,4.6,4.35,4.38,13739,6158913.5,5.51,1.8,-3.52,-0.16
1999-07-14,4.38,4.6,4.38,4.6,15437,7033963.5,5.02,2.02,5.02,0.22
1999-07-15,4.61,4.83,4.61,4.83,17975,8640277.0,4.78,2.35,5.0,0.23
1999-07-16,5.03,5.07,4.99,5.07,34352,17393794.0,1.66,4.49,4.97,0.24
1999-07-19,5.27,5.27,4.82,4.82,63503,31694210.0,8.88,8.31,-4.93,-0.25
1999-07-20,4.6,4.72,4.58,4.6,28885,13299834.0,2.9,3.78,-4.56,-0.22
1999-07-21,4.59,4.83,4.51,4.73,25243,11796060.0,6.96,3.3,2.83,0.13
1999-07-22,4.72,4.81,4.57,4.59,16263,7633613.5,5.07,2.13,-2.96,-0.14
1999-07-23,4.63,4.65,4.54,4.61,12718,5838454.0,2.4,1.66,0.44,0.02
1999-07-26,4.66,4.81,4.59,4.72,11660,5498226.0,4.77,1.53,2.39,0.11
1999-07-27,4.78,4.9,4.7,4.88,23882,11523365.0,4.24,3.12,3.39,0.16
1999-07-28,4.95,5.03,4.76,4.98,36675,18072628.0,5.53,4.8,2.05,0.1
1999-07-29,4.98,5.2,4.91,5.15,54873,28035356.0,5.82,7.18,3.41,0.17
1999-07-30,5.15,5.41,5.0,5.06,60632,31862783.0,7.96,7.93,-1.75,-0.09
1999-08-02,5.02,5.31,5.0,5.31,50685,26789914.0,6.13,6.63,4.94,0.25
1999-08-03,5.49,5.58,5.4,5.58,38580,21386670.0,3.39,5.05,5.08,0.27
1999-08-04,5.6,5.8,5.36,5.6,44760,24783586.0,7.89,5.86,0.36,0.02
1999-08-05,5.62,5.68,5.4,5.45,36431,20125570.0,5.0,4.77,-2.68,-0.15
1999-08-06,5.41,5.55,5.18,5.2,45085,23704176.0,6.79,5.9,-4.59,-0.25
1999-08-09,5.14,5.43,5.14,5.28,18407,9762280.0,5.58,2.41,1.54,0.08
1999-08-10,5.25,5.4,5.18,5.23,13590,7174135.5,4.17,1.78,-0.95,-0.05
1999-08-11,5.2,5.25,5.05,5.1,11664,5983228.0,3.82,1.53,-2.49,-0.13
1999-08-12,5.1,5.19,5.09,5.18,10136,5198762.0,1.96,1.33,1.57,0.08
1999-08-13,5.18,5.29,5.09,5.1,6252,3228373.25,3.86,0.82,-1.54,-0.08
1999-08-16,5.1,5.17,4.95,4.96,9925,4977412.0,4.31,1.3,-2.75,-0.14
1999-08-17,4.98,5.08,4.95,5.05,10777,5401748.5,2.62,1.41,1.81,0.09
1999-08-18,5.05,5.19,5.03,5.13,9432,4820915.0,3.17,1.23,1.58,0.08
1999-08-19,5.2,5.28,5.08,5.17,14312,7390304.5,3.9,1.87,0.78,0.04
1999-08-20,5.2,5.25,5.11,5.19,13720,7094503.0,2.71,1.79,0.39,0.02
1999-08-23,5.25,5.45,5.23,5.43,24153,12989877.0,4.24,3.16,4.62,0.24
1999-08-24,5.45,5.5,5.28,5.33,12897,6892471.5,4.05,1.69,-1.84,-0.1
1999-08-25,5.35,5.35,5.11,5.19,11297,5902878.0,4.5,1.48,-2.63,-0.14
1999-08-26,5.27,5.45,5.2,5.45,13533,7334205.0,4.82,1.77,5.01,0.26
1999-08-27,5.55,5.65,5.38,5.43,30487,16882332.0,4.95,3.99,-0.37,-0.02
1999-08-30,5.51,5.52,5.28,5.3,12201,6560421.5,4.42,1.6,-2.39,-0.13
1999-08-31,5.27,5.4,5.2,5.35,12135,6419719.0,3.77,1.59,0.94,0.05
1999-09-01,5.35,5.38,5.18,5.21,10929,5733195.5,3.74,1.43,-2.62,-0.14
1999-09-02,5.2,5.22,5.08,5.2,9543,4909144.5,2.69,1.25,-0.19,-0.01
1999-09-03,5.22,5.3,5.15,5.17,7695,4021256.25,2.88,1.01,-0.58,-0.03
1999-09-06,5.15,5.19,5.07,5.12,6233,3193426.25,2.32,0.82,-0.97,-0.05
1999-09-07,5.15,5.25,5.13,5.15,5950,3088777.75,2.34,0.78,0.59,0.03
1999-09-08,5.14,5.24,5.14,5.2,4660,2414087.5,1.94,0.61,0.97,0.05
1999-09-09,5.26,5.36,5.18,5.29,23523,12356146.0,3.46,3.08,1.73,0.09
1999-09-10,5.3,5.3,5.1,5.16,25150,13038689.0,3.78,3.29,-2.46,-0.13
1999-09-13,5.14,5.24,5.09,5.13,13673,7022468.0,2.91,1.79,-0.58,-0.03
1999-09-14,5.15,5.34,5.15,5.3,14125,7459958.0,3.7,1.85,3.31,0.17
1999-09-15,5.35,5.35,5.15,5.18,10078,5262333.0,3.77,1.32,-2.26,-0.12
1999-09-16,5.18,5.42,5.18,5.36,18925,10079019.0,4.63,2.48,3.47,0.18
1999-09-17,5.35,5.48,5.26,5.37,21483,11601185.0,4.1,2.81,0.19,0.01
1999-09-20,5.38,5.56,5.3,5.5,29595,16182121.0,4.84,3.87,2.42,0.13
1999-09-21,5.5,5.5,5.34,5.38,12720,6884554.5,2.91,1.66,-2.18,-0.12
1999-09-22,5.32,5.65,5.32,5.65,24753,13926801.0,6.13,3.24,5.02,0.27
1999-09-23,5.78,5.93,5.78,5.93,29679,17541486.0,2.65,3.88,4.96,0.28
1999-09-24,6.2,6.2,5.72,5.79,102506,60812068.0,8.09,13.41,-2.36,-0.14
1999-09-27,5.7,6.08,5.53,5.95,65465,38563816.0,9.5,8.56,2.76,0.16
1999-09-28,5.89,6.25,5.81,6.25,75047,46048108.0,7.39,9.82,5.04,0.3
1999-09-29,6.29,6.55,6.13,6.2,84809,53791332.0,6.72,11.09,-0.8,-0.05
1999-09-30,6.19,6.19,5.89,5.89,29874,17839416.0,4.84,3.91,-5.0,-0.31
1999-10-08,5.68,5.8,5.6,5.6,15435,8753731.0,3.4,2.02,-4.92,-0.29
1999-10-11,5.49,5.75,5.32,5.52,29324,16090443.0,7.68,3.84,-1.43,-0.08
1999-10-12,5.57,5.6,5.24,5.32,17960,9548244.0,6.52,2.35,-3.62,-0.2
1999-10-13,5.33,5.44,5.24,5.26,12969,6916314.5,3.76,1.7,-1.13,-0.06
1999-10-14,5.26,5.32,5.03,5.06,19955,10251449.0,5.51,2.61,-3.8,-0.2
1999-10-15,5.06,5.23,5.06,5.18,14851,7661294.5,3.36,1.94,2.37,0.12
1999-10-18,5.24,5.33,5.1,5.25,11966,6268995.0,4.44,1.57,1.35,0.07
1999-10-19,5.2,5.3,5.0,5.02,14552,7423115.0,5.71,1.9,-4.38,-0.23
1999-10-20,5.0,5.08,4.83,5.05,16791,8263135.5,4.98,2.2,0.6,0.03
1999-10-21,5.05,5.2,4.9,5.11,14115,7184383.0,5.94,1.85,1.19,0.06
1999-10-22,5.1,5.3,5.05,5.2,17848,9253731.0,4.89,2.33,1.76,0.09
1999-10-25,5.22,5.27,5.12,5.17,6210,3212165.0,2.88,0.81,-0.58,-0.03
1999-10-26,5.13,5.2,5.12,5.19,7460,3844528.25,1.55,0.98,0.39,0.02
1999-10-27,5.17,5.31,5.12,5.25,17461,9125505.0,3.66,2.28,1.16,0.06
1999-10-28,5.25,5.33,5.18,5.32,14219,7507261.5,2.86,1.86,1.33,0.07
1999-10-29,5.3,5.36,5.17,5.18,7110,3737836.75,3.57,0.93,-2.63,-0.14
1999-11-01,5.15,5.18,5.02,5.07,12546,6372243.5,3.09,1.64,-2.12,-0.11
1999-11-02,5.04,5.1,4.96,5.0,7286,3655685.0,2.76,0.95,-1.38,-0.07
1999-11-03,4.98,5.0,4.85,4.89,9211,4515550.0,3.0,1.2,-2.2,-0.11
1999-11-04,4.85,4.97,4.81,4.85,5107,2480927.25,3.27,0.67,-0.82,-0.04
1999-11-05,4.9,4.94,4.82,4.87,4821,2347994.0,2.47,0.63,0.41,0.02
1999-11-08,4.9,5.11,4.86,5.11,12112,6142119.0,5.13,1.58,4.93,0.24
1999-11-09,5.19,5.25,5.06,5.11,10064,5183428.0,3.72,1.32,0.0,0.0
1999-11-10,5.07,5.09,4.9,4.96,6597,3273781.0,3.72,0.86,-2.94,-0.15
1999-11-11,4.91,5.09,4.9,5.08,4790,2407339.25,3.83,0.63,2.42,0.12
1999-11-12,5.0,5.17,5.0,5.13,6519,3339379.0,3.35,0.85,0.98,0.05
1999-11-15,5.14,5.16,5.04,5.08,3031,1538443.38,2.34,0.4,-0.97,-0.05
1999-11-16,5.1,5.2,5.08,5.16,6869,3534177.5,2.36,0.9,1.57,0.08
1999-11-17,5.16,5.2,5.05,5.17,4475,2290352.25,2.91,0.59,0.19,0.01
1999-11-18,5.18,5.4,5.16,5.33,18859,9980323.0,4.64,2.47,3.09,0.16
1999-11-19,5.33,5.43,5.26,5.31,13334,7140286.5,3.19,1.74,-0.38,-0.02
1999-11-22,5.3,5.38,5.26,5.33,5732,3060209.0,2.26,0.75,0.38,0.02
1999-11-23,5.33,5.43,5.27,5.39,7621,4079266.5,3.0,1.0,1.13,0.06
1999-11-24,5.37,5.47,5.2,5.21,6654,3557933.25,5.01,0.87,-3.34,-0.18
1999-11-25,5.21,5.22,5.06,5.07,5396,2771682.0,3.07,0.71,-2.69,-0.14
1999-11-26,5.05,5.14,5.03,5.07,4773,2427337.0,2.17,0.62,0.0,0.0
1999-11-29,5.1,5.1,5.0,5.03,4659,2353957.5,1.97,0.61,-0.79,-0.04
1999-11-30,5.0,5.09,4.99,5.07,3868,1947127.88,1.99,0.51,0.8,0.04
1999-12-01,5.04,5.27,5.04,5.12,4397,2265798.5,4.54,0.58,0.99,0.05
1999-12-02,5.14,5.23,5.09,5.18,5491,2838493.0,2.73,0.72,1.17,0.06
1999-12-03,5.18,5.36,5.15,5.29,14712,7800885.5,4.05,1.92,2.12,0.11
1999-12-06,5.3,5.4,5.24,5.38,11744,6275624.0,3.02,1.54,1.7,0.09
1999-12-07,5.38,5.4,5.19,5.27,9632,5083922.0,3.9,1.26,-2.04,-0.11
1999-12-08,5.28,5.3,5.08,5.09,5630,2917607.75,4.17,0.74,-3.42,-0.18
1999-12-09,5.09,5.24,5.07,5.18,4093,2109748.0,3.34,0.54,1.77,0.09
1999-12-10,5.18,5.35,5.09,5.24,7403,3890937.0,5.02,0.97,1.16,0.06
1999-12-13,5.2,5.28,5.12,5.14,6399,3303373.75,3.05,0.84,-1.91,-0.1
1999-12-14,5.11,5.38,5.1,5.35,14943,7917724.0,5.45,1.95,4.09,0.21
1999-12-15,5.35,5.44,5.15,5.26,18669,9783375.0,5.42,2.44,-1.68,-0.09
1999-12-16,5.25,5.39,5.18,5.27,11325,6003707.0,3.99,1.48,0.19,0.01
1999-12-17,5.3,5.53,5.26,5.53,48825,26852716.0,5.12,6.39,4.93,0.26
1999-12-21,5.59,5.81,5.57,5.81,66397,38110548.0,4.34,8.69,5.06,0.28
1999-12-22,5.82,5.92,5.6,5.7,52314,30247492.0,5.51,6.84,-1.89,-0.11
1999-12-23,5.65,5.67,5.42,5.42,43211,23652480.0,4.39,5.65,-4.91,-0.28
1999-12-24,5.32,5.32,5.15,5.15,22099,11440697.0,3.14,2.89,-4.98,-0.27
1999-12-27,5.01,5.2,4.9,5.01,24441,12278000.0,5.83,3.2,-2.72,-0.14
1999-12-28,4.96,5.26,4.96,5.26,17278,8915194.0,5.99,2.26,4.99,0.25
1999-12-29,5.29,5.33,5.05,5.11,12056,6273930.5,5.32,1.58,-2.85,-0.15
1999-12-30,5.29,5.37,5.29,5.37,4690,2517832.25,1.57,0.61,5.09,0.26
2000-01-04,5.63,5.64,5.45,5.64,49099,27239256.0,3.54,6.42,5.03,0.27
2000-01-05,5.64,5.83,5.47,5.72,32084,18270024.0,6.38,4.2,1.42,0.08
2000-01-06,5.7,5.76,5.43,5.59,32055,17837070.0,5.77,4.19,-2.27,-0.13
2000-01-07,5.51,5.76,5.46,5.7,60206,33888604.0,5.37,7.88,1.97,0.11
2000-01-10,5.71,5.95,5.66,5.79,41269,23842288.0,5.09,5.4,1.58,0.09
2000-01-11,5.78,5.9,5.5,5.5,31938,17884580.0,6.91,4.18,-5.01,-0.29
2000-01-12,5.46,5.46,5.23,5.28,29313,15461014.0,4.18,3.83,-4.0,-0.22
2000-01-13,5.3,5.5,5.28,5.48,18425,9967506.0,4.17,2.41,3.79,0.2
2000-01-14,5.5,5.55,5.38,5.39,14921,8150680.5,3.1,1.95,-1.64,-0.09
2000-01-17,5.39,5.59,5.2,5.28,23511,12619699.0,7.24,3.08,-2.04,-0.11
2000-01-18,5.25,5.43,5.1,5.4,16453,8700720.0,6.25,2.15,2.27,0.12
2000-01-19,5.4,5.4,5.18,5.23,12397,6517772.0,4.07,1.62,-3.15,-0.17
2000-01-20,5.19,5.3,5.16,5.2,13093,6828066.5,2.68,1.71,-0.57,-0.03
2000-01-21,5.2,5.25,5.0,5.05,27900,14164537.0,4.81,3.65,-2.88,-0.15
2000-01-24,5.01,5.1,4.8,5.08,29479,14480970.0,5.94,3.86,0.59,0.03
2000-01-25,5.03,5.28,4.93,5.22,20047,10313373.0,6.89,2.62,2.76,0.14
2000-01-26,5.17,5.35,5.17,5.28,10466,5505527.0,3.45,1.37,1.15,0.06
2000-01-27,5.23,5.28,5.02,5.08,18008,9121691.0,4.92,2.36,-3.79,-0.2
2000-01-28,5.02,5.05,4.85,4.93,20328,9969861.0,3.94,2.66,-2.95,-0.15
2000-02-14,4.95,5.18,4.68,5.12,25229,12581832.0,10.14,3.3,3.85,0.19
2000-02-15,5.13,5.15,4.96,4.97,34951,17632314.0,3.71,4.57,-2.93,-0.15
2000-02-16,4.95,5.11,4.85,4.95,28499,14191504.0,5.23,3.73,-0.4,-0.02
2000-02-17,4.94,4.94,4.73,4.77,28873,13921256.0,4.24,3.78,-3.64,-0.18
2000-02-18,4.72,4.95,4.71,4.79,15646,7578573.5,5.03,2.05,0.42,0.02
2000-02-21,4.77,4.79,4.58,4.7,22679,10542500.0,4.38,2.97,-1.88,-0.09
2000-02-22,4.68,4.94,4.65,4.94,22749,11089121.0,6.17,2.98,5.11,0.24
2000-02-23,5.0,5.09,4.73,4.8,18100,8884332.0,7.29,2.37,-2.83,-0.14
2000-02-24,4.8,4.85,4.71,4.85,10732,5111308.5,2.92,1.4,1.04,0.05
2000-02-25,4.87,4.87,4.76,4.82,11743,5636620.5,2.27,1.54,-0.62,-0.03
2000-02-28,4.86,4.9,4.75,4.86,14084,6796056.0,3.11,1.84,0.83,0.04
2000-02-29,4.86,5.1,4.78,5.06,36807,18476404.0,6.58,4.82,4.12,0.2
2000-03-01,5.07,5.3,4.9,5.22,35663,18463040.0,7.91,4.67,3.16,0.16
2000-03-02,5.29,5.48,5.15,5.47,42821,23008462.0,6.32,5.6,4.79,0.25
2000-03-03,5.52,5.62,5.33,5.46,38080,20685760.0,5.3,4.98,-0.18,-0.01
2000-03-06,5.47,5.5,5.28,5.29,30635,16538205.0,4.03,4.01,-3.11,-0.17
2000-03-07,5.25,5.25,5.05,5.11,15156,7792159.0,3.78,1.98,-3.4,-0.18
2000-03-08,5.12,5.37,5.12,5.37,20556,11017527.0,4.89,2.69,5.09,0.26
2000-03-09,5.5,5.54,5.36,5.4,22582,12287680.0,3.35,2.95,0.56,0.03
2000-03-10,5.45,5.45,5.3,5.3,13619,7303361.0,2.78,1.78,-1.85,-0.1
2000-03-13,5.3,5.57,5.3,5.57,20420,11280264.0,5.09,2.67,5.09,0.27
2000-03-14,5.74,5.85,5.48,5.79,67825,38907764.0,6.64,8.87,3.95,0.22
2000-03-15,5.85,6.08,5.85,6.08,52520,31649640.0,3.97,6.87,5.01,0.29
2000-03-16,5.92,6.28,5.8,5.98,62532,38051464.0,7.89,8.18,-1.64,-0.1
2000-03-17,5.98,6.26,5.95,6.04,37081,22646140.0,5.18,4.85,1.0,0.06
2000-03-20,5.98,6.34,5.8,6.34,25889,15964014.0,8.94,3.39,4.97,0.3
2000-03-21,6.36,6.66,6.36,6.66,14924,9901668.0,4.73,1.95,5.05,0.32
2000-03-22,6.99,6.99,6.99,6.99,8052,5628753.5,0.0,1.05,4.95,0.33
2000-03-23,7.34,7.34,7.34,7.34,4714,3460347.5,0.0,0.62,5.01,0.35
2000-03-24,7.71,7.71,7.71,7.71,5092,3926309.75,0.0,0.67,5.04,0.37
2000-03-27,8.1,8.1,8.1,8.1,3426,2775173.5,0.0,0.45,5.06,0.39
2000-03-28,8.51,8.51,7.8,8.51,100874,83981216.0,8.77,13.2,5.06,0.41
2000-03-29,8.5,8.77,8.08,8.31,77919,65811636.0,8.11,10.19,-2.35,-0.2
2000-03-30,8.25,8.73,8.05,8.73,37746,31768704.0,8.18,4.94,5.05,0.42
2000-03-31,8.87,9.17,8.5,8.64,64170,57679892.0,7.67,8.39,-1.03,-0.09
2000-04-03,8.55,8.83,8.21,8.21,36781,30819250.0,7.18,4.81,-4.98,-0.43
2000-04-04,7.8,8.08,7.8,7.8,25714,20161456.0,3.41,3.36,-4.99,-0.41
2000-04-05,7.43,7.98,7.41,7.63,40146,30650276.0,7.31,5.25,-2.18,-0.17
2000-04-06,7.96,8.01,7.7,8.01,19771,15822162.0,4.06,2.59,4.98,0.38
2000-04-07,8.4,8.41,8.21,8.41,51659,43318100.0,2.5,6.76,4.99,0.4
2000-04-10,8.79,8.79,8.39,8.47,27798,23728698.0,4.76,3.64,0.71,0.06
2000-04-11,8.69,8.8,8.41,8.71,33244,28706394.0,4.6,4.35,2.83,0.24
2000-04-12,8.99,8.99,8.27,8.44,38871,33109068.0,8.27,5.09,-3.1,-0.27
2000-04-13,8.45,8.6,8.3,8.4,23430,19750938.0,3.55,3.07,-0.47,-0.04
2000-04-14,8.5,8.82,8.5,8.82,69186,60874108.0,3.81,9.05,5.0,0.42
2000-04-17,9.26,9.26,9.15,9.26,46635,43172140.0,1.25,6.1,4.99,0.44
2000-04-18,9.72,9.72,9.6,9.72,34422,33445304.0,1.3,4.5,4.97,0.46
2000-04-19,10.21,10.21,9.3,9.84,88376,88313688.0,9.36,11.56,1.23,0.12
2000-04-20,9.79,10.33,9.68,10.24,84556,85211952.0,6.61,11.06,4.07,0.4
2000-04-21,10.51,10.73,10.2,10.31,53452,55647288.0,5.18,6.99,0.68,0.07
2000-04-24,10.3,10.45,9.79,9.79,52433,52079248.0,6.4,6.86,-5.04,-0.52
2000-04-25,9.3,9.68,9.3,9.3,74942,70159600.0,3.88,9.8,-5.01,-0.49
2000-04-26,9.77,9.77,9.77,9.77,3329,3252442.75,0.0,0.44,5.05,0.47
2000-05-08,10.26,10.26,9.35,9.52,98119,96935744.0,9.31,12.84,-2.56,-0.25
2000-05-09,9.3,9.48,9.04,9.04,35707,32524594.0,4.62,4.67,-5.04,-0.48
2000-05-10,8.66,9.02,8.59,8.59,32438,28203918.0,4.76,4.24,-4.98,-0.45
2000-05-11,8.59,8.6,8.16,8.16,17841,14706950.0,5.12,2.33,-5.01,-0.43
2000-05-12,7.9,8.16,7.75,8.08,28686,22699096.0,5.02,3.75,-0.98,-0.08
2000-05-15,8.08,8.08,7.68,7.68,12872,9979430.0,4.95,1.68,-4.95,-0.4
2000-05-16,7.5,8.06,7.4,8.06,16096,12490626.0,8.59,2.11,4.95,0.38
2000-05-17,8.2,8.46,8.06,8.18,29086,24230870.0,4.96,3.81,1.49,0.12
2000-05-18,8.1,8.3,8.06,8.28,12008,9800710.0,2.93,1.57,1.22,0.1
2000-05-19,8.3,8.3,8.1,8.19,13852,11331725.0,2.42,1.81,-1.09,-0.09
2000-05-22,8.19,8.6,7.9,8.31,19519,16274148.0,8.55,2.55,1.47,0.12
2000-05-23,8.31,8.49,8.1,8.32,11278,9347698.0,4.69,1.48,0.12,0.01
2000-05-24,8.3,8.6,8.25,8.5,15995,13557993.0,4.21,2.09,2.16,0.18
2000-05-25,8.5,8.6,8.33,8.4,12513,10509376.0,3.18,1.64,-1.18,-0.1
2000-05-26,8.5,8.7,8.45,8.6,23186,19961282.0,2.98,3.03,2.38,0.2
2000-05-29,8.68,9.03,8.55,9.03,24384,21785366.0,5.58,3.19,5.0,0.43
2000-05-30,9.37,9.48,8.86,9.1,36525,33819560.0,6.87,4.78,0.78,0.07
2000-05-31,9.07,9.07,8.83,8.89,12482,11162438.0,2.64,1.63,-2.31,-0.21
2000-06-01,8.89,9.08,8.6,9.0,16980,14908937.0,5.4,2.22,1.24,0.11
2000-06-02,9.05,9.15,8.86,8.92,11047,9915280.0,3.22,1.45,-0.89,-0.08
2000-06-05,9.0,9.0,8.65,8.72,20030,17564826.0,3.92,2.62,-2.24,-0.2
2000-06-06,8.75,8.83,8.6,8.69,13928,12128435.0,2.64,1.82,-0.34,-0.03
2000-06-07,9.0,9.12,8.88,9.12,19010,17284346.0,2.76,2.49,4.95,0.43
2000-06-08,9.5,9.58,9.3,9.58,70287,67040616.0,3.07,9.19,5.04,0.46
2000-06-12,9.8,9.92,9.4,9.45,43598,42260724.0,5.43,5.7,-1.36,-0.13
2000-06-13,9.38,9.79,9.35,9.6,21616,20838724.0,4.66,2.83,1.59,0.15
2000-06-14,10.05,10.08,9.79,10.08,69491,69832624.0,3.02,9.09,5.0,0.48
2000-06-15,9.98,10.4,9.8,9.9,43323,43587784.0,5.95,5.67,-1.79,-0.18
2000-06-16,9.98,10.1,9.44,9.44,39461,37867872.0,6.67,5.16,-4.65,-0.46
2000-06-19,9.01,9.2,8.97,8.97,22843,20597608.0,2.44,2.99,-4.98,-0.47
2000-06-20,8.71,9.3,8.55,9.3,25938,22886872.0,8.36,3.39,3.68,0.33
2000-06-21,9.27,9.35,8.95,9.11,15859,14493957.0,4.3,2.07,-2.04,-0.19
2000-06-22,9.18,9.26,8.95,9.03,13460,12172236.0,3.4,1.76,-0.88,-0.08
2000-06-23,9.0,9.09,8.78,8.88,23856,21120672.0,3.43,3.12,-1.66,-0.15
2000-06-26,8.88,9.21,8.68,9.2,27631,24346350.0,5.97,3.61,3.6,0.32
2000-06-27,9.19,9.26,9.04,9.1,12428,11332196.0,2.39,1.63,-1.09,-0.1
2000-06-28,9.09,9.18,8.89,8.92,11014,9944607.0,3.19,1.44,-1.98,-0.18
2000-06-29,8.9,9.08,8.75,8.93,14700,13009911.0,3.7,1.92,0.11,0.01
2000-06-30,8.9,8.9,8.7,8.73,12721,11166477.0,2.24,1.66,-2.24,-0.2
2000-07-03,8.6,8.6,8.27,8.27,21695,18162162.0,3.78,2.84,-5.27,-0.46
2000-07-04,7.86,7.86,7.86,7.86,5139,4039254.0,0.0,0.67,-4.96,-0.41
2000-07-05,7.47,7.85,7.47,7.68,29568,22489000.0,4.83,3.87,-2.29,-0.18
2000-07-06,7.6,7.86,7.5,7.77,13890,10596030.0,4.69,1.82,1.17,0.09
2000-07-07,7.77,8.1,7.68,8.06,13679,10642526.0,5.41,1.79,3.73,0.29
2000-07-10,8.03,8.03,7.66,7.66,13143,10259231.0,4.59,1.72,-4.96,-0.4
2000-07-11,7.6,7.78,7.4,7.61,15657,11779358.0,4.96,2.05,-0.65,-0.05
2000-07-12,7.6,7.98,7.53,7.84,10915,8486937.0,5.91,1.43,3.02,0.23
2000-07-13,7.78,7.95,7.74,7.77,8811,6890187.0,2.68,1.15,-0.89,-0.07
2000-07-14,7.75,7.92,7.7,7.78,7636,5979278.5,2.83,1.0,0.13,0.01
2000-07-17,8.02,8.03,7.84,7.99,11004,8761168.0,2.44,1.44,2.7,0.21
2000-07-18,8.0,8.28,7.89,8.15,10538,8520276.0,4.88,1.38,2.0,0.16
2000-07-19,8.15,8.24,8.08,8.15,7359,5992432.0,1.96,0.96,0.0,0.0
2000-07-20,8.19,8.35,8.16,8.29,9812,8111587.0,2.33,1.28,1.72,0.14
2000-07-21,8.3,8.35,8.18,8.2,6521,5382858.5,2.05,0.85,-1.09,-0.09
2000-07-24,8.2,8.2,7.8,7.84,10490,8347603.0,4.88,1.37,-4.39,-0.36
2000-07-25,7.84,8.2,7.84,8.15,6661,5375771.0,4.59,0.87,3.95,0.31
2000-07-26,8.18,8.23,8.05,8.21,7593,6181841.0,2.21,0.99,0.74,0.06
2000-07-27,8.22,8.6,8.16,8.49,23018,19463100.0,5.36,3.01,3.41,0.28
2000-07-28,8.91,8.91,8.6,8.78,38980,34240520.0,3.65,5.1,3.42,0.29
2000-07-31,8.78,8.99,8.52,8.9,21996,19386124.0,5.35,2.88,1.37,0.12
2000-08-01,8.91,8.92,8.46,8.47,15580,13505492.0,5.17,2.04,-4.83,-0.43
2000-08-02,8.45,8.47,8.15,8.42,13181,10918568.0,3.78,1.72,-0.59,-0.05
2000-08-03,8.4,8.77,8.35,8.55,9738,8359879.5,4.99,1.27,1.54,0.13
2000-08-04,8.55,8.67,8.38,8.4,8586,7294843.0,3.39,1.12,-1.75,-0.15
2000-08-07,8.3,8.63,8.2,8.59,9767,8287361.5,5.12,1.28,2.26,0.19
2000-08-08,8.61,9.02,8.56,9.02,44411,39581688.0,5.36,5.81,5.01,0.43
2000-08-09,9.02,9.25,8.91,8.93,29937,27122624.0,3.77,3.92,-1.0,-0.09
2000-08-10,9.0,9.02,8.66,8.72,19172,16884576.0,4.03,2.51,-2.35,-0.21
2000-08-11,8.72,8.75,8.55,8.61,8457,7297418.5,2.29,1.11,-1.26,-0.11
2000-08-14,8.61,8.89,8.61,8.82,9767,8577927.0,3.25,1.28,2.44,0.21
2000-08-15,8.8,9.0,8.66,8.73,10546,9287461.0,3.85,1.38,-1.02,-0.09
2000-08-16,8.8,8.82,8.55,8.57,9796,8502297.0,3.09,1.28,-1.83,-0.16
2000-08-17,8.6,8.83,8.55,8.71,10246,8904145.0,3.27,1.34,1.63,0.14
2000-08-18,8.75,8.88,8.67,8.74,9150,8007877.0,2.41,1.2,0.34,0.03
2000-08-21,8.75,9.1,8.75,9.05,28124,25165700.0,4.0,3.68,3.55,0.31
2000-08-22,9.1,9.15,8.6,8.63,14909,13252056.0,6.08,1.95,-4.64,-0.42
2000-08-23,8.55,8.74,8.2,8.48,20118,16946076.0,6.26,2.63,-1.74,-0.15
2000-08-24,8.5,8.71,8.4,8.62,11270,9662478.0,3.66,1.47,1.65,0.14
2000-08-25,8.62,9.0,8.62,8.92,21555,19079000.0,4.41,2.82,3.48,0.3
2000-08-28,9.0,9.36,9.0,9.22,57468,52982388.0,4.04,7.52,3.36,0.3
2000-08-29,9.28,9.38,8.9,9.0,33166,30443950.0,5.21,4.34,-2.39,-0.22
2000-08-30,9.0,9.45,8.96,9.45,43722,40832472.0,5.44,5.72,5.0,0.45
2000-08-31,9.65,9.92,9.29,9.39,134021,129984112.0,6.67,17.53,-0.63,-0.06
2000-09-01,9.3,9.85,9.11,9.56,60294,57518352.0,7.88,7.89,1.81,0.17
2000-09-04,9.61,9.98,9.61,9.96,57420,56673172.0,3.87,7.51,4.18,0.4
2000-09-05,10.08,10.23,9.75,9.81,59201,59668524.0,4.82,7.74,-1.51,-0.15
2000-09-06,9.75,9.99,9.32,9.32,33275,31893248.0,6.83,4.35,-4.99,-0.49
2000-09-07,8.85,9.3,8.85,9.2,29206,26527412.0,4.83,3.82,-1.29,-0.12
2000-09-08,9.2,9.6,9.2,9.57,23984,22667180.0,4.35,3.14,4.02,0.37
2000-09-11,9.6,9.87,9.57,9.77,26812,26117936.0,3.13,3.51,2.09,0.2
2000-09-12,9.8,9.85,9.5,9.56,16020,15412166.0,3.58,2.1,-2.15,-0.21
2000-09-13,9.55,9.73,9.5,9.66,11648,11213184.0,2.41,1.52,1.05,0.1
2000-09-14,9.6,10.14,9.58,10.1,44114,44117528.0,5.8,5.77,4.55,0.44
2000-09-15,10.14,10.39,9.92,9.94,38586,39317452.0,4.65,5.05,-1.58,-0.16
2000-09-18,9.94,10.44,9.9,10.44,40169,41366904.0,5.43,5.25,5.03,0.5
2000-09-19,10.5,10.7,10.0,10.05,45718,47435044.0,6.7,5.98,-3.74,-0.39
2000-09-20,10.0,10.2,9.58,9.97,35070,34512092.0,6.17,4.59,-0.8,-0.08
2000-09-21,10.0,10.38,9.89,10.09,20310,20690758.0,4.91,2.66,1.2,0.12
2000-09-22,10.09,10.3,10.0,10.08,14615,14832924.0,2.97,1.91,-0.1,-0.01
2000-09-25,10.06,10.06,9.58,9.6,19651,19280418.0,4.76,2.57,-4.76,-0.48
2000-09-26,9.6,9.85,9.43,9.64,13195,12745512.0,4.38,1.73,0.42,0.04
2000-09-27,9.8,9.9,9.6,9.74,7165,7027231.5,3.11,0.94,1.04,0.1
2000-09-28,9.82,10.23,9.8,10.23,38537,39294008.0,4.41,5.04,5.03,0.49
2000-09-29,10.33,10.44,10.15,10.33,34224,35309828.0,2.83,4.48,0.98,0.1
2000-10-09,10.38,10.85,10.21,10.85,31142,33264378.0,6.2,4.07,5.03,0.52
2000-10-10,11.02,11.35,10.87,11.08,56401,62658256.0,4.42,7.38,2.12,0.23
2000-10-11,11.07,11.63,10.96,11.63,48392,55588860.0,6.05,6.33,4.96,0.55
2000-10-12,11.66,12.2,11.25,11.35,71282,85205792.0,8.17,9.33,-2.41,-0.28
2000-10-13,11.3,11.9,11.08,11.11,57476,65400472.0,7.22,7.52,-2.11,-0.24
2000-10-16,11.03,11.45,10.71,11.39,40826,45168088.0,6.66,5.34,2.52,0.28
2000-10-17,11.45,11.55,11.21,11.31,18399,20967008.0,2.99,2.41,-0.7,-0.08
2000-10-18,11.29,11.3,10.74,10.78,32328,35350024.0,4.95,4.23,-4.69,-0.53
2000-10-19,10.6,10.99,10.38,10.48,31049,33003222.0,5.66,4.06,-2.78,-0.3
2000-10-20,10.5,10.74,10.01,10.09,36423,37436740.0,6.97,4.76,-3.72,-0.39
2000-10-23,10.1,10.59,10.09,10.59,15308,15918586.0,4.96,2.0,4.96,0.5
2000-10-24,10.7,11.08,10.7,10.81,27082,29549078.0,3.59,3.54,2.08,0.22
2000-10-25,10.82,10.95,10.59,10.88,15789,16977524.0,3.33,2.07,0.65,0.07
2000-10-26,10.83,11.19,10.76,11.0,18272,20019452.0,3.95,2.39,1.1,0.12
2000-10-27,11.03,11.2,10.9,10.99,12705,14079153.0,2.73,1.66,-0.09,-0.01
2000-10-30,11.0,11.25,10.77,10.78,12705,13996950.0,4.37,1.66,-1.91,-0.21
2000-10-31,10.68,10.89,10.53,10.78,14195,15116787.0,3.34,1.86,0.0,0.0
2000-11-01,10.79,10.95,10.65,10.73,9336,10068051.0,2.78,1.22,-0.46,-0.05
2000-11-02,10.8,10.83,10.35,10.47,21483,22487838.0,4.47,2.81,-2.42,-0.26
2000-11-03,10.31,10.7,10.31,10.55,10880,11388093.0,3.72,1.42,0.76,0.08
2000-11-06,10.57,10.87,10.4,10.7,14418,15457002.0,4.45,1.89,1.42,0.15
2000-11-07,10.9,10.9,10.62,10.68,8636,9316629.0,2.62,1.13,-0.19,-0.02
2000-11-08,10.7,10.8,10.5,10.76,11916,12692404.0,2.81,1.56,0.75,0.08
2000-11-09,10.77,11.18,10.7,11.09,22457,24639222.0,4.46,2.94,3.07,0.33
2000-11-10,11.11,11.11,10.74,10.8,12943,14039847.0,3.34,1.69,-2.61,-0.29
2000-11-13,10.7,10.92,10.45,10.61,17760,18821494.0,4.35,2.32,-1.76,-0.19
2000-11-14,10.55,10.8,10.5,10.58,16012,16942146.0,2.83,2.09,-0.28,-0.03
2000-11-15,10.6,10.8,10.6,10.66,15572,16662368.0,1.89,2.04,0.76,0.08
2000-11-16,10.66,10.76,10.5,10.55,18108,19103408.0,2.44,2.37,-1.03,-0.11
2000-11-17,10.56,10.8,10.4,10.62,15629,16568061.0,3.79,2.04,0.66,0.07
2000-11-20,10.62,10.97,10.54,10.84,18487,20000988.0,4.05,2.42,2.07,0.22
2000-11-21,10.94,11.2,10.75,11.18,24056,26436966.0,4.15,3.15,3.14,0.34
2000-11-22,11.19,11.46,11.01,11.4,38016,43084256.0,4.03,4.97,1.97,0.22
2000-11-23,11.59,11.79,11.4,11.58,57380,66671108.0,3.42,7.51,1.58,0.18
2000-11-24,11.58,11.67,11.0,11.0,31009,34806156.0,5.79,4.06,-5.01,-0.58
2000-11-27,10.8,11.1,10.61,10.85,12509,13539576.0,4.45,1.64,-1.36,-0.15
2000-11-28,10.8,11.05,10.8,10.94,7628,8339983.0,2.3,1.0,0.83,0.09
2000-11-29,10.95,11.19,10.9,11.03,11168,12367680.0,2.65,1.46,0.82,0.09
2000-11-30,11.05,11.15,10.83,10.88,7280,7977068.5,2.9,0.95,-1.36,-0.15
2000-12-01,10.91,11.19,10.8,11.09,11155,12266651.0,3.58,1.46,1.93,0.21
2000-12-04,11.12,11.3,11.0,11.27,12856,14399991.0,2.71,1.68,1.62,0.18
2000-12-05,11.3,11.37,11.0,11.07,7790,8716577.0,3.28,1.02,-1.77,-0.2
2000-12-06,11.05,11.2,10.81,10.89,10529,11561089.0,3.52,1.38,-1.63,-0.18
2000-12-07,10.81,10.88,10.62,10.67,10146,10887081.0,2.39,1.33,-2.02,-0.22
2000-12-08,10.67,10.88,10.61,10.66,7857,8412420.0,2.53,1.03,-0.09,-0.01
2000-12-11,10.68,11.08,10.65,10.98,9907,10756364.0,4.03,1.3,3.0,0.32
2000-12-12,11.0,11.2,10.85,11.13,13643,15110673.0,3.19,1.78,1.37,0.15
2000-12-13,11.16,11.24,10.89,11.0,9902,10963205.0,3.14,1.3,-1.17,-0.13
2000-12-14,11.15,11.29,10.92,11.28,12490,13911878.0,3.36,1.63,2.55,0.28
2000-12-15,11.3,11.4,11.06,11.09,11304,12727598.0,3.01,1.48,-1.68,-0.19
2000-12-18,11.09,11.15,10.54,10.54,14952,15935818.0,5.5,1.96,-4.96,-0.55
2000-12-19,10.5,10.68,10.24,10.55,10782,11261136.0,4.17,1.41,0.09,0.01
2000-12-20,10.5,10.75,10.4,10.42,9015,9458963.0,3.32,1.18,-1.23,-0.13
2000-12-21,10.42,10.48,10.06,10.12,20938,21351482.0,4.03,2.74,-2.88,-0.3
2000-12-22,10.12,10.29,10.0,10.08,10641,10763803.0,2.87,1.39,-0.4,-0.04
2000-12-25,10.1,10.12,9.58,9.59,18363,17889340.0,5.36,2.4,-4.86,-0.49
2000-12-26,9.5,9.94,9.4,9.9,16754,16111184.0,5.63,2.19,3.23,0.31
2000-12-27,9.9,10.0,9.45,9.5,9641,9333632.0,5.56,1.26,-4.04,-0.4
2000-12-28,9.5,9.6,9.14,9.17,10734,10050928.0,4.84,1.4,-3.47,-0.33
2000-12-29,9.1,9.17,8.85,9.14,16541,14878855.0,3.49,2.16,-0.33,-0.03
2001-01-02,9.14,9.44,8.98,9.39,7309,6720783.5,5.03,0.96,2.74,0.25
2001-01-03,9.39,9.85,9.31,9.55,11179,10761550.0,5.75,1.46,1.7,0.16
2001-01-04,9.6,9.7,9.28,9.3,7959,7526709.0,4.4,1.04,-2.62,-0.25
2001-01-05,9.35,9.55,9.3,9.32,6195,5799071.5,2.69,0.81,0.22,0.02
2001-01-08,9.32,9.35,9.0,9.09,9305,8440722.0,3.76,1.22,-2.47,-0.23
2001-01-09,9.1,9.25,9.02,9.14,4617,4210815.5,2.53,0.6,0.55,0.05
2001-01-10,9.15,9.48,9.06,9.36,6321,5877821.5,4.6,0.83,2.41,0.22
2001-01-11,9.36,9.6,9.23,9.5,7713,7295867.5,3.95,1.01,1.5,0.14
2001-01-12,9.5,9.58,9.35,9.42,4678,4419496.5,2.42,0.61,-0.84,-0.08
2001-01-15,9.35,9.42,9.0,9.0,8091,7376294.0,4.46,1.06,-4.46,-0.42
2001-01-16,8.85,9.18,8.85,9.02,4708,4227431.0,3.67,0.62,0.22,0.02
2001-01-17,9.05,9.15,8.96,9.05,4012,3626221.0,2.11,0.52,0.33,0.03
2001-01-18,9.05,9.14,9.0,9.02,4673,4233704.0,1.55,0.61,-0.33,-0.03
2001-01-19,9.28,9.47,9.2,9.47,4583,4318515.5,2.99,0.6,4.99,0.45
2001-02-05,9.65,9.9,9.5,9.6,14953,14505004.0,4.22,1.96,1.37,0.13
2001-02-06,9.6,9.67,9.27,9.44,3880,3639799.75,4.17,0.51,-1.67,-0.16
2001-02-07,9.55,9.58,9.4,9.42,3887,3691239.5,1.91,0.51,-0.21,-0.02
2001-02-08,9.3,9.37,8.96,9.0,5514,5000857.0,4.35,0.72,-4.46,-0.42
2001-02-09,9.0,9.24,9.0,9.12,3721,3389554.75,2.67,0.49,1.33,0.12
2001-02-12,8.71,8.96,8.66,8.66,18567,16134998.0,3.29,2.43,-5.04,-0.46
2001-02-13,8.41,8.7,8.23,8.5,20444,17188552.0,5.43,2.67,-1.85,-0.16
2001-02-14,8.4,8.59,8.18,8.18,11292,9382048.0,4.82,1.48,-3.76,-0.32
2001-02-15,8.18,8.33,8.12,8.18,5076,4163328.75,2.57,0.66,0.0,0.0
2001-02-16,8.19,8.19,7.77,7.8,8389,6648949.0,5.13,1.1,-4.65,-0.38
2001-02-19,7.75,7.9,7.41,7.83,11938,9093717.0,6.28,1.56,0.38,0.03
2001-02-20,7.85,7.88,7.61,7.82,5696,4409011.0,3.45,0.75,-0.13,-0.01
2001-02-21,7.43,7.57,7.43,7.43,9320,6935698.5,1.79,1.22,-4.99,-0.39
2001-02-22,7.06,7.06,7.06,7.06,1749,1234794.0,0.0,0.23,-4.98,-0.37
2001-02-23,6.71,7.35,6.71,7.2,39283,26869480.0,9.07,5.14,1.98,0.14
2001-02-26,6.84,7.01,6.84,6.84,28706,19678676.0,2.36,3.76,-5.0,-0.36
2001-02-27,6.72,7.05,6.68,7.0,16610,11514111.0,5.41,2.17,2.34,0.16
2001-02-28,7.01,7.07,6.8,7.0,8280,5740412.5,3.86,1.08,0.0,0.0
2001-03-01,7.0,7.28,6.98,7.12,11348,8093898.5,4.29,1.48,1.71,0.12
2001-03-02,7.15,7.19,7.03,7.13,8845,6290936.0,2.25,1.16,0.14,0.01
2001-03-05,7.2,7.49,7.15,7.48,18183,13421419.0,4.77,2.38,4.91,0.35
2001-03-06,7.47,7.75,7.35,7.48,20144,15206155.0,5.35,2.64,0.0,0.0
2001-03-07,7.42,7.61,7.25,7.39,10331,7658690.0,4.81,1.35,-1.2,-0.09
2001-03-08,7.37,7.4,7.26,7.31,7066,5163788.5,1.89,0.92,-1.08,-0.08
2001-03-09,7.3,7.45,7.2,7.28,10002,7260298.5,3.42,1.31,-0.41,-0.03
2001-03-12,7.3,7.48,7.26,7.41,6603,4866573.0,3.02,0.86,1.79,0.13
2001-03-13,7.46,7.58,7.43,7.46,8227,6163879.0,2.02,1.08,0.67,0.05
2001-03-14,7.5,7.64,7.47,7.6,7311,5533849.0,2.28,0.96,1.88,0.14
2001-03-15,7.64,7.88,7.64,7.77,17760,13795372.0,3.16,2.32,2.24,0.17
2001-03-16,7.75,7.8,7.65,7.7,9746,7520751.0,1.93,1.27,-0.9,-0.07
2001-03-19,7.68,7.89,7.68,7.88,10048,7833051.5,2.73,1.31,2.34,0.18
2001-03-20,7.94,8.1,7.78,8.01,12652,10059603.0,4.06,1.66,1.65,0.13
2001-03-21,8.02,8.41,8.02,8.41,13728,11357121.0,4.87,1.8,4.99,0.4
2001-03-22,8.5,8.8,8.15,8.21,36055,30690254.0,7.73,4.72,-2.38,-0.2
2001-03-23,8.1,8.3,7.98,8.0,22515,18229388.0,3.9,2.95,-2.56,-0.21
2001-03-26,7.86,8.13,7.82,8.11,9256,7462855.5,3.88,1.21,1.38,0.11
2001-03-27,8.11,8.27,7.71,7.97,8629,6884901.0,6.91,1.13,-1.73,-0.14
2001-03-28,7.96,8.02,7.77,7.9,11825,9309168.0,3.14,1.55,-0.88,-0.07
2001-03-29,7.85,7.85,7.51,7.59,64669,49224128.0,4.3,8.46,-3.92,-0.31
2001-03-30,7.52,7.7,7.32,7.68,16831,12635535.0,5.01,2.2,1.19,0.09
2001-04-02,7.73,7.9,7.67,7.87,16863,13122660.0,2.99,2.21,2.47,0.19
2001-04-03,7.87,8.11,7.77,8.04,25417,20249368.0,4.32,3.33,2.16,0.17
2001-04-04,8.0,8.17,7.76,7.83,12280,9798225.0,5.1,1.61,-2.61,-0.21
2001-04-05,7.8,8.06,7.78,8.06,13265,10571081.0,3.58,1.74,2.94,0.23
2001-04-06,8.07,8.14,7.9,7.94,9684,7738655.5,2.98,1.27,-1.49,-0.12
2001-04-09,7.95,8.2,7.94,8.11,19436,15807902.0,3.27,2.54,2.14,0.17
2001-04-10,8.15,8.29,8.08,8.17,17984,14719738.0,2.59,2.35,0.74,0.06
2001-04-11,7.88,8.3,7.88,8.23,19393,15773345.0,5.14,2.54,0.73,0.06
2001-04-12,8.2,8.2,7.95,7.99,25770,20680664.0,3.04,3.37,-2.92,-0.24
2001-04-13,7.95,7.95,7.69,7.74,24200,18796530.0,3.25,3.17,-3.13,-0.25
2001-04-16,7.64,7.85,7.54,7.73,18144,14035976.0,4.01,2.37,-0.13,-0.01
2001-04-17,7.71,7.93,7.66,7.8,9570,7491223.0,3.49,1.25,0.91,0.07
2001-04-18,7.82,7.83,7.69,7.72,10841,8390398.0,1.79,1.42,-1.03,-0.08
2001-04-19,7.61,7.79,7.6,7.74,10057,7709480.0,2.46,1.32,0.26,0.02
2001-04-20,7.72,7.72,7.6,7.6,12413,9483532.0,1.55,1.62,-1.81,-0.14
2001-04-23,7.55,7.79,7.48,7.75,9307,7121446.0,4.08,1.22,1.97,0.15
2001-04-24,7.77,8.14,7.73,8.14,28168,22740802.0,5.29,3.68,5.03,0.39
2001-04-25,8.22,8.5,7.99,8.1,50615,42069160.0,6.27,6.62,-0.49,-0.04
2001-04-26,8.15,8.33,8.08,8.11,18402,15032463.0,3.09,2.41,0.12,0.01
2001-04-27,8.08,8.35,8.08,8.33,19445,16063543.0,3.33,2.54,2.71,0.22
2001-04-30,8.44,8.75,8.32,8.65,51091,44039500.0,5.16,6.68,3.84,0.32
2001-05-08,8.65,9.08,8.65,9.08,40499,36259264.0,4.97,5.3,4.97,0.43
2001-05-09,9.21,9.49,8.98,9.09,37477,34942040.0,5.62,4.9,0.11,0.01
2001-05-10,9.1,9.39,8.94,9.12,31330,28720170.0,4.95,4.1,0.33,0.03
2001-05-11,9.25,9.56,9.1,9.55,28337,26550420.0,5.04,3.71,4.71,0.43
2001-05-14,9.71,10.03,9.61,10.03,42926,42493448.0,4.4,5.62,5.03,0.48
2001-05-15,10.3,10.5,9.75,10.02,82937,84530040.0,7.48,10.85,-0.1,-0.01
2001-05-16,10.04,10.1,9.64,9.79,40165,39494284.0,4.59,5.25,-2.3,-0.23
2001-05-17,9.51,10.15,9.39,10.14,38572,38188172.0,7.76,5.05,3.58,0.35
2001-05-18,10.18,10.65,10.15,10.65,44070,46012748.0,4.93,5.77,5.03,0.51
2001-05-21,10.88,11.18,10.88,11.18,29279,32391998.0,2.82,3.83,4.98,0.53
2001-05-22,11.58,11.74,11.22,11.27,77048,89000704.0,4.65,10.08,0.81,0.09
2001-05-23,11.28,11.52,10.95,11.5,60469,67965656.0,5.06,7.91,2.04,0.23
2001-05-24,11.56,11.62,11.2,11.22,27480,31470132.0,3.65,3.59,-2.43,-0.28
2001-05-29,11.78,11.78,11.4,11.62,52852,61720984.0,3.39,6.91,3.57,0.4
2001-05-30,11.62,11.62,11.04,11.04,72837,80896128.0,4.99,9.53,-4.99,-0.58
2001-06-01,11.16,11.48,10.49,10.64,60054,64408252.0,8.97,7.86,-3.62,-0.4
2001-06-04,10.6,10.6,10.11,10.11,46638,47576180.0,4.61,6.1,-4.98,-0.53
2001-06-05,10.0,10.48,9.72,10.3,46817,47374480.0,7.52,6.12,1.88,0.19
2001-06-06,10.3,10.65,10.26,10.62,24137,25242468.0,3.79,3.16,3.11,0.32
2001-06-07,10.65,10.72,10.2,10.3,20124,21072296.0,4.9,2.63,-3.01,-0.32
2001-06-08,10.3,10.43,9.98,10.0,18586,18897860.0,4.37,2.43,-2.91,-0.3
2001-06-11,10.0,10.23,10.0,10.15,15589,15697996.0,2.3,2.04,1.5,0.15
2001-06-12,10.16,10.35,10.04,10.2,12771,13026212.0,3.05,1.67,0.49,0.05
2001-06-13,10.16,10.63,10.0,10.57,17896,18706760.0,6.18,2.34,3.63,0.37
2001-06-14,10.6,10.6,10.21,10.22,16128,16846046.0,3.69,2.11,-3.31,-0.35
2001-06-15,10.15,10.44,10.1,10.28,11173,11455736.0,3.33,1.46,0.59,0.06
2001-06-18,10.28,10.5,10.18,10.35,14339,14841868.0,3.11,1.88,0.68,0.07
2001-06-19,10.37,10.5,10.15,10.17,12233,12612677.0,3.38,1.6,-1.74,-0.18
2001-06-20,10.15,10.18,9.66,9.66,27327,26996970.0,5.11,3.57,-5.01,-0.51
2001-06-21,9.51,9.62,9.3,9.54,23299,22032942.0,3.31,3.05,-1.24,-0.12
2001-06-22,9.6,10.02,9.58,10.02,8805,8745232.0,4.61,1.15,5.03,0.48
2001-06-25,10.33,10.37,10.15,10.3,25368,26051348.0,2.2,3.32,2.79,0.28
2001-06-26,10.3,10.38,10.2,10.27,9647,9893641.0,1.75,1.26,-0.29,-0.03
2001-06-27,10.29,10.55,10.19,10.46,20538,21341052.0,3.51,2.69,1.85,0.19
2001-06-28,10.48,10.75,10.4,10.68,27865,29515310.0,3.35,3.65,2.1,0.22
2001-06-29,10.67,10.8,10.5,10.54,13230,14094198.0,2.81,1.73,-1.31,-0.14
2001-07-02,10.55,10.65,10.01,10.19,21726,22250766.0,6.07,2.84,-3.32,-0.35
2001-07-03,10.19,10.35,10.05,10.24,8412,8554530.0,2.94,1.1,0.49,0.05
2001-07-04,10.3,10.36,10.08,10.12,9467,9657487.0,2.73,1.24,-1.17,-0.12
2001-07-05,10.1,10.25,10.01,10.12,9461,9562390.0,2.37,1.24,0.0,0.0
2001-07-06,10.13,10.18,10.01,10.07,5221,5263678.5,1.68,0.68,-0.49,-0.05
2001-07-09,10.1,10.25,10.02,10.23,4504,4574008.5,2.28,0.59,1.59,0.16
2001-07-10,10.23,10.53,10.23,10.46,11497,12003946.0,2.93,1.5,2.25,0.23
2001-07-11,10.47,10.7,10.43,10.55,23030,24366906.0,2.58,3.01,0.86,0.09
2001-07-12,10.5,10.64,10.37,10.42,10052,10538788.0,2.56,1.32,-1.23,-0.13
2001-07-13,10.43,10.5,10.24,10.26,5665,5839617.0,2.5,0.74,-1.54,-0.16
2001-07-16,10.26,10.6,10.2,10.47,11716,12271598.0,3.9,1.53,2.05,0.21
2001-07-17,10.5,10.7,10.43,10.51,19946,21128496.0,2.58,2.61,0.38,0.04
2001-07-18,10.59,10.65,10.5,10.54,7592,8018438.0,1.43,0.99,0.29,0.03
2001-07-19,10.56,10.64,10.11,10.23,13658,14168158.0,5.03,1.79,-2.94,-0.31
2001-07-20,10.26,10.48,10.15,10.46,9719,9974640.0,3.23,1.27,2.25,0.23
2001-07-23,10.42,10.61,10.22,10.57,13802,14463302.0,3.73,1.81,1.05,0.11
2001-07-24,10.51,10.65,10.31,10.39,10409,10942568.0,3.22,1.36,-1.7,-0.18
2001-07-25,10.3,10.5,10.2,10.26,7460,7687768.0,2.89,0.98,-1.25,-0.13
2001-07-26,10.28,10.32,10.02,10.11,11758,11881444.0,2.92,1.54,-1.46,-0.15
2001-07-27,10.12,10.23,9.62,9.66,11417,11268566.0,6.03,1.49,-4.45,-0.45
2001-07-30,9.55,9.55,9.18,9.18,13068,12068575.0,3.83,1.71,-4.97,-0.48
2001-07-31,8.88,9.06,8.72,8.72,11075,9762731.0,3.7,1.45,-5.01,-0.46
2001-08-01,8.88,9.16,8.76,9.16,11684,10596553.0,4.59,1.53,5.05,0.44
2001-08-02,9.2,9.28,8.7,9.03,11944,10715731.0,6.33,1.56,-1.42,-0.13
2001-08-03,9.03,9.15,8.9,9.06,4769,4325218.5,2.77,0.62,0.33,0.03
2001-08-06,9.04,9.05,8.61,8.61,10712,9300611.0,4.86,1.4,-4.97,-0.45
2001-08-07,8.5,8.58,8.2,8.52,10119,8493408.0,4.41,1.32,-1.05,-0.09
2001-08-08,8.6,8.7,8.36,8.63,5486,4702805.5,3.99,0.72,1.29,0.11
2001-08-09,8.64,9.06,8.62,9.0,8510,7607910.0,5.1,1.11,4.29,0.37
2001-08-10,9.03,9.15,9.0,9.08,7985,7252381.0,1.67,1.04,0.89,0.08
2001-08-13,9.11,9.23,9.0,9.16,6420,5876407.0,2.53,0.84,0.88,0.08
2001-08-14,9.08,9.14,8.82,8.98,5264,4723365.5,3.49,0.69,-1.97,-0.18
2001-08-15,8.9,9.23,8.9,9.2,7720,7054738.0,3.67,1.01,2.45,0.22
2001-08-16,9.18,9.46,9.1,9.1,10178,9445964.0,3.91,1.33,-1.09,-0.1
2001-08-17,9.04,9.15,8.9,9.0,5975,5377663.5,2.75,0.78,-1.1,-0.1
2001-08-20,9.03,9.45,9.03,9.45,11408,10701143.0,4.67,1.49,5.0,0.45
2001-08-21,9.55,9.92,9.47,9.92,55824,55023992.0,4.76,7.3,4.97,0.47
2001-08-22,9.98,10.39,9.76,10.25,49582,50035008.0,6.35,6.49,3.33,0.33
2001-08-23,10.45,10.49,10.01,10.06,31611,32550528.0,4.68,4.14,-1.85,-0.19
2001-08-24,10.06,10.39,10.05,10.17,23433,23935956.0,3.38,3.07,1.09,0.11
2001-08-27,10.12,10.24,9.66,9.66,24998,24675942.0,5.7,3.27,-5.01,-0.51
2001-08-28,9.5,9.94,9.3,9.93,18372,17706194.0,6.63,2.4,2.8,0.27
2001-08-29,9.97,10.15,9.85,9.99,15969,15968749.0,3.02,2.09,0.6,0.06
2001-08-30,9.97,10.1,9.78,9.85,7596,7575515.5,3.2,0.99,-1.4,-0.14
2001-08-31,9.95,10.34,9.95,10.17,29434,30138692.0,3.96,3.85,3.25,0.32
2001-09-03,10.5,10.5,10.15,10.27,21837,22496750.0,3.44,2.86,0.98,0.1
2001-09-04,10.27,10.35,10.12,10.25,15178,15512796.0,2.24,1.99,-0.19,-0.02
2001-09-05,10.25,10.33,10.01,10.14,17092,17292958.0,3.12,2.24,-1.07,-0.11
2001-09-06,10.14,10.14,9.85,9.89,13424,13363813.0,2.86,1.76,-2.47,-0.25
2001-09-07,9.75,10.23,9.68,9.69,12611,12538903.0,5.56,1.65,-2.02,-0.2
2001-09-10,9.5,9.99,9.4,9.96,9052,8824574.0,6.09,1.18,2.79,0.27
2001-09-11,10.09,10.09,9.78,9.81,7147,7026964.5,3.11,0.93,-1.51,-0.15
2001-09-12,9.5,9.78,9.41,9.52,14484,13841295.0,3.77,1.89,-2.96,-0.29
2001-09-13,9.5,9.75,9.5,9.59,4478,4320508.5,2.63,0.59,0.74,0.07
2001-09-14,9.6,9.68,9.11,9.11,11489,10564746.0,5.94,1.5,-5.01,-0.48
2001-09-17,8.65,9.06,8.65,8.67,25369,22131478.0,4.5,3.32,-4.83,-0.44
2001-09-18,8.61,9.08,8.61,8.95,13289,11817923.0,5.42,1.74,3.23,0.28
2001-09-19,8.8,8.8,8.5,8.7,9585,8228379.0,3.35,1.25,-2.79,-0.25
2001-09-20,8.7,8.93,8.31,8.7,14244,12213636.0,7.13,1.86,0.0,0.0
2001-09-21,8.75,8.85,8.56,8.74,6365,5562342.5,3.33,0.83,0.46,0.04
2001-09-24,8.75,8.88,8.65,8.66,3514,3080190.0,2.63,0.46,-0.92,-0.08
2001-09-25,8.6,8.75,8.45,8.49,4890,4193793.75,3.46,0.64,-1.96,-0.17
2001-09-26,8.49,8.49,8.07,8.07,8847,7205284.5,4.95,1.16,-4.95,-0.42
2001-09-27,7.98,8.3,7.8,8.0,8485,6831347.5,6.2,1.11,-0.87,-0.07
2001-09-28,7.91,8.21,7.91,8.19,6595,5327748.0,3.75,0.86,2.38,0.19
2001-10-08,8.18,8.28,7.99,8.08,4689,3824262.5,3.54,0.61,-1.34,-0.11
2001-10-09,7.95,8.19,7.91,8.12,4586,3696619.75,3.47,0.6,0.5,0.04
2001-10-10,8.1,8.1,7.71,7.71,6366,4966304.0,4.8,0.83,-5.05,-0.41
2001-10-11,7.59,7.8,7.32,7.32,6982,5188749.0,6.23,0.91,-5.06,-0.39
2001-10-12,7.35,7.5,7.0,7.36,8663,6272379.5,6.83,1.13,0.55,0.04
2001-10-15,7.35,7.65,7.26,7.58,6758,5052149.5,5.3,0.88,2.99,0.22
2001-10-16,7.58,7.96,7.56,7.81,15046,11825863.0,5.28,1.97,3.03,0.23
2001-10-17,7.7,7.79,7.42,7.43,7729,5815467.5,4.74,1.01,-4.87,-0.38
2001-10-18,7.43,7.48,7.06,7.16,8073,5787780.0,5.65,1.06,-3.63,-0.27
2001-10-19,7.16,7.16,6.8,6.8,11024,7640491.5,5.03,1.44,-5.03,-0.36
2001-10-22,6.78,6.78,6.46,6.46,7853,5169647.0,4.71,1.03,-5.0,-0.34
2001-10-23,6.78,6.78,6.66,6.78,10927,7400187.5,1.86,1.43,4.95,0.32
2001-10-24,7.12,7.12,7.0,7.12,8354,5939058.0,1.77,1.09,5.01,0.34
2001-10-25,7.3,7.3,6.76,6.76,14763,10318712.0,7.58,1.93,-5.06,-0.36
2001-10-26,6.7,7.08,6.5,7.03,12239,8292230.5,8.58,1.6,3.99,0.27
2001-10-29,7.03,7.3,6.96,7.27,14272,10285804.0,4.84,1.87,3.41,0.24
2001-10-30,7.3,7.42,7.18,7.2,14612,10661910.0,3.3,1.91,-0.96,-0.07
2001-10-31,7.16,7.24,7.07,7.24,6903,4922483.5,2.36,0.9,0.56,0.04
2001-11-01,7.25,7.48,7.18,7.34,11172,8222428.0,4.14,1.46,1.38,0.1
2001-11-02,7.3,7.39,7.23,7.23,4445,3233438.5,2.18,0.58,-1.5,-0.11
2001-11-05,7.15,7.24,7.0,7.1,7017,4964183.0,3.32,0.92,-1.8,-0.13
2001-11-06,7.15,7.18,7.05,7.09,2914,2072816.5,1.83,0.38,-0.14,-0.01
2001-11-07,7.0,7.0,6.74,6.74,7461,5079055.5,3.67,0.98,-4.94,-0.35
2001-11-08,6.55,6.87,6.48,6.83,5673,3814634.25,5.79,0.74,1.34,0.09
2001-11-09,6.82,7.09,6.69,6.98,4924,3408617.25,5.86,0.64,2.2,0.15
2001-11-12,6.95,7.08,6.9,7.0,3238,2274388.75,2.58,0.42,0.29,0.02
2001-11-13,6.94,6.99,6.8,6.83,3283,2251996.0,2.71,0.43,-2.43,-0.17
2001-11-14,6.87,6.97,6.83,6.83,1620,1111658.5,2.05,0.21,0.0,0.0
2001-11-15,6.85,6.93,6.83,6.89,2245,1542933.88,1.46,0.29,0.88,0.06
2001-11-16,7.23,7.23,6.95,7.08,11030,7845714.0,4.06,1.44,2.76,0.19
2001-11-19,7.04,7.34,7.03,7.31,11030,7845714.0,4.38,1.44,3.25,0.23
2001-11-20,7.32,7.39,7.25,7.33,10202,7388813.0,1.92,1.33,0.27,0.02
2001-11-21,7.31,7.5,7.3,7.44,9864,7293708.5,2.73,1.29,1.5,0.11
2001-11-22,7.44,7.45,7.27,7.39,7670,5644356.5,2.42,1.0,-0.67,-0.05
2001-11-23,7.38,7.45,7.28,7.32,5768,4227306.5,2.3,0.75,-0.95,-0.07
2001-11-26,7.3,7.53,7.26,7.42,5947,4411617.5,3.69,0.78,1.37,0.1
2001-11-27,7.4,7.55,7.4,7.55,6777,5078281.0,2.02,0.89,1.75,0.13
2001-11-28,7.55,7.7,7.5,7.64,11132,8486423.0,2.65,1.46,1.19,0.09
2001-11-29,7.64,7.81,7.6,7.74,10227,7909181.5,2.75,1.34,1.31,0.1
2001-11-30,7.79,8.09,7.69,8.0,16774,13296033.0,5.17,2.19,3.36,0.26
2001-12-03,8.05,8.15,7.9,7.94,16628,13326626.0,3.13,2.18,-0.75,-0.06
2001-12-04,7.9,8.04,7.88,7.96,10392,8277580.5,2.02,1.36,0.25,0.02
2001-12-05,7.56,7.75,7.56,7.56,11744,8912779.0,2.39,1.54,-5.03,-0.4
2001-12-06,7.18,7.39,7.18,7.33,45257,32685788.0,2.78,5.92,-3.04,-0.23
2001-12-07,7.3,7.35,7.01,7.06,19175,13694326.0,4.64,2.51,-3.68,-0.27
2001-12-10,7.02,7.29,6.99,7.28,9469,6812516.5,4.25,1.24,3.12,0.22
2001-12-11,7.33,7.33,7.17,7.17,5123,3700290.5,2.2,0.67,-1.51,-0.11
2001-12-12,7.13,7.23,6.81,6.81,13391,9281338.0,5.86,1.75,-5.02,-0.36
2001-12-13,6.75,6.75,6.52,6.66,9677,6410436.5,3.38,1.27,-2.2,-0.15
2001-12-14,6.65,6.99,6.65,6.99,8222,5672986.0,5.11,1.08,4.95,0.33
2001-12-17,7.08,7.23,6.9,6.93,15015,10610169.0,4.72,1.96,-0.86,-0.06
2001-12-18,6.85,6.98,6.6,6.87,6006,4085333.5,5.48,0.79,-0.87,-0.06
2001-12-19,6.85,7.08,6.83,6.92,4129,2870202.5,3.64,0.54,0.73,0.05
2001-12-20,6.9,6.97,6.65,6.7,4248,2869895.0,4.62,0.56,-3.18,-0.22
2001-12-21,6.71,6.84,6.7,6.73,3453,2330363.75,2.09,0.45,0.45,0.03
2001-12-24,6.65,6.7,6.39,6.39,7012,4506288.5,4.61,0.92,-5.05,-0.34
2001-12-25,6.09,6.28,6.07,6.15,19184,11784626.0,3.29,2.51,-3.76,-0.24
2001-12-26,6.1,6.39,6.1,6.27,6706,4186929.0,4.72,0.88,1.95,0.12
2001-12-27,6.23,6.34,6.08,6.11,6324,3917176.0,4.15,0.83,-2.55,-0.16
2001-12-28,6.1,6.24,6.1,6.13,5845,3596098.25,2.29,0.76,0.33,0.02
2001-12-31,6.11,6.11,5.82,5.82,14479,8565087.0,4.73,1.89,-5.06,-0.31
2002-01-04,5.8,6.11,5.75,6.11,10146,6187457.5,6.19,1.33,4.98,0.29
2002-01-07,6.09,6.15,5.85,5.92,10511,6274894.0,4.91,1.38,-3.11,-0.19
2002-01-08,5.95,5.96,5.62,5.62,9045,5175914.5,5.74,1.18,-5.07,-0.3
2002-01-09,5.55,5.55,5.34,5.34,11591,6232179.5,3.74,1.52,-4.98,-0.28
2002-01-10,5.24,5.33,5.07,5.25,15381,7902852.5,4.87,2.01,-1.69,-0.09
2002-01-11,5.51,5.51,5.25,5.3,14921,8032364.0,4.95,1.95,0.95,0.05
2002-01-14,5.04,5.24,5.04,5.04,8571,4332820.5,3.77,1.12,-4.91,-0.26
2002-01-15,4.86,5.0,4.79,4.79,10091,4866178.0,4.17,1.32,-4.96,-0.25
2002-01-16,4.64,4.73,4.55,4.55,17443,7976895.5,3.76,2.28,-5.01,-0.24
2002-01-17,4.35,4.5,4.32,4.32,3207,1391481.0,3.96,0.42,-5.05,-0.23
2002-01-18,4.1,4.15,4.1,4.1,15703,6443104.0,1.16,2.05,-5.09,-0.22
2002-01-21,3.9,3.9,3.9,3.9,928,361920.0,0.0,0.12,-4.88,-0.2
2002-01-22,3.71,3.71,3.71,3.71,298,110558.0,0.0,0.04,-4.87,-0.19
2002-01-23,3.52,3.7,3.52,3.58,43321,15329894.0,4.85,5.67,-3.5,-0.13
2002-01-24,3.42,3.75,3.4,3.65,38928,13987784.0,9.78,5.09,1.96,0.07
2002-01-25,3.7,3.83,3.7,3.83,8477,3241143.5,3.56,1.11,4.93,0.18
2002-01-28,3.99,3.99,3.64,3.64,21330,7944099.0,9.14,2.79,-4.96,-0.19
2002-01-29,3.46,3.77,3.46,3.76,20954,7445129.5,8.52,2.74,3.3,0.12
2002-01-30,3.75,3.86,3.64,3.78,20871,7814309.5,5.85,2.73,0.53,0.02
2002-01-31,3.95,3.97,3.9,3.97,11506,4560059.0,1.85,1.51,5.03,0.19
2002-02-01,4.08,4.17,3.97,4.11,25564,10419062.0,5.04,3.34,3.53,0.14
2002-02-04,4.12,4.32,4.08,4.32,25703,10948591.0,5.84,3.36,5.11,0.21
2002-02-05,4.33,4.54,4.32,4.54,23901,10763214.0,5.09,3.13,5.09,0.22
2002-02-06,4.69,4.69,4.31,4.31,31138,13819831.0,8.37,4.07,-5.07,-0.23
2002-02-07,4.19,4.5,4.14,4.41,15760,6888983.5,8.35,2.06,2.32,0.1
2002-02-08,4.46,4.58,4.39,4.46,13802,6226224.5,4.31,1.81,1.13,0.05
2002-02-25,4.57,4.68,4.48,4.68,15071,6985184.5,4.48,1.97,4.93,0.22
2002-02-26,4.7,4.91,4.7,4.91,27118,13251828.0,4.49,3.55,4.91,0.23
2002-02-27,5.02,5.05,4.82,4.92,23542,11592885.0,4.68,3.08,0.2,0.01
2002-02-28,4.95,5.17,4.81,5.12,25806,12838267.0,7.32,3.38,4.07,0.2
2002-03-01,5.08,5.09,4.86,4.86,14342,7019579.0,4.49,1.88,-5.08,-0.26
2002-03-04,4.62,4.98,4.62,4.89,26054,12357979.0,7.41,3.41,0.62,0.03
2002-03-05,4.85,5.04,4.8,4.99,25636,12713148.0,4.91,3.35,2.04,0.1
2002-03-06,5.03,5.23,5.03,5.14,28798,14839005.0,4.01,3.77,3.01,0.15
2002-03-07,5.19,5.4,5.17,5.4,20159,10725950.0,4.47,2.64,5.06,0.26
2002-03-08,5.59,5.67,5.4,5.67,36773,20573378.0,5.0,4.81,5.0,0.27
2002-03-11,5.78,5.95,5.78,5.95,26882,15949096.0,3.0,3.52,4.94,0.28
2002-03-12,6.25,6.25,6.05,6.25,24465,15206806.0,3.36,3.2,5.04,0.3
2002-03-13,6.25,6.27,5.94,5.94,44715,26989152.0,5.28,5.85,-4.96,-0.31
2002-03-14,5.84,6.24,5.75,6.24,46030,28537084.0,8.25,6.02,5.05,0.3
2002-03-15,6.48,6.55,6.44,6.52,44270,28934394.0,1.76,5.79,4.49,0.28
2002-03-18,6.52,6.61,6.26,6.4,40447,25968378.0,5.37,5.29,-1.84,-0.12
2002-03-19,6.3,6.46,6.08,6.3,43405,26892940.0,5.94,5.68,-1.56,-0.1
2002-03-20,6.4,6.62,6.32,6.62,41561,27350818.0,4.76,5.44,5.08,0.32
2002-03-21,6.73,6.94,6.6,6.93,42517,28828874.0,5.14,5.56,4.68,0.31
2002-03-22,6.9,7.25,6.75,7.22,39543,27714070.0,7.22,5.17,4.18,0.29
2002-03-25,7.22,7.58,7.2,7.58,49290,36985148.0,5.26,6.45,4.99,0.36
2002-03-26,7.8,7.93,7.37,7.48,77451,59443316.0,7.39,10.13,-1.32,-0.1
2002-03-27,7.28,7.72,7.11,7.36,53783,39439464.0,8.16,7.04,-1.6,-0.12
2002-03-28,7.2,7.5,7.15,7.16,28858,21055032.0,4.76,3.78,-2.72,-0.2
2002-03-29,7.14,7.25,6.8,6.8,29719,20443388.0,6.28,3.89,-5.03,-0.36
2002-04-01,6.46,7.07,6.46,6.96,54376,36219252.0,8.97,7.11,2.35,0.16
2002-04-02,6.94,7.01,6.61,6.61,34064,23072354.0,5.75,4.46,-5.03,-0.35
2002-04-03,6.7,6.84,6.48,6.71,24641,16422045.0,5.45,3.22,1.51,0.1
2002-04-04,6.71,7.0,6.63,6.98,28959,19944282.0,5.51,3.79,4.02,0.27
2002-04-05,7.0,7.06,6.75,6.88,20707,14180937.0,4.44,2.71,-1.43,-0.1
2002-04-08,6.82,6.97,6.6,6.67,18329,12373544.0,5.38,2.4,-3.05,-0.21
2002-04-09,6.7,6.98,6.61,6.93,18732,12798606.0,5.55,2.45,3.9,0.26
2002-04-10,6.93,7.28,6.8,7.19,31808,22675746.0,6.93,4.16,3.75,0.26
2002-04-11,7.18,7.26,6.98,6.98,19952,14190107.0,3.89,2.61,-2.92,-0.21
2002-04-12,6.96,7.15,6.91,7.0,14737,10358347.0,3.44,1.93,0.29,0.02
2002-04-15,7.03,7.11,6.76,6.84,18112,12504359.0,5.0,2.37,-2.29,-0.16
2002-04-16,6.73,6.94,6.63,6.69,12889,8708314.0,4.53,1.69,-2.19,-0.15
2002-04-17,6.75,7.0,6.72,6.98,14643,10095506.0,4.19,1.92,4.33,0.29
2002-04-18,7.0,7.0,6.78,6.79,10563,7229257.0,3.15,1.38,-2.72,-0.19
2002-04-19,6.45,6.97,6.45,6.89,21571,14374842.0,7.66,2.82,1.47,0.1
2002-04-22,6.72,6.88,6.72,6.74,9244,6275282.0,2.32,1.21,-2.18,-0.15
2002-04-23,6.76,7.08,6.76,7.08,33472,23540916.0,4.75,4.38,5.04,0.34
2002-04-24,7.15,7.2,6.98,7.09,20949,14856359.0,3.11,2.74,0.14,0.01
2002-04-25,7.09,7.11,6.91,7.09,13078,9175096.0,2.82,1.71,0.0,0.0
2002-04-26,7.07,7.22,7.01,7.18,16298,11676881.0,2.96,2.13,1.27,0.09
2002-04-29,7.18,7.54,7.11,7.43,22604,16796974.0,5.99,2.96,3.48,0.25
2002-04-30,7.42,7.59,7.36,7.39,18873,14054878.0,3.1,2.47,-0.54,-0.04
2002-05-08,7.5,7.67,7.35,7.6,15053,11347326.0,4.33,1.97,2.84,0.21
2002-05-09,7.65,7.82,7.56,7.69,18696,14440121.0,3.42,2.45,1.18,0.09
2002-05-10,7.69,7.72,7.31,7.38,24810,18432552.0,5.33,3.25,-4.03,-0.31
2002-05-13,7.3,7.52,7.15,7.51,14711,10801765.0,5.01,1.92,1.76,0.13
2002-05-14,7.48,7.51,7.23,7.25,8267,6109149.5,3.73,1.08,-3.46,-0.26
2002-05-15,7.2,7.47,7.15,7.26,10855,7931277.5,4.41,1.42,0.14,0.01
2002-05-16,7.2,7.28,6.9,6.9,15373,10782372.0,5.23,2.01,-4.96,-0.36
2002-05-17,6.84,6.97,6.59,6.91,13423,9129737.0,5.51,1.76,0.14,0.01
2002-05-20,6.86,7.18,6.68,7.08,8852,6054805.0,7.24,1.16,2.46,0.17
2002-05-21,7.18,7.3,7.08,7.27,17157,12366102.0,3.11,2.24,2.68,0.19
2002-05-22,7.28,7.3,6.95,6.96,10309,7333323.5,4.81,1.35,-4.26,-0.31
2002-05-23,7.31,7.31,7.03,7.1,7769,5560810.0,4.02,1.02,2.01,0.14
2002-05-24,7.08,7.18,7.0,7.04,4599,3251515.0,2.54,0.6,-0.85,-0.06
2002-05-27,7.0,7.1,6.85,6.91,5208,3624875.5,3.55,0.68,-1.85,-0.13
2002-05-28,6.91,7.06,6.91,6.92,3465,2416652.5,2.17,0.45,0.14,0.01
2002-05-29,6.92,6.92,6.61,6.65,8227,5543970.5,4.48,1.08,-3.9,-0.27
2002-05-30,6.65,6.78,6.58,6.74,6982,4671730.5,3.01,0.91,1.35,0.09
2002-05-31,6.78,6.78,6.58,6.6,4917,3276810.75,2.97,0.64,-2.08,-0.14
2002-06-03,6.4,6.55,6.27,6.27,9928,6290385.5,4.24,1.3,-5.0,-0.33
2002-06-04,6.26,6.33,5.96,6.11,20606,12570055.0,5.9,2.7,-2.55,-0.16
2002-06-05,6.05,6.1,5.8,5.8,10361,6035911.5,4.91,1.36,-5.07,-0.31
2002-06-06,5.8,6.09,5.64,6.09,15769,9443638.0,7.76,2.06,5.0,0.29
2002-06-07,6.15,6.37,6.0,6.3,16963,10639278.0,6.08,2.22,3.45,0.21
2002-06-10,6.3,6.32,6.07,6.22,7534,4657826.5,3.97,0.99,-1.27,-0.08
2002-06-11,6.2,6.37,6.17,6.31,6884,4341474.0,3.22,0.9,1.45,0.09
2002-06-12,6.25,6.31,6.2,6.29,3363,2101492.5,1.74,0.44,-0.32,-0.02
2002-06-13,6.38,6.6,6.33,6.6,19040,12548237.0,4.29,2.49,4.93,0.31
2002-06-14,6.6,6.69,6.27,6.28,22174,14375575.0,6.36,2.9,-4.85,-0.32
2002-06-17,6.18,6.37,6.02,6.29,8918,5480635.0,5.57,1.17,0.16,0.01
2002-06-18,6.28,6.6,6.25,6.47,12069,7831044.0,5.56,1.58,2.86,0.18
2002-06-19,6.48,6.54,6.35,6.37,6138,3930941.75,2.94,0.8,-1.55,-0.1
2002-06-20,6.37,6.58,6.36,6.49,9042,5893672.0,3.45,1.18,1.88,0.12
2002-06-21,6.6,6.81,6.58,6.81,24962,16972856.0,3.54,3.27,4.93,0.32
2002-06-24,7.15,7.15,7.15,7.15,4631,3311765.5,0.0,0.61,4.99,0.34
2002-06-25,7.51,7.51,7.45,7.51,37826,28406262.0,0.84,4.95,5.03,0.36
2002-06-26,7.5,7.59,7.3,7.4,38032,28238048.0,3.86,4.98,-1.46,-0.11
2002-06-27,7.32,7.7,7.32,7.43,24237,18267148.0,5.14,3.17,0.41,0.03
2002-07-01,7.38,7.38,7.1,7.1,17218,12324722.0,3.77,2.25,-4.44,-0.33
2002-07-02,7.05,7.22,6.94,7.15,9656,6881714.5,3.94,1.26,0.7,0.05
2002-07-03,7.15,7.49,7.15,7.28,14017,10295248.0,4.76,1.83,1.82,0.13
2002-07-04,7.26,7.3,7.1,7.16,10658,7655253.0,2.75,1.39,-1.65,-0.12
2002-07-05,7.15,7.2,7.02,7.14,3944,2808803.75,2.51,0.52,-0.28,-0.02
2002-07-08,7.14,7.25,7.08,7.23,6423,4599391.0,2.38,0.84,1.26,0.09
2002-07-09,7.28,7.28,7.14,7.16,8025,5789652.5,1.94,1.05,-0.97,-0.07
2002-07-10,7.13,7.16,6.92,6.96,11639,8171986.0,3.35,1.52,-2.79,-0.2
2002-07-11,7.0,7.14,6.96,7.02,8671,6102894.0,2.59,1.13,0.86,0.06
2002-07-12,6.98,7.15,6.98,7.01,9021,6364295.5,2.42,1.18,-0.14,-0.01
2002-07-15,6.98,7.09,6.97,7.07,5310,3739332.5,1.71,0.69,0.86,0.06
2002-07-16,7.1,7.15,7.03,7.07,4455,3154208.0,1.7,0.58,0.0,0.0
2002-07-17,7.12,7.4,7.1,7.35,24131,17560378.0,4.24,3.16,3.96,0.28
2002-07-18,7.34,7.36,7.23,7.32,12778,9332261.0,1.77,1.67,-0.41,-0.03
2002-07-19,7.4,7.5,7.32,7.45,19614,14596213.0,2.46,2.57,1.78,0.13
2002-07-22,7.46,7.55,7.24,7.26,14738,10886013.0,4.16,1.93,-2.55,-0.19
2002-07-23,7.2,7.26,7.05,7.12,11573,8279094.0,2.89,1.51,-1.93,-0.14
2002-07-24,7.1,7.16,7.08,7.12,5559,3946106.25,1.12,0.73,0.0,0.0
2002-07-25,7.15,7.21,7.04,7.09,3868,2745086.75,2.39,0.51,-0.42,-0.03
2002-07-26,7.08,7.16,7.07,7.1,2940,2088205.0,1.27,0.38,0.14,0.01
2002-07-29,7.12,7.12,6.92,7.0,6158,4310192.5,2.82,0.81,-1.41,-0.1
2002-07-30,7.02,7.12,7.01,7.08,2470,1743704.0,1.57,0.32,1.14,0.08
2002-07-31,7.08,7.14,6.93,7.0,2660,1872406.12,2.97,0.35,-1.13,-0.08
2002-08-01,7.0,7.05,6.9,6.97,4440,3089139.0,2.14,0.58,-0.43,-0.03
2002-08-02,6.95,7.0,6.9,6.93,3331,2310558.25,1.43,0.44,-0.57,-0.04
2002-08-05,6.93,6.93,6.8,6.9,3630,2485222.75,1.88,0.47,-0.43,-0.03
2002-08-06,6.9,7.08,6.9,7.01,4227,2961235.5,2.61,0.55,1.59,0.11
2002-08-07,7.01,7.01,6.89,6.9,3478,2408077.5,1.71,0.45,-1.57,-0.11
2002-08-08,6.9,6.96,6.85,6.86,2387,1646721.0,1.59,0.31,-0.58,-0.04
2002-08-09,6.92,6.92,6.69,6.76,5811,3919241.5,3.35,0.76,-1.46,-0.1
2002-08-12,6.7,6.74,6.5,6.67,6466,4270596.0,3.55,0.85,-1.33,-0.09
2002-08-13,6.65,6.71,6.61,6.64,1907,1270313.12,1.5,0.25,-0.45,-0.03
2002-08-14,6.65,6.95,6.65,6.83,4975,3404910.0,4.52,0.65,2.86,0.19
2002-08-15,6.8,6.84,6.65,6.66,3259,2187580.0,2.78,0.43,-2.49,-0.17
2002-08-16,6.61,6.8,6.6,6.73,2942,1962789.88,3.0,0.38,1.05,0.07
2002-08-19,6.69,6.74,6.68,6.69,1506,1010057.25,0.89,0.2,-0.59,-0.04
2002-08-20,6.71,6.91,6.7,6.8,4953,3379694.5,3.14,0.65,1.64,0.11
2002-08-21,6.8,6.91,6.78,6.83,4527,3090674.75,1.91,0.59,0.44,0.03
2002-08-22,6.78,6.95,6.78,6.87,3662,2502654.0,2.49,0.48,0.59,0.04
2002-08-23,6.84,6.9,6.79,6.8,2813,1918849.5,1.6,0.37,-1.02,-0.07
2002-08-26,6.78,6.79,6.65,6.65,3744,2503934.25,2.06,0.49,-2.21,-0.15
2002-08-27,6.68,6.7,6.61,6.65,3755,2496839.75,1.35,0.49,0.0,0.0
2002-08-28,6.75,6.96,6.75,6.79,6715,4611566.0,3.16,0.88,2.11,0.14
2002-08-29,6.72,6.83,6.7,6.7,2644,1783312.38,1.91,0.35,-1.33,-0.09
2002-08-30,6.72,6.75,6.63,6.73,3339,2232281.0,1.79,0.44,0.45,0.03
2002-09-02,6.7,6.77,6.63,6.71,2007,1348521.75,2.08,0.26,-0.3,-0.02
2002-09-03,6.78,6.79,6.7,6.73,2433,1640735.62,1.34,0.32,0.3,0.02
2002-09-04,6.73,6.76,6.66,6.68,1485,996039.19,1.49,0.19,-0.74,-0.05
2002-09-05,6.66,6.68,6.55,6.55,4167,2753653.0,1.95,0.55,-1.95,-0.13
2002-09-06,6.54,6.66,6.5,6.51,3980,2612873.0,2.44,0.52,-0.61,-0.04
2002-09-09,6.5,6.6,6.34,6.39,3808,2456211.25,3.99,0.5,-1.84,-0.12
2002-09-10,6.35,6.49,6.32,6.36,2816,1791465.75,2.66,0.37,-0.47,-0.03
2002-09-11,6.35,6.4,6.2,6.28,4823,3015608.75,3.14,0.63,-1.26,-0.08
2002-09-12,6.29,6.4,6.22,6.4,4260,2700744.25,2.87,0.56,1.91,0.12
2002-09-13,6.37,6.39,6.3,6.32,2006,1270068.12,1.41,0.26,-1.25,-0.08
2002-09-16,6.0,6.35,6.0,6.14,3579,2202737.25,5.54,0.47,-2.85,-0.18
2002-09-17,6.12,6.16,5.83,5.85,13029,7688140.5,5.37,1.7,-4.72,-0.29
2002-09-18,5.8,5.8,5.56,5.62,13702,7689286.0,4.1,1.79,-3.93,-0.23
2002-09-19,5.65,5.88,5.65,5.88,10083,5818175.0,4.09,1.32,4.63,0.26
2002-09-20,5.9,5.95,5.78,5.78,4964,2897130.5,2.89,0.65,-1.7,-0.1
2002-09-23,5.75,5.91,5.71,5.88,3673,2151963.0,3.46,0.48,1.73,0.1
2002-09-24,5.85,5.87,5.68,5.7,3067,1767338.12,3.23,0.4,-3.06,-0.18
2002-09-25,5.57,5.88,5.57,5.78,4712,2714800.25,5.44,0.62,1.4,0.08
2002-09-26,5.76,5.76,5.57,5.68,5065,2861550.5,3.29,0.66,-1.73,-0.1
2002-09-27,5.74,5.74,5.6,5.63,2978,1680706.75,2.46,0.39,-0.88,-0.05
2002-10-08,5.63,5.67,5.49,5.54,2833,1571501.25,3.2,0.37,-1.6,-0.09
2002-10-09,5.54,5.54,5.28,5.29,4451,2379317.0,4.69,0.58,-4.51,-0.25
2002-10-10,5.2,5.43,5.2,5.31,3445,1836119.75,4.35,0.45,0.38,0.02
2002-10-11,5.4,5.58,5.4,5.58,9560,5304599.0,3.39,1.25,5.08,0.27
2002-10-14,5.58,5.86,5.58,5.86,23033,13361758.0,5.02,3.01,5.02,0.28
2002-10-15,5.94,6.15,5.88,6.07,36857,22194548.0,4.61,4.82,3.58,0.21
2002-10-16,6.04,6.2,5.92,6.15,20537,12542558.0,4.61,2.69,1.32,0.08
2002-10-17,6.13,6.15,5.93,6.01,14610,8818592.0,3.58,1.91,-2.28,-0.14
2002-10-18,6.01,6.25,5.95,6.2,21931,13505416.0,4.99,2.87,3.16,0.19
2002-10-21,6.21,6.35,6.13,6.27,15847,9960604.0,3.55,2.07,1.13,0.07
2002-10-22,6.25,6.38,6.15,6.21,19409,12090997.0,3.67,2.54,-0.96,-0.06
2002-10-23,6.2,6.43,6.15,6.29,21164,13302270.0,4.51,2.77,1.29,0.08
2002-10-24,6.23,6.32,6.1,6.16,15600,9619752.0,3.5,2.04,-2.07,-0.13
2002-10-25,6.17,6.22,5.91,5.95,11223,6775747.5,5.03,1.47,-3.41,-0.21
2002-10-28,5.91,6.09,5.9,6.09,12504,7482374.0,3.19,1.64,2.35,0.14
2002-10-29,6.09,6.18,6.02,6.15,10532,6436397.5,2.63,1.38,0.99,0.06
2002-10-30,6.13,6.15,5.95,6.04,8453,5127813.0,3.25,1.11,-1.79,-0.11
2002-10-31,6.04,6.18,6.01,6.07,8169,4985842.0,2.81,1.07,0.5,0.03
2002-11-01,6.02,6.08,5.93,5.96,8013,4789487.5,2.47,1.05,-1.81,-0.11
2002-11-04,5.98,6.1,5.82,5.85,13092,7690022.5,4.7,1.71,-1.85,-0.11
2002-11-05,5.85,6.14,5.81,6.14,22062,13270140.0,5.64,2.89,4.96,0.29
2002-11-06,6.18,6.22,6.08,6.17,14885,9192102.0,2.28,1.95,0.49,0.03
2002-11-07,6.19,6.2,6.11,6.16,7478,4607187.0,1.46,0.98,-0.16,-0.01
2002-11-08,6.11,6.2,5.85,5.86,10121,6100053.5,5.68,1.32,-4.87,-0.3
2002-11-11,5.9,5.97,5.65,5.7,7806,4550695.5,5.46,1.02,-2.73,-0.16
2002-11-13,5.42,5.59,5.42,5.5,17195,9372928.0,2.98,2.25,-3.51,-0.2
2002-11-14,5.5,5.53,5.23,5.23,10577,5658502.5,5.45,1.38,-4.91,-0.27
2002-11-15,5.23,5.3,5.0,5.19,12983,6716959.5,5.74,1.7,-0.76,-0.04
2002-11-18,5.26,5.3,5.08,5.17,5043,2600500.75,4.24,0.66,-0.39,-0.02
2002-11-19,5.15,5.28,5.08,5.27,7707,4024827.5,3.87,1.01,1.93,0.1
2002-11-20,5.22,5.22,5.01,5.01,8107,4111329.0,3.98,1.06,-4.93,-0.26
2002-11-21,4.9,4.9,4.76,4.76,7863,3751120.5,2.79,1.03,-4.99,-0.25
2002-11-22,4.7,4.73,4.52,4.53,16679,7653971.5,4.41,2.18,-4.83,-0.23
2002-11-25,4.44,4.73,4.3,4.61,10089,4603202.5,9.49,1.32,1.77,0.08
2002-11-26,4.55,4.65,4.38,4.38,8491,3795999.75,5.86,1.11,-4.99,-0.23
2002-11-27,4.22,4.45,4.16,4.34,12833,5439472.5,6.62,1.68,-0.91,-0.04
2002-11-28,4.35,4.56,4.35,4.56,12861,5751244.0,4.84,1.68,5.07,0.22
2002-11-29,4.62,4.78,4.55,4.65,15312,7129855.0,5.04,2.0,1.97,0.09
2002-12-02,4.62,4.8,4.49,4.5,13236,6169680.5,6.67,1.73,-3.23,-0.15
2002-12-03,4.65,4.73,4.6,4.73,9740,4591077.5,2.89,1.27,5.11,0.23
2002-12-04,4.97,4.97,4.97,4.97,3857,1917401.12,0.0,0.5,5.07,0.24
2002-12-05,5.22,5.22,4.92,5.22,51962,26554348.0,6.04,6.8,5.03,0.25
2002-12-06,5.22,5.28,5.05,5.07,28619,14831306.0,4.41,3.74,-2.87,-0.15
2002-12-09,5.01,5.22,5.0,5.1,12069,6181885.5,4.34,1.58,0.59,0.03
2002-12-10,5.05,5.12,4.85,4.85,12664,6279056.5,5.29,1.66,-4.9,-0.25
2002-12-11,4.75,4.94,4.62,4.92,11231,5308701.5,6.6,1.47,1.44,0.07
2002-12-12,4.93,5.16,4.91,5.1,14361,7290038.0,5.08,1.88,3.66,0.18
2002-12-13,5.05,5.26,5.01,5.2,17784,9186567.0,4.9,2.33,1.96,0.1
2002-12-16,5.2,5.24,5.11,5.14,10280,5302187.5,2.5,1.34,-1.15,-0.06
2002-12-17,5.13,5.33,5.13,5.2,10279,5365453.0,3.89,1.34,1.17,0.06
2002-12-18,5.16,5.28,5.05,5.07,11578,5947087.5,4.42,1.51,-2.5,-0.13
2002-12-19,5.04,5.13,5.02,5.13,6425,3271988.75,2.17,0.84,1.18,0.06
2002-12-20,5.15,5.26,5.13,5.19,11200,5831818.0,2.53,1.47,1.17,0.06
2002-12-23,5.16,5.45,5.16,5.45,24916,13478013.0,5.59,3.26,5.01,0.26
2002-12-24,5.47,5.6,5.37,5.5,17754,9756233.0,4.22,2.32,0.92,0.05
2002-12-25,5.5,5.68,5.46,5.55,13495,7534171.5,4.0,1.77,0.91,0.05
2002-12-26,5.55,5.58,5.27,5.27,12690,6812289.5,5.59,1.66,-5.05,-0.28
2002-12-27,5.17,5.3,5.01,5.13,22560,11497945.0,5.5,2.95,-2.66,-0.14
2002-12-30,5.03,5.18,5.02,5.11,7832,3981184.0,3.12,1.02,-0.39,-0.02
2002-12-31,5.12,5.17,4.97,4.98,6884,3484078.25,3.91,0.9,-2.54,-0.13
2003-01-02,4.99,5.1,4.95,5.06,8010,4022395.75,3.01,1.05,1.61,0.08
2003-01-03,5.06,5.28,5.02,5.28,14061,7311682.0,5.14,1.84,4.35,0.22
2003-01-06,5.3,5.48,5.2,5.39,11091,5945706.5,5.3,1.45,2.08,0.11
2003-01-07,5.66,5.66,5.32,5.44,21650,11935672.0,6.31,2.83,0.93,0.05
2003-01-08,5.42,5.49,5.34,5.48,10204,5519490.0,2.76,1.33,0.74,0.04
2003-01-09,5.53,5.57,5.41,5.53,13984,7686728.0,2.92,1.83,0.91,0.05
2003-01-10,5.52,5.52,5.36,5.37,15474,8402353.0,2.89,2.02,-2.89,-0.16
2003-01-13,5.38,5.55,5.35,5.51,12237,6679727.0,3.72,1.6,2.61,0.14
2003-01-14,5.51,5.7,5.38,5.69,24785,13863864.0,5.81,3.24,3.27,0.18
2003-01-15,5.75,5.75,5.52,5.56,15714,8821012.0,4.04,2.06,-2.28,-0.13
2003-01-16,5.52,5.7,5.46,5.68,19103,10762092.0,4.32,2.5,2.16,0.12
2003-01-17,5.67,5.96,5.62,5.76,24439,14204496.0,5.99,3.2,1.41,0.08
2003-01-20,5.75,5.88,5.7,5.81,10437,6047712.0,3.13,1.36,0.87,0.05
2003-01-21,5.75,5.9,5.71,5.79,18801,10899677.0,3.27,2.45,-0.34,-0.02
2003-01-22,5.73,6.01,5.55,5.89,24625,14366815.0,7.94,3.21,1.73,0.1
2003-01-23,5.85,6.15,5.69,5.84,22119,13017738.0,7.81,2.88,-0.85,-0.05
2003-01-24,5.8,5.8,5.6,5.66,9506,5399155.5,3.42,1.24,-3.08,-0.18
2003-01-27,5.66,5.82,5.66,5.78,7095,4085515.25,2.83,0.92,2.12,0.12
2003-01-28,5.79,5.88,5.75,5.85,7377,4290494.5,2.25,0.96,1.21,0.07
2003-01-29,5.83,5.89,5.75,5.75,9533,5515748.0,2.39,1.24,-1.71,-0.1
2003-02-10,5.75,5.95,5.66,5.89,7511,4397721.0,5.04,0.98,2.43,0.14
2003-02-11,5.8,5.92,5.8,5.9,5403,3172982.25,2.04,0.7,0.17,0.01
2003-02-12,5.95,6.07,5.85,6.02,10086,6038076.0,3.73,1.31,2.03,0.12
2003-02-13,5.98,6.12,5.95,5.97,10657,6425500.0,2.82,1.39,-0.83,-0.05
2003-02-14,5.95,6.05,5.91,5.93,6894,4102766.25,2.35,0.9,-0.67,-0.04
2003-02-17,5.93,6.0,5.85,5.87,6954,4096106.25,2.53,0.91,-1.01,-0.06
2003-02-18,5.9,5.96,5.83,5.95,6520,3847819.5,2.21,0.85,1.36,0.08
2003-02-19,5.94,5.96,5.88,5.94,3665,2168650.75,1.34,0.48,-0.17,-0.01
2003-02-20,5.95,6.03,5.92,5.95,5944,3553025.0,1.85,0.77,0.17,0.01
2003-02-21,5.94,5.96,5.72,5.75,7997,4642307.5,4.03,1.04,-3.36,-0.2
2003-02-24,5.66,5.81,5.66,5.74,4818,2769222.75,2.61,0.63,-0.17,-0.01
2003-02-25,5.73,5.89,5.69,5.87,5273,3076429.75,3.48,0.69,2.26,0.13
2003-02-26,5.88,5.9,5.8,5.84,2682,1564614.62,1.7,0.35,-0.51,-0.03
2003-02-27,5.8,5.87,5.74,5.79,3736,2165497.0,2.23,0.49,-0.86,-0.05
2003-02-28,5.77,5.85,5.71,5.74,4449,2556375.75,2.42,0.58,-0.86,-0.05
2003-03-03,5.74,5.74,5.66,5.68,5363,3046552.5,1.39,0.7,-1.05,-0.06
2003-03-04,5.69,5.78,5.68,5.72,2960,1692734.62,1.76,0.39,0.7,0.04
2003-03-05,5.7,5.75,5.65,5.71,1933,1100282.0,1.75,0.25,-0.17,-0.01
2003-03-06,5.67,5.75,5.53,5.62,5208,2927957.0,3.85,0.68,-1.58,-0.09
2003-03-07,5.58,5.73,5.58,5.62,3748,2113667.25,2.67,0.49,0.0,0.0
2003-03-10,5.64,5.64,5.34,5.34,7478,4046562.0,5.34,0.97,-4.98,-0.28
2003-03-11,5.32,5.4,5.24,5.34,4471,2376902.5,3.0,0.58,0.0,0.0
2003-03-12,5.3,5.38,5.26,5.34,2133,1132914.12,2.25,0.28,0.0,0.0
2003-03-13,5.34,5.39,5.3,5.33,2270,1214668.5,1.69,0.3,-0.19,-0.01
2003-03-14,5.34,5.43,5.33,5.42,3031,1632999.0,1.88,0.39,1.69,0.09
2003-03-17,5.41,5.41,5.26,5.31,3111,1648961.0,2.77,0.41,-2.03,-0.11
2003-03-18,5.3,5.38,5.11,5.13,3773,1977824.75,5.08,0.49,-3.39,-0.18
2003-03-19,5.13,5.18,5.05,5.13,4383,2237682.5,2.53,0.57,0.0,0.0
2003-03-20,5.17,5.21,5.1,5.14,2520,1297537.75,2.14,0.33,0.19,0.01
2003-03-21,5.15,5.23,5.14,5.22,3290,1704648.5,1.75,0.43,1.56,0.08
2003-03-24,5.21,5.27,5.16,5.23,1530,799144.0,2.11,0.2,0.19,0.01
2003-03-25,5.21,5.21,5.09,5.13,2689,1379697.88,2.29,0.35,-1.91,-0.1
2003-03-26,5.13,5.18,5.09,5.15,2144,1099586.0,1.75,0.28,0.39,0.02
2003-03-27,5.15,5.34,5.12,5.29,3594,1876841.75,4.27,0.47,2.72,0.14
2003-03-28,5.3,5.32,5.16,5.18,3429,1804341.0,3.02,0.45,-2.08,-0.11
2003-03-31,5.24,5.44,5.16,5.44,7785,4192604.25,5.41,1.01,5.02,0.26
2003-04-01,5.55,5.69,5.46,5.61,12977,7257924.0,4.23,1.69,3.13,0.17
2003-04-02,5.65,5.65,5.51,5.54,3881,2159635.25,2.5,0.51,-1.25,-0.07
2003-04-03,5.61,5.82,5.5,5.77,14565,8374290.0,5.78,1.9,4.15,0.23
2003-04-04,5.71,5.78,5.6,5.64,9293,5303808.0,3.12,1.21,-2.25,-0.13
2003-04-07,5.64,5.9,5.58,5.75,9589,5534750.0,5.67,1.25,1.95,0.11
2003-04-08,5.71,5.78,5.63,5.64,8093,4603820.5,2.61,1.05,-1.91,-0.11
2003-04-09,5.65,5.75,5.46,5.49,8871,4932717.5,5.14,1.16,-2.66,-0.15
2003-04-10,5.49,5.73,5.41,5.7,13719,7680114.5,5.83,1.79,3.83,0.21
2003-04-11,5.7,5.78,5.52,5.59,9914,5528531.0,4.56,1.29,-1.93,-0.11
2003-04-14,5.52,5.79,5.46,5.73,16990,9527767.0,5.9,2.21,2.5,0.14
2003-04-15,5.66,5.78,5.63,5.71,14794,8430674.0,2.62,1.93,-0.35,-0.02
2003-04-16,5.7,5.8,5.53,5.6,12215,6893976.5,4.73,1.59,-1.93,-0.11
2003-04-17,5.52,5.59,5.32,5.48,16324,8853032.0,4.82,2.13,-2.14,-0.12
2003-04-18,5.43,5.47,5.33,5.35,9259,4989642.5,2.55,1.21,-2.37,-0.13
2003-04-21,5.33,5.55,5.25,5.47,7901,4282125.5,5.61,1.03,2.24,0.12
2003-04-22,5.47,5.64,5.41,5.63,6815,3763437.25,4.2,0.89,2.93,0.16
2003-04-23,5.6,5.67,5.46,5.48,6824,3807864.5,3.73,0.89,-2.66,-0.15
2003-04-24,5.49,5.5,5.3,5.3,6041,3246727.0,3.65,0.79,-3.28,-0.18
2003-04-25,5.3,5.46,5.26,5.39,5595,3012356.25,3.77,0.73,1.7,0.09
2003-04-28,5.36,5.52,5.12,5.32,9528,5030540.0,7.42,1.24,-1.3,-0.07
2003-04-29,5.25,5.48,5.21,5.43,7107,3791841.25,5.08,0.93,2.07,0.11
2003-04-30,5.43,5.53,5.31,5.32,3562,1920990.62,4.05,0.46,-2.03,-0.11
2003-05-12,5.35,5.4,5.17,5.2,4125,2157722.0,4.32,0.54,-2.26,-0.12
2003-05-13,5.15,5.18,4.94,4.94,7625,3785746.0,4.62,0.99,-5.0,-0.26
2003-05-14,4.75,5.0,4.7,4.97,9634,4654874.0,6.07,1.26,0.61,0.03
2003-05-15,4.93,5.02,4.74,5.01,8473,4132588.0,5.63,1.1,0.8,0.04
2003-05-16,5.0,5.09,4.92,5.03,5277,2652039.25,3.39,0.69,0.4,0.02
2003-05-19,5.03,5.28,5.01,5.18,7710,3980326.25,5.37,1.0,2.98,0.15
2003-05-20,5.25,5.25,5.09,5.13,4404,2279437.0,3.09,0.57,-0.97,-0.05
2003-05-21,5.11,5.18,5.0,5.08,3401,1722145.75,3.51,0.44,-0.97,-0.05
2003-05-22,5.06,5.16,5.02,5.12,3185,1623369.12,2.76,0.41,0.79,0.04
2003-05-23,5.08,5.13,5.0,5.04,9839,4949664.5,2.54,1.28,-1.56,-0.08
2003-05-26,5.0,5.13,5.0,5.1,6184,3146518.0,2.58,0.81,1.19,0.06
2003-05-27,5.1,5.24,5.05,5.21,11435,5908446.0,3.73,1.49,2.16,0.11
2003-05-28,5.22,5.47,5.15,5.47,33745,18399276.0,6.14,4.4,4.99,0.26
2003-05-29,5.5,5.6,5.2,5.39,19439,10464766.0,7.31,2.53,-1.46,-0.08
2003-05-30,5.34,5.45,5.25,5.38,8564,4615861.5,3.71,1.12,-0.19,-0.01
2003-06-02,5.33,5.46,5.3,5.42,6319,3399455.25,2.97,0.82,0.74,0.04
2003-06-03,5.48,5.66,5.39,5.42,14917,8250897.0,4.98,1.94,0.0,0.0
2003-06-04,5.4,5.42,5.15,5.19,13868,7256679.0,4.98,1.81,-4.24,-0.23
2003-06-05,5.14,5.28,5.14,5.2,4367,2276203.75,2.7,0.57,0.19,0.01
2003-06-06,5.2,5.21,5.1,5.2,4515,2325469.5,2.12,0.59,0.0,0.0
2003-06-09,5.16,5.21,5.1,5.11,3454,1778199.0,2.12,0.45,-1.73,-0.09
2003-06-10,5.03,5.2,5.03,5.16,2922,1501868.38,3.33,0.38,0.98,0.05
2003-06-11,5.18,5.26,5.1,5.23,5023,2608522.25,3.1,0.65,1.36,0.07
2003-06-12,5.2,5.44,5.2,5.28,6681,3559640.75,4.59,0.87,0.96,0.05
2003-06-13,5.25,5.49,5.22,5.43,19698,10713462.0,5.11,2.57,2.84,0.15
2003-06-16,5.49,5.52,5.35,5.38,11616,6329299.0,3.13,1.51,-0.92,-0.05
2003-06-17,5.35,5.43,5.23,5.24,6141,3248270.0,3.72,0.8,-2.6,-0.14
2003-06-18,5.2,5.5,5.19,5.5,15635,8475730.0,5.92,2.04,4.96,0.26
2003-06-19,5.56,5.68,5.38,5.53,22005,12195046.0,5.45,2.87,0.55,0.03
2003-06-20,5.45,5.6,5.4,5.47,11775,6476056.5,3.62,1.53,-1.08,-0.06
2003-06-23,5.47,5.48,5.2,5.21,9959,5250422.5,5.12,1.3,-4.75,-0.26
2003-06-24,5.12,5.35,5.11,5.24,5278,2775747.5,4.61,0.69,0.58,0.03
2003-06-25,5.29,5.35,5.21,5.26,4158,2194400.5,2.67,0.54,0.38,0.02
2003-06-26,5.22,5.32,5.03,5.15,7866,4048893.5,5.51,1.02,-2.09,-0.11
2003-06-27,5.18,5.19,5.11,5.11,3598,1853404.62,1.55,0.47,-0.78,-0.04
2003-06-30,5.08,5.13,4.96,4.98,5204,2628674.0,3.33,0.68,-2.54,-0.13
2003-07-01,4.98,5.06,4.92,4.99,3461,1734872.88,2.81,0.45,0.2,0.01
2003-07-02,5.0,5.05,4.94,5.04,3615,1795926.5,2.2,0.47,1.0,0.05
2003-07-03,5.01,5.15,5.0,5.12,3240,1647895.62,2.98,0.42,1.59,0.08
2003-07-04,5.12,5.15,5.05,5.09,2516,1279432.0,1.95,0.33,-0.59,-0.03
2003-07-07,5.1,5.13,5.02,5.07,2173,1095669.0,2.16,0.28,-0.39,-0.02
2003-07-08,5.08,5.19,5.04,5.15,5093,2615053.0,2.96,0.66,1.58,0.08
2003-07-09,5.15,5.37,5.08,5.33,7839,4080178.75,5.63,1.02,3.5,0.18
2003-07-10,5.28,5.39,5.18,5.31,11739,6197496.0,3.94,1.53,-0.38,-0.02
2003-07-11,5.28,5.35,5.21,5.25,3553,1869970.75,2.64,0.46,-1.13,-0.06
2003-07-14,5.25,5.3,5.19,5.21,3009,1574410.0,2.1,0.39,-0.76,-0.04
2003-07-15,5.21,5.32,5.18,5.32,8026,4232814.0,2.69,1.05,2.11,0.11
2003-07-16,5.31,5.5,5.31,5.34,13953,7537495.5,3.57,1.82,0.38,0.02
2003-07-17,5.28,5.38,5.25,5.37,6499,3436956.25,2.43,0.85,0.56,0.03
2003-07-18,5.37,5.45,5.17,5.31,9318,4929837.0,5.21,1.21,-1.12,-0.06
2003-07-21,5.47,5.47,5.3,5.34,19961,10759900.0,3.2,2.6,0.56,0.03
2003-07-22,5.34,5.4,5.26,5.3,7682,4092046.75,2.62,1.0,-0.75,-0.04
2003-07-23,5.33,5.33,5.19,5.2,7199,3762705.0,2.64,0.94,-1.89,-0.1
2003-07-24,5.2,5.24,5.12,5.14,3801,1966680.88,2.31,0.5,-1.15,-0.06
2003-07-25,5.12,5.19,5.04,5.12,4788,2444047.0,2.92,0.62,-0.39,-0.02
2003-07-28,5.1,5.24,5.07,5.2,6084,3151163.75,3.32,0.79,1.56,0.08
2003-07-29,5.2,5.27,5.13,5.22,5687,2968199.25,2.69,0.74,0.38,0.02
2003-07-30,5.2,5.27,5.06,5.18,5849,3016249.0,4.02,0.76,-0.77,-0.04
2003-08-01,5.18,5.18,5.08,5.11,4552,2325151.0,1.93,0.59,-1.35,-0.07
2003-08-04,5.1,5.22,5.02,5.2,6772,3456069.0,3.91,0.88,1.76,0.09
2003-08-05,5.22,5.29,5.15,5.22,5556,2914151.75,2.69,0.72,0.38,0.02
2003-08-06,5.24,5.29,5.17,5.28,6180,3246334.25,2.3,0.81,1.15,0.06
2003-08-07,5.28,5.31,5.22,5.25,3501,1843962.25,1.7,0.46,-0.57,-0.03
2003-08-08,5.2,5.3,5.16,5.18,4180,2185986.5,2.67,0.54,-1.33,-0.07
2003-08-11,5.13,5.22,5.13,5.19,1622,839270.88,1.74,0.21,0.19,0.01
2003-08-12,5.16,5.23,5.11,5.2,3290,1699981.25,2.31,0.43,0.19,0.01
2003-08-13,5.18,5.2,5.12,5.13,3086,1584234.62,1.54,0.4,-1.35,-0.07
2003-08-14,5.14,5.15,5.06,5.08,3085,1571458.0,1.75,0.4,-0.97,-0.05
2003-08-15,5.07,5.12,5.06,5.1,2461,1250191.88,1.18,0.32,0.39,0.02
2003-08-18,5.08,5.11,5.03,5.07,3339,1686952.0,1.57,0.44,-0.59,-0.03
2003-08-19,5.06,5.18,5.06,5.17,2956,1518467.62,2.37,0.39,1.97,0.1
2003-08-20,5.1,5.1,4.91,4.96,9201,4557801.0,3.68,1.2,-4.06,-0.21
2003-08-21,4.95,4.95,4.85,4.9,3865,1888266.5,2.02,0.5,-1.21,-0.06
2003-08-22,4.87,4.95,4.86,4.9,3722,1823004.75,1.84,0.48,0.0,0.0
2003-08-25,4.9,4.92,4.72,4.76,3988,1910057.62,4.08,0.52,-2.86,-0.14
2003-08-26,4.73,4.84,4.73,4.78,4204,2002117.38,2.31,0.55,0.42,0.02
2003-08-27,4.78,4.88,4.75,4.86,2835,1371249.38,2.72,0.37,1.67,0.08
2003-08-28,4.81,4.83,4.74,4.75,2533,1207539.0,1.85,0.33,-2.26,-0.11
2003-08-29,4.75,4.75,4.51,4.6,6784,3114746.5,5.05,0.88,-3.16,-0.15
2003-09-01,4.62,4.71,4.53,4.71,4262,1978255.25,3.91,0.56,2.39,0.11
2003-09-02,4.72,4.72,4.64,4.67,3672,1716054.75,1.7,0.48,-0.85,-0.04
2003-09-03,4.67,4.77,4.67,4.76,2730,1290196.38,2.14,0.36,1.93,0.09
2003-09-04,4.73,4.78,4.68,4.73,3428,1614003.38,2.1,0.45,-0.63,-0.03
2003-09-05,4.7,4.8,4.68,4.72,5329,2534217.25,2.54,0.69,-0.21,-0.01
2003-09-08,4.78,4.87,4.72,4.86,5815,2796415.75,3.18,0.76,2.97,0.14
2003-09-09,4.85,4.85,4.79,4.83,3733,1797210.75,1.23,0.49,-0.62,-0.03
2003-09-10,4.82,4.92,4.76,4.84,5355,2595902.0,3.31,0.7,0.21,0.01
2003-09-11,4.81,4.9,4.8,4.81,3784,1821550.0,2.07,0.49,-0.62,-0.03
2003-09-12,4.81,4.9,4.8,4.82,4825,2329870.25,2.08,0.63,0.21,0.01
2003-09-15,4.79,4.83,4.75,4.81,4605,2211241.75,1.66,0.6,-0.21,-0.01
2003-09-16,4.81,5.05,4.78,5.0,16443,8156635.0,5.61,2.14,3.95,0.19
2003-09-17,5.0,5.21,4.95,5.1,15194,7763050.0,5.2,1.98,2.0,0.1
2003-09-18,5.07,5.17,5.06,5.11,8451,4325903.0,2.16,1.1,0.2,0.01
2003-09-19,5.1,5.15,5.05,5.08,3180,1619573.0,1.96,0.41,-0.59,-0.03
2003-09-22,5.08,5.25,5.08,5.24,10626,5514005.0,3.35,1.38,3.15,0.16
2003-09-23,5.33,5.34,5.18,5.24,12075,6341589.5,3.05,1.57,0.0,0.0
2003-09-24,5.25,5.28,5.18,5.22,9392,4897204.5,1.91,1.22,-0.38,-0.02
2003-09-25,5.26,5.39,5.08,5.12,14194,7420512.5,5.94,1.85,-1.92,-0.1
2003-09-26,5.14,5.22,5.1,5.15,4715,2435471.0,2.34,0.61,0.59,0.03
2003-09-30,5.08,5.18,4.97,5.14,4146,2116989.5,4.08,0.54,-0.19,-0.01
2003-10-08,5.19,5.19,5.02,5.07,2439,1240049.62,3.31,0.32,-1.36,-0.07
2003-10-09,5.05,5.14,5.05,5.1,1576,802034.81,1.78,0.21,0.59,0.03
2003-10-10,5.11,5.2,5.11,5.19,2952,1524331.75,1.76,0.38,1.76,0.09
2003-10-13,5.21,5.25,5.18,5.24,3003,1566436.62,1.35,0.39,0.96,0.05
2003-10-14,5.24,5.24,5.13,5.2,1630,845063.44,2.1,0.21,-0.76,-0.04
2003-10-15,5.23,5.31,5.19,5.24,4082,2140070.0,2.31,0.53,0.77,0.04
2003-10-16,5.22,5.23,5.08,5.08,3243,1661083.88,2.86,0.42,-3.05,-0.16
2003-10-17,5.08,5.18,5.03,5.17,1666,853758.62,2.95,0.22,1.77,0.09
2003-10-20,5.17,5.21,5.11,5.11,2277,1179222.12,1.93,0.3,-1.16,-0.06
2003-10-21,5.11,5.15,5.08,5.13,3174,1626116.88,1.37,0.41,0.39,0.02
2003-10-22,5.13,5.23,5.1,5.2,5026,2601457.5,2.53,0.65,1.36,0.07
2003-10-23,5.2,5.3,5.03,5.09,6963,3559989.5,5.19,0.91,-2.12,-0.11
2003-10-24,5.01,5.01,4.84,4.92,9382,4586537.0,3.34,1.22,-3.34,-0.17
2003-10-27,4.88,4.9,4.67,4.67,4094,1945101.25,4.67,0.53,-5.08,-0.25
2003-10-28,4.65,4.65,4.44,4.59,6641,2988847.25,4.5,0.87,-1.71,-0.08
2003-10-29,4.58,4.58,4.45,4.48,2713,1219726.5,2.83,0.35,-2.4,-0.11
2003-10-30,4.48,4.52,4.26,4.26,3730,1624615.0,5.8,0.49,-4.91,-0.22
2003-10-31,4.16,4.4,4.16,4.33,4478,1920324.88,5.63,0.58,1.64,0.07
2003-11-03,4.25,4.35,4.25,4.33,1903,821478.31,2.31,0.25,0.0,0.0
2003-11-04,4.3,4.39,4.2,4.39,7497,3228330.0,4.39,0.98,1.39,0.06
2003-11-05,4.36,4.37,4.25,4.27,3071,1319294.75,2.73,0.4,-2.73,-0.12
2003-11-06,4.25,4.35,4.06,4.06,3754,1579638.38,6.79,0.49,-4.92,-0.21
2003-11-07,4.02,4.02,3.86,3.86,8666,3362521.25,3.94,1.13,-4.93,-0.2
2003-11-10,3.86,3.86,3.67,3.78,8372,3090387.75,4.92,1.09,-2.07,-0.08
2003-11-11,3.77,3.88,3.62,3.79,3456,1295891.75,6.88,0.45,0.26,0.01
2003-11-12,3.79,3.79,3.65,3.72,3343,1230154.75,3.69,0.44,-1.85,-0.07
2003-11-13,3.7,3.76,3.66,3.71,2679,992274.0,2.69,0.35,-0.27,-0.01
2003-11-14,3.68,3.72,3.66,3.71,2141,790701.38,1.62,0.28,0.0,0.0
2003-11-17,3.7,3.74,3.61,3.73,3032,1117245.0,3.5,0.4,0.54,0.02
2003-11-18,3.73,3.92,3.72,3.92,7596,2955780.0,5.36,0.99,5.09,0.19
2003-11-19,3.97,4.12,3.93,4.12,8260,3328976.75,4.85,1.08,5.1,0.2
2003-11-20,4.33,4.33,4.05,4.14,14464,6067283.5,6.8,1.88,0.49,0.02
2003-11-21,4.15,4.22,4.01,4.09,5698,2325009.0,5.07,0.74,-1.21,-0.05
2003-11-24,4.06,4.15,4.04,4.14,4802,1966228.62,2.69,0.63,1.22,0.05
2003-11-25,4.14,4.3,4.12,4.19,5728,2404186.0,4.35,0.75,1.21,0.05
2003-11-26,4.2,4.23,4.05,4.1,3711,1530304.5,4.3,0.48,-2.15,-0.09
2003-11-27,4.13,4.16,4.01,4.03,3683,1494828.0,3.66,0.48,-1.71,-0.07
2003-11-28,4.05,4.05,3.83,3.93,4350,1709076.0,5.46,0.57,-2.48,-0.1
2003-12-01,3.92,3.95,3.8,3.95,3987,1558015.62,3.82,0.52,0.51,0.02
2003-12-02,3.94,4.15,3.88,4.15,7898,3234647.0,6.84,1.03,5.06,0.2
2003-12-03,4.32,4.32,4.12,4.17,10303,4328208.0,4.82,1.34,0.48,0.02
2003-12-04,4.15,4.25,4.09,4.15,5690,2366599.5,3.84,0.74,-0.48,-0.02
2003-12-05,4.19,4.19,4.1,4.13,2973,1226825.25,2.17,0.39,-0.48,-0.02
2003-12-08,4.1,4.19,4.1,4.15,4196,1739841.88,2.18,0.55,0.48,0.02
2003-12-09,4.13,4.15,4.06,4.07,3368,1383500.0,2.17,0.44,-1.93,-0.08
2003-12-10,4.06,4.1,3.95,4.04,7631,3065780.5,3.69,0.99,-0.74,-0.03
2003-12-11,4.04,4.12,4.0,4.08,4242,1724268.88,2.97,0.55,0.99,0.04
2003-12-12,4.04,4.14,4.04,4.1,3080,1263139.12,2.45,0.4,0.49,0.02
2003-12-15,4.07,4.21,4.07,4.2,6508,2704453.25,3.41,0.85,2.44,0.1
2003-12-16,4.2,4.25,4.1,4.14,7081,2951794.75,3.57,0.92,-1.43,-0.06
2003-12-17,4.14,4.2,4.1,4.14,5638,2340449.75,2.42,0.73,0.0,0.0
2003-12-18,4.1,4.3,3.93,3.98,19932,8138673.0,8.94,2.6,-3.86,-0.16
2003-12-19,3.93,3.95,3.78,3.78,8809,3343746.5,4.27,1.15,-5.03,-0.2
2003-12-22,3.74,3.75,3.59,3.69,8734,3155909.25,4.23,1.14,-2.38,-0.09
2003-12-23,3.69,3.87,3.6,3.79,11972,4438491.5,7.32,1.56,2.71,0.1
2003-12-24,3.72,3.79,3.6,3.72,11275,4135961.25,5.01,1.47,-1.85,-0.07
2003-12-25,3.7,3.72,3.6,3.66,8625,3140276.0,3.23,1.12,-1.61,-0.06
2003-12-29,3.67,3.67,3.48,3.48,6171,2162702.0,5.19,0.8,-4.92,-0.18
2003-12-30,3.38,3.44,3.31,3.43,11850,3954062.5,3.74,1.54,-1.44,-0.05
2003-12-31,3.34,3.45,3.31,3.37,5468,1843865.12,4.08,0.71,-1.75,-0.06
2004-01-02,3.39,3.54,3.39,3.54,6947,2440979.5,4.45,0.91,5.04,0.17
2004-01-05,3.65,3.72,3.36,3.36,15791,5644445.0,10.17,2.06,-5.08,-0.18
2004-01-06,3.4,3.5,3.19,3.42,19073,6354183.5,9.23,2.49,1.79,0.06
2004-01-07,3.44,3.44,3.31,3.35,6936,2322222.0,3.8,0.9,-2.05,-0.07
2004-01-08,3.32,3.36,3.2,3.34,7925,2598887.75,4.78,1.03,-0.3,-0.01
2004-01-09,3.33,3.51,3.29,3.43,14787,5048415.5,6.59,1.93,2.69,0.09
2004-01-12,3.5,3.5,3.34,3.38,5204,1756549.25,4.66,0.68,-1.46,-0.05
2004-01-13,3.34,3.48,3.31,3.42,10917,3731338.5,5.03,1.42,1.18,0.04
2004-01-14,3.43,3.56,3.43,3.55,12475,4379806.5,3.8,1.63,3.8,0.13
2004-01-15,3.53,3.56,3.4,3.42,6761,2344382.5,4.51,0.88,-3.66,-0.13
2004-01-16,3.35,3.38,3.25,3.31,17309,5661009.0,3.8,2.26,-3.22,-0.11
2004-01-29,3.31,3.39,3.24,3.35,5778,1930244.0,4.53,0.75,1.21,0.04
2004-01-30,3.34,3.49,3.31,3.47,10428,3592939.0,5.37,1.36,3.58,0.12
2004-02-02,3.48,3.6,3.47,3.57,14493,5124594.5,3.75,1.89,2.88,0.1
2004-02-03,3.57,3.75,3.57,3.75,17448,6484222.0,5.04,2.27,5.04,0.18
2004-02-04,3.93,3.94,3.86,3.94,9209,3614203.25,2.13,1.2,5.07,0.19
2004-02-05,4.14,4.14,4.14,4.14,4906,2031113.0,0.0,0.64,5.08,0.2
2004-02-06,4.35,4.35,4.15,4.19,62069,26674560.0,4.83,8.09,1.21,0.05
2004-02-09,4.2,4.36,4.18,4.35,21654,9212755.0,4.3,2.82,3.82,0.16
2004-02-10,4.35,4.57,4.2,4.57,35556,16117994.0,8.51,4.63,5.06,0.22
2004-02-11,4.6,4.7,4.46,4.56,27562,12579674.0,5.25,3.59,-0.22,-0.01
2004-02-12,4.61,4.73,4.48,4.6,21751,9968088.0,5.48,2.83,0.88,0.04
2004-02-13,4.62,4.62,4.37,4.37,22290,9810396.0,5.43,2.9,-5.0,-0.23
2004-02-16,4.23,4.39,4.15,4.36,18024,7660037.5,5.49,2.35,-0.23,-0.01
2004-02-17,4.36,4.42,4.25,4.28,14977,6474918.0,3.9,1.95,-1.83,-0.08
2004-02-18,4.38,4.49,4.38,4.49,16702,7484784.5,2.57,2.18,4.91,0.21
2004-02-19,4.7,4.7,4.52,4.57,27144,12530867.0,4.01,3.54,1.78,0.08
2004-02-20,4.58,4.7,4.5,4.69,22665,10375736.0,4.38,2.95,2.63,0.12
2004-02-23,4.69,4.8,4.6,4.64,24412,11474638.0,4.26,3.18,-1.07,-0.05
2004-02-24,4.6,4.6,4.42,4.48,12325,5546174.0,3.88,1.61,-3.45,-0.16
2004-02-25,4.48,4.6,4.46,4.48,13660,6169934.5,3.13,1.78,0.0,0.0
2004-02-26,4.46,4.46,4.26,4.29,16726,7197526.5,4.46,2.18,-4.24,-0.19
2004-02-27,4.29,4.35,4.15,4.31,7439,3173830.25,4.66,0.97,0.47,0.02
2004-03-01,4.32,4.38,4.22,4.35,6205,2668577.25,3.71,0.81,0.93,0.04
2004-03-02,4.35,4.52,4.35,4.43,7222,3197126.5,3.91,0.94,1.84,0.08
2004-03-03,4.4,4.45,4.22,4.29,4851,2097823.0,5.19,0.63,-3.16,-0.14
2004-03-04,4.32,4.32,4.2,4.29,5149,2189018.5,2.8,0.67,0.0,0.0
2004-03-05,4.29,4.35,4.22,4.22,4347,1849295.38,3.03,0.57,-1.63,-0.07
2004-03-08,4.23,4.28,4.01,4.01,9143,3729778.0,6.4,1.19,-4.98,-0.21
2004-03-09,4.01,4.04,3.82,3.98,10471,4136056.0,5.49,1.36,-0.75,-0.03
2004-03-10,4.05,4.18,4.05,4.18,11992,5007417.0,3.27,1.56,5.03,0.2
2004-03-11,4.28,4.32,4.12,4.29,18697,7894397.0,4.78,2.44,2.63,0.11
2004-03-12,4.22,4.27,4.1,4.14,12571,5222417.5,3.96,1.64,-3.5,-0.15
2004-03-15,4.14,4.28,4.14,4.27,10766,4561091.5,3.38,1.4,3.14,0.13
2004-03-16,4.28,4.48,4.28,4.48,33112,14717144.0,4.68,4.31,4.92,0.21
2004-03-17,4.5,4.65,4.48,4.54,28502,13022448.0,3.79,3.71,1.34,0.06
2004-03-18,4.62,4.77,4.59,4.77,39490,18550496.0,3.96,5.15,5.07,0.23
2004-03-19,4.86,5.01,4.85,5.01,15491,7717814.0,3.35,2.02,5.03,0.24
2004-03-22,5.18,5.26,4.95,5.12,85778,43990760.0,6.19,11.18,2.2,0.11
2004-03-23,5.11,5.38,5.0,5.27,54149,28603772.0,7.42,7.06,2.93,0.15
2004-03-24,5.21,5.34,5.06,5.09,33965,17422214.0,5.31,4.43,-3.42,-0.18
2004-03-25,5.06,5.15,4.84,4.93,30045,14895225.0,6.09,3.91,-3.14,-0.16
2004-03-26,4.89,5.13,4.85,5.01,15570,7850447.5,5.68,2.03,1.62,0.08
2004-03-29,5.0,5.05,4.9,4.96,13517,6707795.5,2.99,1.76,-1.0,-0.05
2004-03-30,4.95,4.96,4.8,4.9,12211,5949430.5,3.23,1.59,-1.21,-0.06
2004-03-31,4.89,5.08,4.88,5.0,11379,5705539.5,4.08,1.48,2.04,0.1
2004-04-01,5.03,5.06,4.9,4.96,8900,4404893.5,3.2,1.16,-0.8,-0.04
2004-04-02,5.01,5.1,4.96,5.02,10872,5472275.5,2.82,1.42,1.21,0.06
2004-04-05,5.03,5.27,5.0,5.18,23649,12229317.0,5.38,3.08,3.19,0.16
2004-04-06,5.19,5.22,5.07,5.14,9784,5009034.5,2.9,1.27,-0.77,-0.04
2004-04-07,5.07,5.19,5.06,5.07,11568,5897045.5,2.53,1.51,-1.36,-0.07
2004-04-08,5.06,5.12,4.95,4.97,11965,5994994.0,3.35,1.56,-1.97,-0.1
2004-04-09,4.97,5.0,4.83,4.85,10304,5036314.0,3.42,1.34,-2.41,-0.12
2004-04-12,4.84,5.01,4.73,4.96,11126,5377374.5,5.77,1.45,2.27,0.11
2004-04-13,4.9,4.98,4.8,4.83,5962,2928052.0,3.63,0.78,-2.62,-0.13
2004-04-14,4.8,5.01,4.78,4.87,8095,3946435.25,4.76,1.05,0.83,0.04
2004-04-15,4.85,4.94,4.77,4.78,5160,2499964.0,3.49,0.67,-1.85,-0.09
2004-04-16,4.8,4.82,4.54,4.69,12589,5800273.0,5.86,1.64,-1.88,-0.09
2004-04-19,4.68,4.69,4.46,4.46,7938,3584456.75,4.9,1.03,-4.9,-0.23
2004-04-20,4.44,4.54,4.24,4.52,14833,6486504.0,6.73,1.93,1.35,0.06
2004-04-21,4.31,4.74,4.31,4.61,11223,5193430.0,9.51,1.46,1.99,0.09
2004-04-22,4.6,4.72,4.57,4.63,3640,1682514.12,3.25,0.47,0.43,0.02
2004-04-23,4.6,4.6,4.46,4.55,3282,1481053.25,3.02,0.43,-1.73,-0.08
2004-04-26,4.55,4.69,4.51,4.63,4427,2032438.62,3.96,0.58,1.76,0.08
2004-04-27,4.63,4.65,4.5,4.53,2991,1358113.0,3.24,0.39,-2.16,-0.1
2004-04-28,4.45,4.53,4.3,4.49,5248,2308051.0,5.08,0.68,-0.88,-0.04
2004-04-29,4.39,4.51,4.33,4.38,3920,1723979.75,4.01,0.51,-2.45,-0.11
2004-04-30,4.47,4.48,4.3,4.35,4709,2052389.75,4.11,0.61,-0.68,-0.03
2004-05-10,4.35,4.4,4.28,4.3,2393,1034449.0,2.76,0.31,-1.15,-0.05
2004-05-11,4.3,4.34,4.13,4.19,3759,1581648.5,4.88,0.49,-2.56,-0.11
2004-05-12,4.15,4.4,4.15,4.4,4419,1928577.75,5.97,0.58,5.01,0.21
2004-05-13,4.52,4.62,4.42,4.62,18326,8386514.0,4.55,2.39,5.0,0.22
2004-05-14,4.63,4.68,4.45,4.46,8320,3768190.25,4.98,1.08,-3.46,-0.16
2004-05-17,4.45,4.5,4.3,4.48,3944,1754911.38,4.48,0.51,0.45,0.02
2004-05-18,4.48,4.6,4.48,4.6,3021,1372467.0,2.68,0.39,2.68,0.12
2004-05-19,4.61,4.65,4.51,4.52,4261,1950173.0,3.04,0.56,-1.74,-0.08
2004-05-20,4.54,4.56,4.4,4.45,3027,1351313.0,3.54,0.39,-1.55,-0.07
2004-05-21,4.4,4.5,4.4,4.46,2376,1057051.75,2.25,0.31,0.22,0.01
2004-05-24,4.48,4.51,4.43,4.43,1594,712372.5,1.79,0.21,-0.67,-0.03
2004-05-25,4.5,4.5,4.3,4.32,4278,1863935.12,4.51,0.56,-2.48,-0.11
2004-05-26,4.25,4.33,4.24,4.33,2511,1077400.75,2.08,0.33,0.23,0.01
2004-05-27,4.33,4.55,4.31,4.5,3988,1783590.62,5.54,0.52,3.93,0.17
2004-05-28,4.5,4.54,4.4,4.51,5186,2321230.25,3.11,0.68,0.22,0.01
2004-05-31,4.48,4.5,4.43,4.46,1519,678705.56,1.55,0.2,-1.11,-0.05
2004-06-01,4.46,4.57,4.46,4.55,4755,2152593.0,2.47,0.62,2.02,0.09
2004-06-02,4.56,4.59,4.43,4.54,5197,2344020.25,3.52,0.68,-0.22,-0.01
2004-06-03,4.54,4.54,4.44,4.44,1938,865137.5,2.2,0.25,-2.2,-0.1
2004-06-04,4.44,4.48,4.35,4.44,3454,1517739.0,2.93,0.45,0.0,0.0
2004-06-07,4.47,4.5,4.36,4.4,2367,1040023.62,3.15,0.31,-0.9,-0.04
2004-06-08,4.37,4.62,4.36,4.62,15497,7050826.5,5.91,2.02,5.0,0.22
2004-06-09,4.6,4.85,4.5,4.74,32832,15546576.0,7.58,4.28,2.6,0.12
2004-06-10,4.81,4.98,4.81,4.98,33084,16393291.0,3.59,4.31,5.06,0.24
2004-06-11,5.08,5.15,4.85,4.96,31955,15977224.0,6.02,4.16,-0.4,-0.02
2004-06-14,4.96,4.96,4.71,4.71,19298,9210049.0,5.04,2.51,-5.04,-0.25
2004-06-15,4.64,4.9,4.58,4.9,14111,6729442.0,6.79,1.84,4.03,0.19
2004-06-16,4.92,4.98,4.73,4.8,12559,6078166.0,5.1,1.64,-2.04,-0.1
2004-06-17,4.8,5.04,4.75,5.03,27738,13762862.0,6.04,3.61,4.79,0.23
2004-06-18,5.0,5.12,4.88,4.94,14992,7509960.5,4.77,1.95,-1.79,-0.09
2004-06-21,4.91,5.09,4.85,5.03,11667,5796655.0,4.86,1.52,1.82,0.09
2004-06-22,4.96,5.08,4.9,5.0,15166,7536694.0,3.58,1.98,-0.6,-0.03
2004-06-23,4.96,5.02,4.8,4.9,10518,5140677.0,4.4,1.37,-2.0,-0.1
2004-06-24,4.85,4.9,4.7,4.72,12909,6156727.0,4.08,1.68,-3.67,-0.18
2004-06-25,4.6,4.72,4.55,4.57,8552,3967098.75,3.6,1.11,-3.18,-0.15
2004-06-28,4.5,4.5,4.34,4.34,9013,3938563.5,3.5,1.17,-5.03,-0.23
2004-06-29,4.29,4.55,4.12,4.55,23121,9928075.0,9.91,3.01,4.84,0.21
2004-07-01,4.49,4.65,4.32,4.52,13716,6139847.5,7.25,1.79,-0.66,-0.03
2004-07-02,4.5,4.52,4.38,4.42,7351,3260407.75,3.1,0.96,-2.21,-0.1
2004-07-05,4.4,4.43,4.32,4.4,4120,1800699.62,2.49,0.54,-0.45,-0.02
2004-07-06,4.46,4.56,4.38,4.51,8485,3792767.75,4.09,1.11,2.5,0.11
2004-07-07,4.48,4.57,4.47,4.52,6067,2746197.75,2.22,0.79,0.22,0.01
2004-07-08,4.48,4.5,4.35,4.38,3998,1759421.25,3.32,0.52,-3.1,-0.14
2004-07-09,4.4,4.45,4.35,4.38,2510,1103398.62,2.28,0.33,0.0,0.0
2004-07-12,4.35,4.46,4.33,4.36,5141,2262044.75,2.97,0.67,-0.46,-0.02
2004-07-13,4.32,4.36,4.14,4.16,10687,4466239.5,5.05,1.39,-4.59,-0.2
2004-07-14,4.15,4.15,3.95,4.01,12902,5149588.5,4.81,1.68,-3.61,-0.15
2004-07-15,4.01,4.21,4.01,4.21,8397,3516056.0,4.99,1.09,4.99,0.2
2004-07-16,4.3,4.32,4.19,4.29,7692,3278547.5,3.09,1.0,1.9,0.08
2004-07-19,4.29,4.29,4.18,4.22,5267,2216932.75,2.56,0.69,-1.63,-0.07
2004-07-20,4.2,4.3,4.08,4.24,4960,2090686.62,5.21,0.65,0.47,0.02
2004-07-21,4.2,4.24,4.16,4.22,2389,1000864.62,1.89,0.31,-0.47,-0.02
2004-07-22,4.23,4.23,4.1,4.14,3823,1584916.5,3.08,0.5,-1.9,-0.08
2004-07-23,4.1,4.21,4.05,4.2,3454,1433239.5,3.86,0.45,1.45,0.06
2004-07-26,4.2,4.2,4.08,4.11,2788,1147866.5,2.86,0.36,-2.14,-0.09
2004-07-27,4.1,4.12,4.01,4.06,3081,1248403.75,2.68,0.4,-1.22,-0.05
2004-07-28,4.1,4.2,4.03,4.12,2283,940503.0,4.19,0.3,1.48,0.06
2004-07-29,4.12,4.14,4.02,4.12,2926,1192891.62,2.91,0.38,0.0,0.0
2004-07-30,4.12,4.28,4.05,4.18,7436,3105398.25,5.58,0.97,1.46,0.06
2004-08-02,4.16,4.16,4.06,4.1,2212,907196.44,2.39,0.29,-1.91,-0.08
2004-08-03,4.15,4.15,4.08,4.13,1675,688032.12,1.71,0.22,0.73,0.03
2004-08-04,4.09,4.18,4.05,4.14,6490,2663526.5,3.15,0.85,0.24,0.01
2004-08-05,4.12,4.3,4.03,4.18,9719,4065876.25,6.52,1.27,0.97,0.04
2004-08-06,4.13,4.25,4.07,4.13,3678,1522038.0,4.31,0.48,-1.2,-0.05
2004-08-09,4.07,4.13,4.03,4.07,3717,1512666.12,2.42,0.48,-1.45,-0.06
2004-08-10,4.07,4.1,4.05,4.07,1246,506988.06,1.23,0.16,0.0,0.0
2004-08-11,4.07,4.15,4.05,4.07,2588,1062522.5,2.46,0.34,0.0,0.0
2004-08-12,4.05,4.1,4.03,4.07,2358,957831.12,1.72,0.31,0.0,0.0
2004-08-13,4.05,4.12,4.03,4.1,2856,1164134.62,2.21,0.37,0.74,0.03
2004-08-16,4.06,4.07,3.9,4.0,3691,1470067.62,4.15,0.48,-2.44,-0.1
2004-08-17,3.98,4.04,3.91,4.03,4690,1867092.5,3.25,0.61,0.75,0.03
2004-08-18,4.03,4.09,4.0,4.05,3856,1560523.38,2.23,0.5,0.5,0.02
2004-08-19,4.0,4.04,3.93,3.98,1871,743539.69,2.72,0.24,-1.73,-0.07
2004-08-20,3.94,4.0,3.9,3.96,5428,2138749.25,2.51,0.71,-0.5,-0.02
2004-08-23,3.93,3.96,3.76,3.76,5725,2180128.5,5.05,0.75,-5.05,-0.2
2004-08-24,3.64,3.86,3.57,3.76,5745,2133515.0,7.71,0.75,0.0,0.0
2004-08-25,3.77,3.82,3.72,3.79,2759,1040330.38,2.66,0.36,0.8,0.03
2004-08-26,3.72,3.8,3.71,3.74,1508,562918.62,2.37,0.2,-1.32,-0.05
2004-08-27,3.7,3.72,3.57,3.59,2754,996757.0,4.01,0.36,-4.01,-0.15
2004-08-30,3.5,3.57,3.41,3.53,5982,2063881.25,4.46,0.78,-1.67,-0.06
2004-08-31,3.58,3.66,3.53,3.61,5060,1821980.75,3.68,0.66,2.27,0.08
2004-09-01,3.58,3.64,3.43,3.63,3753,1327789.5,5.82,0.49,0.55,0.02
2004-09-02,3.55,3.81,3.55,3.81,9038,3384588.5,7.16,1.18,4.96,0.18
2004-09-03,3.89,3.93,3.74,3.75,4964,1905520.62,4.99,0.65,-1.57,-0.06
2004-09-06,3.68,3.81,3.68,3.79,1764,660621.94,3.47,0.23,1.07,0.04
2004-09-07,3.79,3.84,3.72,3.76,879,330544.69,3.17,0.11,-0.79,-0.03
2004-09-08,3.77,3.8,3.72,3.74,2540,952324.19,2.13,0.33,-0.53,-0.02
2004-09-09,3.69,3.73,3.57,3.62,4429,1616680.62,4.28,0.58,-3.21,-0.12
2004-09-10,3.56,3.66,3.51,3.62,4383,1562309.0,4.14,0.57,0.0,0.0
2004-09-13,3.52,3.6,3.5,3.54,1747,618475.5,2.76,0.23,-2.21,-0.08
2004-09-14,3.52,3.69,3.52,3.65,3626,1314286.12,4.8,0.47,3.11,0.11
2004-09-15,3.69,3.83,3.65,3.83,6523,2489965.25,4.93,0.85,4.93,0.18
2004-09-16,3.95,3.97,3.83,3.94,10144,3961273.0,3.66,1.32,2.87,0.11
2004-09-17,3.94,4.03,3.83,4.03,10422,4123546.25,5.08,1.36,2.28,0.09
2004-09-20,4.2,4.23,4.05,4.23,14551,6083229.0,4.47,1.9,4.96,0.2
2004-09-21,4.4,4.4,4.16,4.17,14750,6293524.0,5.67,1.92,-1.42,-0.06
2004-09-22,4.16,4.38,4.07,4.29,20570,8830401.0,7.43,2.68,2.88,0.12
2004-09-23,4.28,4.5,4.2,4.5,18711,8271685.0,6.99,2.44,4.9,0.21
2004-09-24,4.5,4.66,4.38,4.39,20285,9191556.0,6.22,2.64,-2.44,-0.11
2004-09-27,4.33,4.53,4.33,4.4,11594,5152309.5,4.56,1.51,0.23,0.01
2004-09-28,4.4,4.48,4.36,4.41,6546,2875819.25,2.73,0.85,0.23,0.01
2004-09-29,4.38,4.4,4.19,4.19,7566,3224742.0,4.76,0.99,-4.99,-0.22
2004-09-30,4.1,4.26,4.08,4.22,7681,3223281.0,4.3,1.0,0.72,0.03
2004-10-08,4.19,4.43,4.14,4.41,7252,3126734.25,6.87,0.94,4.5,0.19
2004-10-11,4.35,4.53,4.35,4.44,8873,3969174.0,4.08,1.16,0.68,0.03
2004-10-12,4.4,4.58,4.39,4.47,8179,3676719.5,4.28,1.07,0.68,0.03
2004-10-13,4.4,4.69,4.4,4.57,14131,6463096.5,6.49,1.84,2.24,0.1
2004-10-14,4.55,4.59,4.34,4.34,8987,3964029.25,5.47,1.17,-5.03,-0.23
2004-10-15,4.2,4.51,4.16,4.44,6796,2986422.5,8.06,0.89,2.3,0.1
2004-10-18,4.5,4.66,4.42,4.66,18816,8677712.0,5.41,2.45,4.95,0.22
2004-10-19,4.6,4.79,4.5,4.55,15233,7073260.0,6.22,1.98,-2.36,-0.11
2004-10-20,4.51,4.56,4.41,4.45,9967,4466247.0,3.3,1.3,-2.2,-0.1
2004-10-21,4.53,4.53,4.43,4.49,8455,3792166.5,2.25,1.1,0.9,0.04
2004-10-22,4.53,4.63,4.3,4.46,7310,3270946.25,7.35,0.95,-0.67,-0.03
2004-10-25,4.45,4.46,4.3,4.32,9483,4137842.25,3.59,1.24,-3.14,-0.14
2004-10-26,4.35,4.54,4.3,4.54,8918,4006484.0,5.56,1.16,5.09,0.22
2004-10-27,4.54,4.67,4.5,4.52,7568,3451576.25,3.74,0.99,-0.44,-0.02
2004-10-28,4.53,4.74,4.37,4.58,13985,6424421.5,8.19,1.82,1.33,0.06
2004-10-29,4.48,4.55,4.35,4.42,16470,7279865.0,4.37,2.15,-3.49,-0.16
2004-11-01,4.36,4.51,4.36,4.42,4396,1952548.62,3.39,0.57,0.0,0.0
2004-11-02,4.48,4.48,4.4,4.46,2594,1151254.0,1.81,0.34,0.9,0.04
2004-11-03,4.46,4.46,4.4,4.44,3811,1683383.88,1.35,0.5,-0.45,-0.02
2004-11-04,4.4,4.52,4.4,4.47,7202,3213714.75,2.7,0.94,0.68,0.03
2004-11-05,4.46,4.46,4.37,4.4,3746,1651786.5,2.01,0.49,-1.57,-0.07
2004-11-08,4.39,4.39,4.25,4.34,4865,2105223.5,3.18,0.63,-1.36,-0.06
2004-11-09,4.33,4.39,4.29,4.37,5890,2551492.75,2.3,0.77,0.69,0.03
2004-11-10,4.36,4.5,4.28,4.46,8441,3712558.0,5.03,1.1,2.06,0.09
2004-11-11,4.46,4.51,4.37,4.38,11483,5104814.0,3.14,1.5,-1.79,-0.08
2004-11-12,4.36,4.39,4.3,4.32,6935,3006222.75,2.05,0.9,-1.37,-0.06
2004-11-15,4.3,4.39,4.2,4.38,12050,5146092.5,4.4,1.57,1.39,0.06
2004-11-16,4.4,4.4,4.29,4.33,7425,3224249.75,2.51,0.97,-1.14,-0.05
2004-11-17,4.32,4.45,4.3,4.41,8892,3914700.5,3.46,1.16,1.85,0.08
2004-11-18,4.4,4.5,4.4,4.42,7152,3194424.25,2.27,0.93,0.23,0.01
2004-11-19,4.41,4.43,4.36,4.38,4009,1758615.25,1.58,0.52,-0.9,-0.04
2004-11-22,4.38,4.45,4.33,4.39,5750,2528929.25,2.74,0.75,0.23,0.01
2004-11-23,4.34,4.6,4.34,4.55,18788,8513697.0,5.92,2.45,3.64,0.16
2004-11-24,4.55,4.58,4.43,4.44,10050,4493180.0,3.3,1.31,-2.42,-0.11
2004-11-25,4.38,4.4,4.22,4.31,8399,3618642.5,4.05,1.09,-2.93,-0.13
2004-11-26,4.26,4.39,4.26,4.34,2283,990025.94,3.02,0.3,0.7,0.03
2004-11-29,4.31,4.37,4.29,4.29,3045,1310998.5,1.84,0.4,-1.15,-0.05
2004-11-30,4.32,4.42,4.29,4.38,4894,2140722.5,3.03,0.64,2.1,0.09
2004-12-01,4.34,4.4,4.32,4.36,5038,2195376.0,1.83,0.66,-0.46,-0.02
2004-12-02,4.36,4.4,4.31,4.4,3986,1739889.25,2.06,0.52,0.92,0.04
2004-12-03,4.38,4.5,4.33,4.46,7947,3526871.0,3.86,1.04,1.36,0.06
2004-12-06,4.46,4.56,4.41,4.45,4280,1918386.12,3.36,0.56,-0.22,-0.01
2004-12-07,4.45,4.53,4.34,4.35,3777,1663910.25,4.27,0.49,-2.25,-0.1
2004-12-08,4.36,4.36,4.27,4.29,7591,3273941.0,2.07,0.99,-1.38,-0.06
2004-12-09,4.37,4.37,4.08,4.08,9943,4146108.0,6.76,1.3,-4.9,-0.21
2004-12-10,3.88,3.88,3.88,3.88,2287,887356.0,0.0,0.3,-4.9,-0.2
2004-12-13,3.69,3.69,3.69,3.69,2396,884124.0,0.0,0.31,-4.9,-0.19
2004-12-14,3.51,3.87,3.51,3.87,21924,8263036.0,9.76,2.86,4.88,0.18
2004-12-15,3.77,3.85,3.68,3.69,12858,4780003.5,4.39,1.68,-4.65,-0.18
2004-12-16,3.61,3.61,3.51,3.51,10234,3610990.0,2.71,1.33,-4.88,-0.18
2004-12-17,3.5,3.55,3.33,3.33,11237,3779570.25,6.27,1.46,-5.13,-0.18
2004-12-20,3.33,3.37,3.18,3.27,6186,2022276.0,5.71,0.81,-1.8,-0.06
2004-12-21,3.25,3.35,3.25,3.3,3028,997833.12,3.06,0.39,0.92,0.03
2004-12-22,3.35,3.4,3.3,3.37,8747,2921723.75,3.03,1.14,2.12,0.07
2004-12-23,3.37,3.4,3.28,3.28,4109,1363122.75,3.56,0.54,-2.67,-0.09
2004-12-27,3.28,3.3,3.12,3.12,6439,2041743.0,5.49,0.84,-4.88,-0.16
2004-12-28,3.0,3.02,2.96,2.96,3978,1179162.0,1.92,0.52,-5.13,-0.16
2004-12-30,2.81,2.81,2.81,2.81,5865,1648065.0,0.0,0.76,-5.07,-0.15
2005-01-04,2.95,2.95,2.95,2.95,2914,859630.0,0.0,0.38,4.98,0.14
2005-01-05,3.1,3.1,3.1,3.1,1218,377580.0,0.0,0.16,5.08,0.15
2005-01-06,3.26,3.26,3.07,3.26,35564,11416457.0,6.13,4.63,5.16,0.16
2005-01-07,3.26,3.35,3.16,3.22,12290,3985833.75,5.83,1.6,-1.23,-0.04
2005-01-10,3.18,3.25,3.14,3.22,5502,1759786.5,3.42,0.72,0.0,0.0
2005-01-11,3.19,3.21,3.06,3.06,17331,5346237.0,4.66,2.26,-4.97,-0.16
2005-01-12,3.03,3.19,3.02,3.13,9021,2819534.0,5.56,1.18,2.29,0.07
2005-01-13,3.15,3.15,3.06,3.13,6308,1949058.25,2.88,0.82,0.0,0.0
2005-01-14,3.13,3.13,2.97,2.97,10675,3220368.5,5.11,1.39,-5.11,-0.16
2005-01-17,2.91,2.97,2.82,2.82,10248,2915827.25,5.05,1.34,-5.05,-0.15
2005-01-18,2.8,2.87,2.68,2.82,17288,4741455.0,6.74,2.25,0.0,0.0
2005-01-19,2.82,2.9,2.73,2.84,10306,2924300.5,6.03,1.34,0.71,0.02
2005-01-20,2.8,2.81,2.7,2.7,11806,3221452.5,3.87,1.54,-4.93,-0.14
2005-01-21,2.58,2.69,2.57,2.57,26619,6897043.5,4.44,3.47,-4.81,-0.13
2005-01-24,2.45,2.65,2.45,2.62,17329,4477183.0,7.78,2.26,1.95,0.05
2005-01-26,2.65,2.75,2.65,2.75,27590,7565214.0,3.82,3.59,4.96,0.13
2005-01-27,2.75,2.77,2.61,2.61,18617,4954807.5,5.82,2.43,-5.09,-0.14
2005-01-28,2.57,2.57,2.48,2.48,15810,3959935.25,3.45,2.06,-4.98,-0.13
2005-01-31,2.45,2.45,2.36,2.36,7143,1689738.0,3.63,0.93,-4.84,-0.12
2005-02-01,2.3,2.33,2.24,2.24,4959,1119852.25,3.81,0.65,-5.08,-0.12
2005-02-02,2.13,2.34,2.13,2.28,32145,7006944.0,9.38,4.19,1.79,0.04
2005-02-03,2.24,2.24,2.17,2.17,19361,4214600.5,3.07,2.52,-4.82,-0.11
2005-02-04,2.06,2.11,2.06,2.06,20186,4168272.5,2.3,2.63,-5.07,-0.11
2005-02-16,2.06,2.16,2.03,2.16,22090,4722109.5,6.31,2.88,4.85,0.1
2005-02-17,2.11,2.23,2.11,2.18,14982,3253296.5,5.56,1.95,0.93,0.02
2005-02-18,2.18,2.28,2.18,2.23,15452,3452841.0,4.59,2.01,2.29,0.05
2005-02-21,2.24,2.24,2.13,2.24,14167,3129227.25,4.93,1.85,0.45,0.01
2005-02-22,2.22,2.35,2.21,2.35,25780,6005990.5,6.25,3.36,4.91,0.11
2005-02-23,2.43,2.43,2.33,2.38,19471,4653179.0,4.26,2.54,1.28,0.03
2005-02-24,2.37,2.5,2.33,2.5,18759,4548665.5,7.14,2.44,5.04,0.12
2005-02-25,2.53,2.6,2.47,2.48,21296,5364668.5,5.2,2.77,-0.8,-0.02
2005-02-28,2.46,2.49,2.36,2.37,19484,4689846.0,5.24,2.54,-4.44,-0.11
2005-03-01,2.36,2.49,2.34,2.48,17971,4414978.0,6.33,2.34,4.64,0.11
2005-03-02,2.48,2.54,2.36,2.42,13106,3204120.75,7.26,1.71,-2.42,-0.06
2005-03-03,2.43,2.45,2.3,2.39,13087,3084778.75,6.2,1.71,-1.24,-0.03
2005-03-04,2.39,2.39,2.29,2.34,8692,2031220.0,4.18,1.13,-2.09,-0.05
2005-03-07,2.34,2.44,2.3,2.39,8225,1961843.0,5.98,1.07,2.14,0.05
2005-03-08,2.38,2.44,2.38,2.42,7369,1774498.75,2.51,0.96,1.26,0.03
2005-03-09,2.42,2.46,2.36,2.39,9083,2177567.5,4.13,1.18,-1.24,-0.03
2005-03-10,2.38,2.51,2.33,2.51,25305,6158980.0,7.53,3.3,5.02,0.12
2005-03-11,2.5,2.56,2.43,2.52,30157,7591419.5,5.18,3.93,0.4,0.01
2005-03-14,2.48,2.52,2.42,2.43,16214,3987466.5,3.97,2.11,-3.57,-0.09
2005-03-15,2.4,2.4,2.31,2.34,19661,4596171.5,3.7,2.56,-3.7,-0.09
2005-03-16,2.3,2.46,2.3,2.46,23423,5691514.5,6.84,3.05,5.13,0.12
2005-03-17,2.46,2.58,2.41,2.53,46758,11864558.0,6.91,6.09,2.85,0.07
2005-03-18,2.45,2.5,2.4,2.4,16987,4116680.75,3.95,2.21,-5.14,-0.13
2005-03-21,2.34,2.36,2.28,2.28,19706,4507092.0,3.33,2.57,-5.0,-0.12
2005-03-22,2.28,2.28,2.17,2.17,11286,2466325.5,4.82,1.47,-4.82,-0.11
2005-03-23,2.1,2.23,2.06,2.2,13510,2881624.5,7.83,1.76,1.38,0.03
2005-03-24,2.22,2.31,2.17,2.31,16904,3835018.25,6.36,2.2,5.0,0.11
2005-03-25,2.35,2.43,2.28,2.32,37052,8766364.0,6.49,4.83,0.43,0.01
2005-03-28,2.27,2.33,2.2,2.27,9068,2040128.88,5.6,1.18,-2.16,-0.05
2005-03-29,2.23,2.27,2.21,2.25,4335,972316.5,2.64,0.56,-0.88,-0.02
2005-03-30,2.21,2.36,2.21,2.36,16610,3831944.25,6.67,2.16,4.89,0.11
2005-03-31,2.37,2.38,2.24,2.3,16601,3790176.25,5.93,2.16,-2.54,-0.06
2005-04-01,2.25,2.37,2.21,2.3,12604,2883663.25,6.96,1.64,0.0,0.0
2005-04-04,2.3,2.38,2.25,2.3,10841,2522833.75,5.65,1.41,0.0,0.0
2005-04-05,2.27,2.34,2.24,2.25,6696,1526556.12,4.35,0.87,-2.17,-0.05
2005-04-06,2.21,2.25,2.14,2.15,24136,5192202.5,4.89,3.14,-4.44,-0.1
2005-04-07,2.14,2.22,2.12,2.2,14789,3235527.0,4.65,1.93,2.33,0.05
2005-04-08,2.2,2.21,2.17,2.19,11234,2457435.25,1.82,1.46,-0.45,-0.01
2005-04-11,2.16,2.3,2.09,2.27,21165,4669480.0,9.59,2.76,3.65,0.08
2005-04-12,2.24,2.26,2.17,2.18,10134,2245476.75,3.96,1.32,-3.96,-0.09
2005-04-13,2.17,2.23,2.16,2.19,9148,2011221.0,3.21,1.19,0.46,0.01
2005-04-14,2.18,2.22,2.15,2.18,7854,1712626.0,3.2,1.02,-0.46,-0.01
2005-04-15,2.15,2.16,2.09,2.1,10945,2309626.5,3.21,1.43,-3.67,-0.08
2005-04-18,2.09,2.11,2.06,2.07,4282,890827.94,2.38,0.56,-1.43,-0.03
2005-04-19,2.07,2.1,1.97,1.97,9205,1839833.5,6.28,1.2,-4.83,-0.1
2005-04-20,1.93,1.93,1.87,1.87,9088,1700484.0,3.05,1.18,-5.08,-0.1
2005-04-21,1.8,1.84,1.78,1.79,9421,1686665.25,3.21,1.23,-4.28,-0.08
2005-04-22,1.71,1.78,1.7,1.7,4651,795584.0,4.47,0.61,-5.03,-0.09
2005-04-25,1.64,1.64,1.62,1.62,1129,183330.0,1.18,0.15,-4.71,-0.08
2005-04-26,1.54,1.54,1.54,1.54,1930,297220.0,0.0,0.25,-4.94,-0.08
2005-04-27,1.46,1.62,1.46,1.62,16277,2550670.5,10.39,2.12,5.19,0.08
2005-04-28,1.62,1.7,1.61,1.69,30785,5120033.0,5.56,4.01,4.32,0.07
2005-05-09,1.61,1.75,1.61,1.61,7609,1249051.38,8.28,0.99,-4.73,-0.08
2005-05-10,1.53,1.56,1.53,1.53,3675,562350.0,1.86,0.48,-4.97,-0.08
2005-05-11,1.48,1.58,1.45,1.46,8462,1267131.62,8.5,1.1,-4.58,-0.07
2005-05-12,1.39,1.46,1.39,1.42,7934,1123491.0,4.79,1.03,-2.74,-0.04
2005-05-13,1.42,1.46,1.37,1.44,6351,901572.19,6.34,0.83,1.41,0.02
2005-05-16,1.45,1.45,1.37,1.41,5345,746813.44,5.56,0.7,-2.08,-0.03
2005-05-17,1.38,1.44,1.37,1.43,4990,707962.62,4.96,0.65,1.42,0.02
2005-05-18,1.43,1.5,1.41,1.5,12054,1787115.25,6.29,1.57,4.9,0.07
2005-05-19,1.48,1.53,1.48,1.5,8102,1221441.5,3.33,1.06,0.0,0.0
2005-05-20,1.5,1.52,1.43,1.43,8990,1310617.0,6.0,1.17,-4.67,-0.07
2005-05-23,1.37,1.44,1.36,1.42,6345,876745.0,5.59,0.83,-0.7,-0.01
2005-05-24,1.42,1.46,1.38,1.45,4862,696082.31,5.63,0.63,2.11,0.03
2005-05-25,1.45,1.5,1.43,1.48,7609,1120415.25,4.83,0.99,2.07,0.03
2005-05-26,1.48,1.49,1.44,1.45,3483,506536.88,3.38,0.45,-2.03,-0.03
2005-05-27,1.42,1.48,1.41,1.45,4168,606388.44,4.83,0.54,0.0,0.0
2005-05-30,1.45,1.5,1.42,1.5,6094,893793.62,5.52,0.79,3.45,0.05
2005-05-31,1.58,1.58,1.58,1.58,3370,532480.56,0.0,0.44,5.33,0.08
2005-06-01,1.66,1.66,1.66,1.66,2040,338623.41,0.0,0.27,5.06,0.08
2005-06-02,1.74,1.74,1.72,1.74,32329,5624265.5,1.2,4.21,4.82,0.08
2005-06-03,1.81,1.83,1.72,1.78,39483,7045509.0,6.32,5.14,2.3,0.04
2005-06-06,1.78,1.78,1.69,1.74,22162,3776302.0,5.06,2.89,-2.25,-0.04
2005-06-07,1.76,1.83,1.68,1.8,31216,5599302.5,8.62,4.07,3.45,0.06
2005-06-08,1.76,1.89,1.71,1.86,33756,6071511.0,10.0,4.4,3.33,0.06
2005-06-09,1.81,1.84,1.77,1.77,28652,5136960.5,3.76,3.73,-4.84,-0.09
2005-06-10,1.75,1.83,1.7,1.77,16925,3019658.75,7.34,2.21,0.0,0.0
2005-06-13,1.74,1.77,1.7,1.73,9240,1591572.88,3.95,1.2,-2.26,-0.04
2005-06-14,1.72,1.82,1.69,1.8,19338,3476758.0,7.51,2.52,4.05,0.07
2005-06-15,1.78,1.81,1.71,1.71,14962,2600431.25,5.56,1.95,-5.0,-0.09
2005-06-16,1.71,1.75,1.62,1.68,8370,1391452.25,7.6,1.09,-1.75,-0.03
2005-06-17,1.65,1.68,1.6,1.6,14177,2282243.0,4.76,1.85,-4.76,-0.08
2005-06-20,1.55,1.68,1.55,1.65,11150,1821164.0,8.13,1.45,3.13,0.05
2005-06-21,1.65,1.67,1.59,1.6,6579,1074898.5,4.85,0.86,-3.03,-0.05
2005-06-22,1.6,1.68,1.57,1.65,12594,2074665.62,6.88,1.64,3.13,0.05
2005-06-23,1.65,1.66,1.61,1.63,5492,896273.06,3.03,0.72,-1.21,-0.02
2005-06-24,1.62,1.64,1.59,1.61,7772,1253187.88,3.07,1.01,-1.23,-0.02
2005-06-27,1.6,1.65,1.6,1.64,6985,1138027.38,3.11,0.91,1.86,0.03
2005-06-29,1.62,1.65,1.56,1.56,10919,1738759.0,5.49,1.42,-4.88,-0.08
2005-06-30,1.54,1.54,1.48,1.48,6910,1036061.0,3.85,0.9,-5.13,-0.08
2005-07-01,1.45,1.47,1.41,1.41,6204,886987.0,4.05,0.81,-4.73,-0.07
2005-07-04,1.39,1.4,1.34,1.37,7807,1061290.0,4.26,1.02,-2.84,-0.04
2005-07-05,1.37,1.44,1.37,1.44,2490,356507.5,5.11,0.32,5.11,0.07
2005-07-06,1.49,1.51,1.45,1.48,12650,1882963.75,4.17,1.65,2.78,0.04
2005-07-07,1.45,1.48,1.41,1.42,5904,842334.75,4.73,0.77,-4.05,-0.06
2005-07-08,1.39,1.45,1.37,1.44,5695,796086.0,5.63,0.74,1.41,0.02
2005-07-11,1.44,1.46,1.37,1.4,4872,685803.0,6.25,0.63,-2.78,-0.04
2005-07-12,1.4,1.4,1.33,1.38,8162,1113163.25,5.0,1.06,-1.43,-0.02
2005-07-13,1.38,1.39,1.32,1.39,5264,716178.06,5.07,0.69,0.72,0.01
2005-07-14,1.38,1.39,1.34,1.39,6340,870897.06,3.6,0.83,0.0,0.0
2005-07-15,1.44,1.46,1.43,1.45,27310,3979018.75,2.16,3.56,4.32,0.06
2005-07-18,1.4,1.42,1.38,1.38,4397,608590.0,2.76,0.57,-4.83,-0.07
2005-07-19,1.33,1.37,1.31,1.36,10973,1457385.25,4.35,1.43,-1.45,-0.02
2005-07-20,1.33,1.37,1.33,1.35,3607,487594.91,2.94,0.47,-0.74,-0.01
2005-07-21,1.34,1.38,1.34,1.37,4408,600730.19,2.96,0.57,1.48,0.02
2005-07-22,1.35,1.4,1.34,1.39,8545,1171782.38,4.38,1.11,1.46,0.02
2005-07-25,1.38,1.39,1.35,1.37,4509,617757.44,2.88,0.59,-1.44,-0.02
2005-07-26,1.36,1.43,1.36,1.42,8800,1237343.25,5.11,1.15,3.65,0.05
2005-07-27,1.43,1.46,1.4,1.45,9762,1397895.12,4.23,1.27,2.11,0.03
2005-07-28,1.46,1.47,1.42,1.46,8374,1216086.38,3.45,1.09,0.69,0.01
2005-07-29,1.44,1.47,1.4,1.41,9363,1337222.38,4.79,1.22,-3.42,-0.05
2005-08-01,1.4,1.41,1.36,1.4,6985,966590.75,3.55,0.91,-0.71,-0.01
2005-08-02,1.4,1.43,1.39,1.43,5623,795383.38,2.86,0.73,2.14,0.03
2005-08-03,1.43,1.5,1.42,1.49,25444,3769004.0,5.59,3.32,4.2,0.06
2005-08-04,1.48,1.5,1.45,1.48,9343,1379089.75,3.36,1.22,-0.67,-0.01
2005-08-05,1.47,1.55,1.43,1.54,29434,4379107.0,8.11,3.83,4.05,0.06
2005-08-08,1.52,1.62,1.52,1.56,30066,4730901.0,6.49,3.92,1.3,0.02
2005-08-09,1.54,1.6,1.53,1.57,14946,2337138.5,4.49,1.95,0.64,0.01
2005-08-10,1.57,1.63,1.56,1.61,23253,3705875.0,4.46,3.03,2.55,0.04
2005-08-11,1.65,1.69,1.6,1.66,27050,4490526.5,5.59,3.52,3.11,0.05
2005-08-12,1.67,1.73,1.58,1.58,30946,5067810.0,9.04,4.03,-4.82,-0.08
2005-08-15,1.53,1.61,1.51,1.59,14392,2249362.75,6.33,1.88,0.63,0.01
2005-08-16,1.51,1.67,1.51,1.67,69208,10877883.0,10.06,9.02,5.03,0.08
2005-08-17,1.65,1.73,1.59,1.69,61707,10281287.0,8.38,8.04,1.2,0.02
2005-08-18,1.68,1.77,1.66,1.67,52961,9102897.0,6.51,6.9,-1.18,-0.02
2005-08-19,1.6,1.72,1.59,1.6,29686,4823968.5,7.78,3.87,-4.19,-0.07
2005-08-22,1.53,1.62,1.53,1.61,14164,2226964.0,5.63,1.85,0.63,0.01
2005-08-23,1.61,1.64,1.57,1.63,16751,2698906.25,4.35,2.18,1.24,0.02
2005-08-24,1.68,1.68,1.58,1.65,13092,2125078.5,6.13,1.71,1.23,0.02
2005-08-25,1.65,1.73,1.64,1.73,46481,7949906.5,5.45,6.06,4.85,0.08
2005-08-26,1.73,1.82,1.68,1.82,36091,6523538.5,8.09,4.7,5.2,0.09
2005-08-29,1.89,1.91,1.73,1.76,58187,10654841.0,9.89,7.58,-3.3,-0.06
2005-08-30,1.68,1.68,1.67,1.67,12070,2017793.0,0.57,1.57,-5.11,-0.09
2005-08-31,1.61,1.69,1.59,1.66,27286,4415810.5,5.99,3.56,-0.6,-0.01
2005-09-01,1.64,1.73,1.63,1.71,13815,2360108.0,6.02,1.8,3.01,0.05
2005-09-02,1.75,1.75,1.7,1.72,12122,2081711.25,2.92,1.58,0.58,0.01
2005-09-05,1.7,1.81,1.7,1.81,24382,4353006.0,6.4,3.18,5.23,0.09
2005-09-06,1.83,1.86,1.72,1.73,32775,5863812.0,7.73,4.27,-4.42,-0.08
2005-09-07,1.7,1.78,1.65,1.77,16179,2814371.0,7.51,2.11,2.31,0.04
2005-09-08,1.78,1.86,1.7,1.86,39454,7101258.0,9.04,5.14,5.08,0.09
2005-09-09,1.89,1.95,1.88,1.95,77368,15055074.0,3.76,10.08,4.84,0.09
2005-09-12,1.98,2.05,1.96,2.05,63799,12931919.0,4.62,8.31,5.13,0.1
2005-09-13,2.1,2.15,2.05,2.15,28009,5986918.5,4.88,3.65,4.88,0.1
2005-09-14,2.25,2.26,2.04,2.08,77988,16864552.0,10.23,10.16,-3.26,-0.07
2005-09-15,2.04,2.18,2.04,2.18,34421,7464359.0,6.73,4.48,4.81,0.1
2005-09-16,2.29,2.29,2.21,2.29,40359,9199747.0,3.67,5.26,5.05,0.11
2005-09-19,2.23,2.4,2.2,2.38,55491,12983118.0,8.73,7.23,3.93,0.09
2005-09-20,2.36,2.48,2.3,2.41,52028,12472184.0,7.56,6.78,1.26,0.03
2005-09-21,2.42,2.49,2.29,2.29,56784,13423041.0,8.3,7.4,-4.98,-0.12
2005-09-22,2.2,2.23,2.18,2.18,9879,2160439.0,2.18,1.29,-4.8,-0.11
2005-09-23,2.07,2.07,2.07,2.07,5830,1206810.0,0.0,0.76,-5.05,-0.11
2005-09-26,1.97,2.0,1.97,1.97,11797,2326027.0,1.45,1.54,-4.83,-0.1
2005-09-27,1.87,2.06,1.87,1.97,38399,7445013.0,9.64,5.0,0.0,0.0
2005-09-28,1.9,1.94,1.87,1.87,20626,3881029.5,3.55,2.69,-5.08,-0.1
2005-09-29,1.87,1.95,1.87,1.91,26335,5034576.5,4.28,3.43,2.14,0.04
2005-09-30,1.91,1.96,1.81,1.85,26191,4901186.0,7.85,3.41,-3.14,-0.06
2005-10-10,1.83,1.84,1.76,1.76,19277,3420644.75,4.32,2.51,-4.86,-0.09
2005-10-11,1.75,1.85,1.72,1.85,14889,2696053.75,7.39,1.94,5.11,0.09
2005-10-12,1.9,1.94,1.86,1.93,20425,3926912.25,4.32,2.66,4.32,0.08
2005-10-13,1.9,1.98,1.84,1.96,15830,3005076.0,7.25,2.06,1.55,0.03
2005-10-14,1.92,2.06,1.91,2.03,38551,7818975.5,7.65,5.02,3.57,0.07
2005-10-17,2.03,2.12,2.03,2.08,32687,6817038.0,4.43,4.26,2.46,0.05
2005-10-18,2.08,2.09,1.99,2.04,15440,3138155.5,4.81,2.01,-1.92,-0.04
2005-10-19,2.04,2.08,2.02,2.02,9475,1937315.38,2.94,1.23,-0.98,-0.02
2005-10-20,2.01,2.01,1.92,1.93,10778,2081909.12,4.46,1.4,-4.46,-0.09
2005-10-21,1.93,1.93,1.84,1.87,16868,3159134.25,4.66,2.2,-3.11,-0.06
2005-10-24,1.87,1.92,1.84,1.9,6295,1194898.75,4.28,0.82,1.6,0.03
2005-10-25,1.91,1.92,1.85,1.88,8848,1666127.88,3.68,1.15,-1.05,-0.02
2005-10-26,1.86,1.9,1.83,1.88,8779,1632125.0,3.72,1.14,0.0,0.0
2005-10-27,1.9,1.97,1.9,1.97,21083,4144679.25,3.72,2.75,4.79,0.09
2005-10-28,2.07,2.07,2.04,2.07,40578,8392224.0,1.52,5.29,5.08,0.1
2005-10-31,2.12,2.16,1.99,2.09,34842,7273508.5,8.21,4.54,0.97,0.02
2005-11-01,2.12,2.12,1.99,2.02,21042,4259481.5,6.22,2.74,-3.35,-0.07
2005-11-02,2.0,2.11,2.0,2.1,22864,4745229.0,5.45,2.98,3.96,0.08
2005-11-03,2.1,2.11,2.01,2.05,16778,3450830.0,4.76,2.19,-2.38,-0.05
2005-11-04,2.02,2.09,2.02,2.08,11407,2344753.0,3.41,1.49,1.46,0.03
2005-11-07,2.08,2.18,2.05,2.18,30922,6677953.5,6.25,4.03,4.81,0.1
2005-11-08,2.19,2.22,2.16,2.19,19993,4375254.0,2.75,2.6,0.46,0.01
2005-11-09,2.19,2.19,2.08,2.12,23861,5070751.0,5.02,3.11,-3.2,-0.07
2005-11-10,2.08,2.12,2.04,2.08,13409,2775141.0,3.77,1.75,-1.89,-0.04
2005-11-11,2.07,2.17,2.02,2.15,19621,4144419.5,7.21,2.56,3.37,0.07
2005-11-14,2.25,2.25,2.16,2.18,25737,5651818.0,4.19,3.35,1.4,0.03
2005-11-15,2.19,2.2,2.14,2.16,12556,2724163.25,2.75,1.64,-0.92,-0.02
2005-11-16,2.14,2.18,2.09,2.16,12403,2640749.25,4.17,1.62,0.0,0.0
2005-11-17,2.16,2.22,2.13,2.18,12282,2684586.0,4.17,1.6,0.93,0.02
2005-11-18,2.18,2.23,2.16,2.19,22621,4997123.5,3.21,2.95,0.46,0.01
2005-11-21,2.18,2.24,2.18,2.22,10987,2438314.5,2.74,1.43,1.37,0.03
2005-11-22,2.22,2.22,2.11,2.11,14269,3088675.0,4.95,1.86,-4.95,-0.11
2005-11-23,2.08,2.16,2.07,2.13,6853,1461551.88,4.27,0.89,0.95,0.02
2005-11-24,2.13,2.17,2.13,2.14,7921,1698792.12,1.88,1.03,0.47,0.01
2005-11-25,2.14,2.22,2.13,2.2,13770,3014862.5,4.21,1.79,2.8,0.06
2005-11-28,2.19,2.24,2.17,2.22,11717,2587410.75,3.18,1.53,0.91,0.02
2005-11-29,2.25,2.25,2.17,2.18,8906,1953616.62,3.6,1.16,-1.8,-0.04
2005-11-30,2.17,2.18,2.07,2.11,15940,3353629.5,5.05,2.08,-3.21,-0.07
2005-12-01,2.12,2.16,2.09,2.12,5864,1245582.12,3.32,0.76,0.47,0.01
2005-12-02,2.11,2.12,2.03,2.06,13561,2802407.0,4.25,1.77,-2.83,-0.06
2005-12-05,2.03,2.04,1.96,1.96,13184,2591733.0,3.88,1.72,-4.85,-0.1
2005-12-06,1.86,1.95,1.86,1.94,9151,1751327.12,4.59,1.19,-1.02,-0.02
2005-12-07,1.94,1.97,1.91,1.96,6697,1309254.0,3.09,0.87,1.03,0.02
2005-12-08,1.96,1.97,1.88,1.91,9728,1865666.38,4.59,1.27,-2.55,-0.05
2005-12-09,1.91,1.95,1.87,1.95,6697,1285777.12,4.19,0.87,2.09,0.04
2005-12-12,1.95,1.97,1.91,1.97,7908,1542564.12,3.08,1.03,1.03,0.02
2005-12-13,1.94,2.03,1.93,2.02,9150,1807852.62,5.08,1.19,2.54,0.05
2005-12-14,2.01,2.05,1.97,2.03,9112,1838082.75,3.96,1.19,0.5,0.01
2005-12-15,2.02,2.03,1.97,1.99,7576,1509562.0,2.96,0.99,-1.97,-0.04
2005-12-16,1.98,2.02,1.95,1.99,4974,985944.75,3.52,0.65,0.0,0.0
2005-12-19,1.99,2.02,1.97,2.0,6663,1329494.5,2.51,0.87,0.5,0.01
2005-12-20,2.0,2.01,1.96,1.99,7660,1519696.12,2.5,1.0,-0.5,-0.01
2005-12-21,1.99,2.0,1.94,1.95,7029,1377214.62,3.02,0.92,-2.01,-0.04
2005-12-22,1.94,1.99,1.93,1.97,5538,1087417.38,3.08,0.72,1.03,0.02
2005-12-23,1.97,1.98,1.94,1.97,10345,2029813.0,2.03,1.35,0.0,0.0
2005-12-26,1.97,2.07,1.97,2.07,33091,6805836.0,5.08,4.31,5.08,0.1
2005-12-27,2.09,2.1,2.01,2.07,18559,3844219.5,4.35,2.42,0.0,0.0
2005-12-28,2.07,2.13,2.05,2.08,12658,2649708.25,3.86,1.65,0.48,0.01
2005-12-29,2.08,2.08,2.04,2.07,11062,2286190.0,1.92,1.44,-0.48,-0.01
2005-12-30,2.07,2.14,2.07,2.11,13848,2907433.75,3.38,1.8,1.93,0.04
2006-01-05,2.22,2.22,2.08,2.12,21699,4589297.5,6.64,2.83,0.47,0.01
2006-01-06,2.12,2.12,2.07,2.12,13352,2797659.0,2.36,1.74,0.0,0.0
2006-01-09,2.12,2.2,2.1,2.15,11552,2472892.5,4.72,1.51,1.42,0.03
2006-01-10,2.15,2.18,2.13,2.17,12537,2693726.5,2.33,1.63,0.93,0.02
2006-01-11,2.17,2.19,2.12,2.16,10891,2347612.25,3.23,1.42,-0.46,-0.01
2006-01-12,2.15,2.17,2.13,2.15,10837,2316475.25,1.85,1.41,-0.46,-0.01
2006-01-13,2.15,2.21,2.14,2.19,14718,3208128.25,3.26,1.92,1.86,0.04
2006-01-16,2.15,2.18,2.08,2.11,19055,4021860.0,4.57,2.48,-3.65,-0.08
2006-01-17,2.11,2.17,2.06,2.15,11841,2520109.5,5.21,1.54,1.9,0.04
2006-01-18,2.15,2.16,2.11,2.13,8492,1809083.25,2.33,1.11,-0.93,-0.02
2006-01-19,2.13,2.15,2.1,2.13,11702,2481453.75,2.35,1.52,0.0,0.0
2006-01-20,2.13,2.19,2.1,2.16,20356,4377347.0,4.23,2.65,1.41,0.03
2006-01-23,2.16,2.16,2.1,2.12,9804,2081745.88,2.78,1.28,-1.85,-0.04
2006-01-24,2.11,2.11,2.01,2.01,23873,4830761.0,4.72,3.11,-5.19,-0.11
2006-01-25,1.96,2.03,1.96,2.02,10408,2094655.5,3.48,1.36,0.5,0.01
2006-02-06,2.07,2.1,2.05,2.07,7771,1606373.62,2.48,1.01,2.48,0.05
2006-02-07,2.07,2.08,2.02,2.05,13841,2833690.5,2.9,1.8,-0.97,-0.02
2006-02-08,2.02,2.08,2.02,2.08,7544,1546961.0,2.93,0.98,1.46,0.03
2006-02-09,2.08,2.18,2.06,2.12,22720,4853094.5,5.77,2.96,1.92,0.04
2006-02-10,2.1,2.13,2.07,2.12,10316,2160408.5,2.83,1.34,0.0,0.0
2006-02-13,2.1,2.12,2.07,2.1,6923,1446254.25,2.36,0.9,-0.94,-0.02
2006-02-14,2.1,2.15,2.08,2.15,12599,2659652.75,3.33,1.64,2.38,0.05
2006-02-15,2.15,2.15,2.1,2.12,7693,1630203.88,2.33,1.0,-1.4,-0.03
2006-02-16,2.11,2.11,2.02,2.05,10414,2142418.5,4.25,1.36,-3.3,-0.07
2006-02-17,2.02,2.08,2.0,2.06,4641,954467.12,3.9,0.6,0.49,0.01
2006-02-20,2.06,2.09,2.02,2.07,4827,993285.88,3.4,0.63,0.49,0.01
2006-02-21,2.05,2.09,2.05,2.09,6985,1449306.88,1.93,0.91,0.97,0.02
2006-02-22,2.08,2.1,2.05,2.09,9725,2021686.38,2.39,1.27,0.0,0.0
2006-02-23,2.08,2.18,2.07,2.13,17542,3753188.75,5.26,2.29,1.91,0.04
2006-02-24,2.11,2.14,2.09,2.14,7147,1515919.88,2.35,0.93,0.47,0.01
2006-02-27,2.15,2.17,2.11,2.15,8164,1748453.38,2.8,1.06,0.47,0.01
2006-02-28,2.15,2.16,2.11,2.13,9447,2018816.88,2.33,1.23,-0.93,-0.02
2006-03-01,2.15,2.16,2.11,2.16,11881,2538798.75,2.35,1.55,1.41,0.03
2006-03-02,2.18,2.27,2.18,2.27,36618,8282631.0,4.17,4.77,5.09,0.11
2006-03-03,2.37,2.38,2.33,2.38,25681,6099204.5,2.2,3.35,4.85,0.11
2006-03-06,2.5,2.5,2.26,2.26,66888,15984577.0,10.08,8.71,-5.04,-0.12
2006-03-07,2.19,2.21,2.15,2.15,19929,4307367.0,2.65,2.6,-4.87,-0.11
2006-03-08,2.11,2.21,2.05,2.17,21637,4601697.0,7.44,2.82,0.93,0.02
2006-03-09,2.15,2.18,2.09,2.14,10705,2275952.0,4.15,1.39,-1.38,-0.03
2006-03-10,2.13,2.18,2.1,2.13,6491,1389019.25,3.74,0.85,-0.47,-0.01
2006-03-13,2.13,2.16,2.1,2.13,7127,1507988.88,2.82,0.93,0.0,0.0
2006-03-14,2.13,2.24,2.11,2.24,23012,5071944.0,6.1,3.0,5.16,0.11
2006-03-15,2.25,2.25,2.18,2.23,12090,2673435.25,3.13,1.58,-0.45,-0.01
2006-03-16,2.22,2.25,2.19,2.23,9252,2054477.25,2.69,1.21,0.0,0.0
2006-03-17,2.21,2.22,2.13,2.16,10747,2334310.0,4.04,1.4,-3.14,-0.07
2006-03-20,2.15,2.23,2.14,2.2,12125,2637354.75,4.17,1.58,1.85,0.04
2006-03-21,2.23,2.23,2.17,2.21,9460,2088733.75,2.73,1.23,0.45,0.01
2006-03-22,2.2,2.23,2.15,2.2,7064,1539744.75,3.62,0.92,-0.45,-0.01
2006-03-23,2.2,2.2,2.17,2.2,7960,1734474.75,1.36,1.04,0.0,0.0
2006-03-24,2.19,2.25,2.17,2.21,9238,2042441.62,3.64,1.2,0.45,0.01
2006-03-27,2.19,2.23,2.16,2.23,8928,1962952.62,3.17,1.16,0.9,0.02
2006-03-28,2.23,2.25,2.19,2.24,14337,3194600.75,2.69,1.87,0.45,0.01
2006-03-29,2.24,2.35,2.22,2.25,23576,5396949.5,5.8,3.07,0.45,0.01
2006-03-30,2.26,2.27,2.21,2.21,12061,2686902.75,2.67,1.57,-1.78,-0.04
2006-03-31,2.2,2.25,2.2,2.21,6382,1416617.75,2.26,0.83,0.0,0.0
2006-04-03,2.21,2.24,2.19,2.23,12731,2828047.5,2.26,1.66,0.9,0.02
2006-04-04,2.22,2.25,2.19,2.2,17440,3847892.5,2.69,2.27,-1.35,-0.03
2006-04-05,2.2,2.21,2.09,2.19,29223,6300416.5,5.45,3.81,-0.45,-0.01
2006-04-06,2.17,2.19,2.1,2.16,24012,5124808.5,4.11,3.13,-1.37,-0.03
2006-04-07,2.12,2.15,2.09,2.13,20468,4333295.5,2.78,2.67,-1.39,-0.03
2006-04-10,2.11,2.2,2.08,2.17,24170,5157417.0,5.63,3.15,1.88,0.04
2006-04-11,2.17,2.19,2.13,2.15,18083,3908478.0,2.76,2.36,-0.92,-0.02
2006-04-12,2.15,2.19,2.15,2.19,15981,3464827.25,1.86,2.08,1.86,0.04
2006-04-13,2.18,2.3,2.15,2.22,31531,7006927.0,6.85,4.11,1.37,0.03
2006-04-14,2.22,2.27,2.16,2.23,23843,5299851.5,4.95,3.11,0.45,0.01
2006-04-17,2.2,2.27,2.2,2.24,22671,5062273.0,3.14,2.95,0.45,0.01
2006-04-18,2.22,2.28,2.21,2.24,14090,3144544.25,3.13,1.84,0.0,0.0
2006-04-19,2.24,2.24,2.13,2.14,20749,4482904.5,4.91,2.7,-4.46,-0.1
2006-04-20,2.1,2.14,2.07,2.08,14941,3137614.0,3.27,1.95,-2.8,-0.06
2006-04-21,2.08,2.12,2.07,2.09,14481,3026259.0,2.4,1.89,0.48,0.01
2006-04-24,2.08,2.1,1.99,1.99,10843,2179844.0,5.26,1.41,-4.78,-0.1
2006-04-25,1.89,1.98,1.89,1.97,31358,6015622.5,4.52,4.09,-1.01,-0.02
2006-04-26,1.97,2.07,1.91,2.07,15021,2982756.5,8.12,1.96,5.08,0.1
2006-04-27,2.07,2.16,2.07,2.13,23702,5062341.0,4.35,3.09,2.9,0.06
2006-04-28,2.13,2.13,2.02,2.09,17413,3571990.5,5.16,2.27,-1.88,-0.04
2006-05-08,2.09,2.09,1.99,2.01,21119,4249299.0,4.78,2.75,-3.83,-0.08
2006-05-09,1.99,2.08,1.99,2.07,25148,5085363.5,4.48,3.28,2.99,0.06
2006-05-10,2.07,2.15,2.07,2.09,20842,4360440.0,3.86,2.72,0.97,0.02
2006-05-11,2.1,2.1,2.03,2.06,21076,4334196.0,3.35,2.75,-1.44,-0.03
2006-05-12,2.05,2.05,2.0,2.04,18052,3648245.25,2.43,2.35,-0.97,-0.02
2006-05-15,2.02,2.1,2.0,2.09,28041,5726971.5,4.9,3.65,2.45,0.05
2006-05-16,2.07,2.08,2.02,2.02,19521,3982424.5,2.87,2.54,-3.35,-0.07
2006-05-17,2.02,2.07,2.01,2.04,15044,3068582.5,2.97,1.96,0.99,0.02
2006-05-18,2.02,2.13,2.02,2.1,29561,6160036.5,5.39,3.85,2.94,0.06
2006-05-19,2.1,2.21,2.09,2.18,38089,8244882.5,5.71,4.96,3.81,0.08
2006-05-22,2.18,2.28,2.18,2.23,40192,8972883.0,4.59,5.24,2.29,0.05
2006-05-23,2.23,2.28,2.15,2.15,31510,6973657.5,5.83,4.11,-3.59,-0.08
2006-05-24,2.13,2.21,2.04,2.09,28232,5951366.0,7.91,3.68,-2.79,-0.06
2006-05-25,2.09,2.1,2.04,2.09,9084,1881076.75,2.87,1.18,0.0,0.0
2006-05-26,2.09,2.19,2.09,2.19,26800,5758964.0,4.78,3.49,4.78,0.1
2006-05-29,2.2,2.3,2.2,2.25,45685,10316687.0,4.57,5.95,2.74,0.06
2006-05-30,2.26,2.32,2.21,2.28,45795,10423294.0,4.89,5.97,1.33,0.03
2006-05-31,2.3,2.39,2.27,2.32,54981,12825075.0,5.26,7.16,1.75,0.04
2006-06-01,2.32,2.44,2.32,2.44,95430,22908028.0,5.17,12.43,5.17,0.12
2006-06-02,2.48,2.56,2.38,2.53,70698,17631870.0,7.38,9.21,3.69,0.09
2006-06-05,2.54,2.54,2.4,2.5,52676,12989507.0,5.53,6.86,-1.19,-0.03
2006-06-06,2.51,2.63,2.51,2.63,52200,13666347.0,4.8,6.8,5.2,0.13
2006-06-07,2.64,2.65,2.5,2.5,40884,10430443.0,5.7,5.33,-4.94,-0.13
2006-06-08,2.38,2.38,2.38,2.38,3334,793492.0,0.0,0.43,-4.8,-0.12
2006-06-09,2.26,2.34,2.26,2.26,42140,9556329.0,3.36,5.49,-5.04,-0.12
2006-06-12,2.16,2.22,2.15,2.15,24889,5379608.5,3.1,3.24,-4.87,-0.11
2006-06-13,2.09,2.17,2.06,2.12,24936,5273474.0,5.12,3.25,-1.4,-0.03
2006-06-14,2.12,2.23,2.08,2.23,24354,5273876.0,7.08,3.17,5.19,0.11
2006-06-15,2.28,2.28,2.16,2.17,15697,3474478.5,5.38,2.05,-2.69,-0.06
2006-06-16,2.16,2.2,2.12,2.19,15520,3357247.25,3.69,2.02,0.92,0.02
2006-06-19,2.17,2.21,2.13,2.18,18932,4126015.5,3.65,2.47,-0.46,-0.01
2006-06-20,2.17,2.24,2.15,2.23,21786,4782306.5,4.13,2.84,2.29,0.05
2006-06-21,2.2,2.22,2.17,2.18,15417,3377683.0,2.24,2.01,-2.24,-0.05
2006-06-22,2.17,2.18,2.1,2.11,18245,3896315.0,3.67,2.38,-3.21,-0.07
2006-06-23,2.1,2.13,2.07,2.11,16695,3506433.5,2.84,2.18,0.0,0.0
2006-06-26,2.1,2.17,2.1,2.15,14552,3124817.25,3.32,1.9,1.9,0.04
2006-06-27,2.16,2.22,2.15,2.21,20903,4587342.5,3.26,2.72,2.79,0.06
2006-06-28,2.2,2.22,2.17,2.21,12185,2670435.0,2.26,1.59,0.0,0.0
2006-06-29,2.21,2.26,2.2,2.23,28912,6438737.5,2.71,3.77,0.9,0.02
2006-07-03,2.26,2.34,2.25,2.34,12687,2943788.75,4.04,1.65,4.93,0.11
2006-07-04,2.46,2.46,2.46,2.46,9038,2223340.5,0.0,1.18,5.13,0.12
2006-07-05,2.58,2.58,2.37,2.58,139297,35219120.0,8.54,18.15,4.88,0.12
2006-07-06,2.58,2.71,2.52,2.71,71958,19344804.0,7.36,9.38,5.04,0.13
2006-07-07,2.83,2.85,2.73,2.85,30747,8698084.0,4.43,4.01,5.17,0.14
2006-07-10,2.99,2.99,2.95,2.99,8295,2479479.25,1.4,1.08,4.91,0.14
2006-07-11,3.14,3.14,3.14,3.14,5789,1817746.0,0.0,0.75,5.02,0.15
2006-07-12,3.3,3.3,2.98,2.98,51573,15899774.0,10.19,6.72,-5.1,-0.16
2006-07-13,2.83,3.13,2.83,2.99,65928,19639306.0,10.07,8.59,0.34,0.01
2006-07-14,2.85,2.99,2.84,2.84,32395,9300649.0,5.02,4.22,-5.02,-0.15
2006-07-17,2.84,2.84,2.7,2.7,32878,8907387.0,4.93,4.28,-4.93,-0.14
2006-07-18,2.7,2.84,2.7,2.84,22846,6327631.0,5.19,2.98,5.19,0.14
2006-07-19,2.78,2.84,2.7,2.79,14733,4059981.25,4.93,1.92,-1.76,-0.05
2006-07-20,2.79,2.82,2.72,2.8,7506,2088970.75,3.58,0.98,0.36,0.01
2006-07-21,2.79,2.94,2.77,2.88,18763,5422808.0,6.07,2.44,2.86,0.08
2006-07-24,2.88,3.01,2.75,3.0,21175,6206181.0,9.03,2.76,4.17,0.12
2006-07-25,3.0,3.07,2.95,2.99,12356,3695288.5,4.0,1.61,-0.33,-0.01
2006-07-26,2.99,3.02,2.84,3.0,21649,6348456.5,6.02,2.82,0.33,0.01
2006-07-27,2.97,3.0,2.92,2.98,16630,4933523.5,2.67,2.17,-0.67,-0.02
2006-07-28,2.97,2.97,2.83,2.89,13321,3850253.5,4.7,1.74,-3.02,-0.09
2006-07-31,2.9,2.91,2.75,2.76,14136,3916174.5,5.54,1.84,-4.5,-0.13
2006-08-01,2.72,2.86,2.72,2.76,9207,2576708.0,5.07,1.2,0.0,0.0
2006-08-02,2.8,2.8,2.7,2.78,7584,2090843.0,3.62,0.99,0.72,0.02
2006-08-03,2.77,2.9,2.77,2.89,15083,4329619.5,4.68,1.97,3.96,0.11
2006-08-04,2.9,2.92,2.76,2.76,6642,1879299.75,5.54,0.87,-4.5,-0.13
2006-08-07,2.7,2.76,2.62,2.62,20001,5274109.0,5.07,2.61,-5.07,-0.14
2006-08-08,2.49,2.49,2.49,2.49,10333,2572917.0,0.0,1.35,-4.96,-0.13
2006-08-09,2.37,2.51,2.37,2.43,53637,12806192.0,5.62,6.99,-2.41,-0.06
2006-08-10,2.39,2.5,2.35,2.47,27529,6662767.5,6.17,3.59,1.65,0.04
2006-08-11,2.43,2.46,2.41,2.43,9276,2256838.25,2.02,1.21,-1.62,-0.04
2006-08-14,2.44,2.55,2.43,2.53,25676,6518484.0,4.94,3.35,4.12,0.1
2006-08-15,2.5,2.5,2.4,2.42,23016,5603558.5,3.95,3.0,-4.35,-0.11
2006-08-16,2.46,2.53,2.42,2.48,21200,5258114.0,4.55,2.76,2.48,0.06
2006-08-17,2.45,2.45,2.37,2.45,16616,4013000.75,3.23,2.16,-1.21,-0.03
2006-08-18,2.42,2.46,2.39,2.4,9414,2277371.75,2.86,1.23,-2.04,-0.05
2006-08-21,2.32,2.36,2.28,2.34,16043,3720134.25,3.33,2.09,-2.5,-0.06
2006-08-22,2.36,2.4,2.31,2.36,18221,4289236.5,3.85,2.37,0.85,0.02
2006-08-23,2.34,2.38,2.33,2.34,10896,2549782.0,2.12,1.42,-0.85,-0.02
2006-08-24,2.35,2.4,2.35,2.38,15015,3568489.0,2.14,1.96,1.71,0.04
2006-08-25,2.39,2.42,2.38,2.38,13242,3173899.5,1.68,1.73,0.0,0.0
2006-08-28,2.38,2.41,2.33,2.4,17268,4085607.0,3.36,2.25,0.84,0.02
2006-08-29,2.39,2.46,2.39,2.43,18285,4443163.5,2.92,2.38,1.25,0.03
2006-08-30,2.43,2.55,2.43,2.55,35043,8775926.0,4.94,4.57,4.94,0.12
2006-08-31,2.56,2.64,2.49,2.52,26967,6934156.0,5.88,3.51,-1.18,-0.03
2006-09-01,2.5,2.53,2.43,2.44,13216,3251661.0,3.97,1.72,-3.17,-0.08
2006-09-04,2.45,2.51,2.43,2.5,13566,3370732.75,3.28,1.77,2.46,0.06
2006-09-05,2.51,2.63,2.46,2.57,24099,6147864.0,6.8,3.14,2.8,0.07
2006-09-06,2.57,2.7,2.55,2.7,39163,10480072.0,5.84,5.1,5.06,0.13
2006-09-07,2.74,2.83,2.65,2.68,45311,12360477.0,6.67,5.9,-0.74,-0.02
2006-09-08,2.6,2.71,2.55,2.58,38007,9853331.0,5.97,4.95,-3.73,-0.1
2006-09-11,2.6,2.65,2.51,2.64,21034,5438183.0,5.43,2.74,2.33,0.06
2006-09-12,2.62,2.7,2.58,2.67,22082,5852656.5,4.55,2.88,1.14,0.03
2006-09-13,2.65,2.74,2.61,2.64,23930,6417589.0,4.87,3.12,-1.12,-0.03
2006-09-14,2.64,2.64,2.52,2.58,17120,4425459.5,4.55,2.23,-2.27,-0.06
2006-09-15,2.59,2.63,2.55,2.59,15940,4116214.75,3.1,2.08,0.39,0.01
2006-09-18,2.59,2.68,2.59,2.65,19736,5192447.5,3.47,2.57,2.32,0.06
2006-09-19,2.78,2.78,2.78,2.78,9224,2564363.75,0.0,1.2,4.91,0.13
2006-09-20,2.92,2.92,2.84,2.92,31581,9201005.0,2.88,4.11,5.04,0.14
2006-09-21,2.99,3.03,2.84,2.85,54257,15847748.0,6.51,7.07,-2.4,-0.07
2006-09-22,2.88,2.94,2.8,2.88,24218,6985348.0,4.91,3.16,1.05,0.03
2006-09-25,2.88,2.92,2.74,2.77,34811,9664207.0,6.25,4.54,-3.82,-0.11
2006-09-26,2.74,2.77,2.7,2.77,16578,4534805.5,2.53,2.16,0.0,0.0
2006-09-27,2.75,2.84,2.74,2.78,15868,4417542.5,3.61,2.07,0.36,0.01
2006-09-28,2.81,2.88,2.79,2.87,18244,5185104.5,3.24,2.38,3.24,0.09
2006-09-29,2.85,2.9,2.83,2.84,12272,3495322.25,2.44,1.6,-1.05,-0.03
2006-10-09,2.84,2.86,2.81,2.85,13539,3825870.25,1.76,1.76,0.35,0.01
2006-10-10,2.85,2.94,2.82,2.91,23108,6675024.5,4.21,3.01,2.11,0.06
2006-10-11,2.95,2.97,2.86,2.89,14029,4075172.5,3.78,1.83,-0.69,-0.02
2006-10-12,2.92,3.03,2.84,3.03,38715,11425604.0,6.57,5.04,4.84,0.14
2006-10-13,3.01,3.18,2.97,3.18,57018,17903778.0,6.93,7.43,4.95,0.15
2006-10-16,3.11,3.27,3.11,3.18,29937,9505121.0,5.03,3.9,0.0,0.0
2006-10-17,3.15,3.18,3.03,3.03,25326,7928144.0,4.72,3.3,-4.72,-0.15
2006-10-18,3.0,3.09,2.93,3.03,20274,6089541.0,5.28,2.64,0.0,0.0
2006-10-19,3.03,3.16,3.01,3.09,12798,3974145.0,4.95,1.67,1.98,0.06
2006-10-20,3.1,3.16,3.05,3.07,11991,3698252.75,3.56,1.56,-0.65,-0.02
2006-10-23,3.03,3.07,2.92,2.92,15232,4484940.0,4.89,1.98,-4.89,-0.15
2006-10-24,2.9,2.93,2.78,2.92,20728,5922265.5,5.14,2.7,0.0,0.0
2006-10-25,2.92,3.07,2.88,3.02,17148,5093838.0,6.51,2.23,3.42,0.1
2006-10-26,3.0,3.02,2.88,2.89,12200,3576049.75,4.64,1.59,-4.3,-0.13
2006-10-27,2.88,2.94,2.75,2.76,17279,4834715.0,6.57,2.25,-4.5,-0.13
2006-10-30,2.77,2.8,2.7,2.8,8660,2391937.0,3.62,1.13,1.45,0.04
2006-10-31,2.8,2.9,2.79,2.83,8207,2335283.5,3.93,1.07,1.07,0.03
2006-11-01,2.86,2.91,2.72,2.87,15427,4368612.0,6.71,2.01,1.41,0.04
2006-11-02,2.87,2.88,2.79,2.81,6158,1729203.0,3.14,0.8,-2.09,-0.06
2006-11-03,2.8,2.85,2.74,2.78,8184,2274706.0,3.91,1.07,-1.07,-0.03
2006-11-06,2.8,2.8,2.7,2.71,9158,2519074.0,3.6,1.19,-2.52,-0.07
2006-11-07,2.71,2.73,2.58,2.62,9583,2526493.0,5.54,1.25,-3.32,-0.09
2006-11-08,2.61,2.75,2.57,2.74,9575,2566940.5,6.87,1.25,4.58,0.12
2006-11-09,2.73,2.75,2.67,2.73,8561,2326548.0,2.92,1.12,-0.36,-0.01
2006-11-10,2.73,2.73,2.59,2.62,10568,2792084.0,5.13,1.38,-4.03,-0.11
2006-11-13,2.6,2.65,2.49,2.51,7888,2018203.0,6.11,1.03,-4.2,-0.11
2006-11-14,2.5,2.58,2.48,2.56,6545,1649320.5,3.98,0.85,1.99,0.05
2006-11-15,2.55,2.61,2.5,2.6,9101,2307756.0,4.3,1.19,1.56,0.04
2006-11-16,2.58,2.6,2.51,2.55,11641,2970469.75,3.46,1.52,-1.92,-0.05
2006-11-17,2.68,2.68,2.65,2.68,12105,3242972.25,1.18,1.58,5.1,0.13
2006-11-20,2.78,2.81,2.76,2.81,9153,2558114.75,1.87,1.19,4.85,0.13
2006-11-21,2.84,2.84,2.68,2.68,21543,5900091.0,5.69,2.81,-4.63,-0.13
2006-11-22,2.7,2.81,2.62,2.81,18066,4979249.5,7.09,2.35,4.85,0.13
2006-11-23,2.8,2.8,2.73,2.75,7372,2032500.0,2.49,0.96,-2.14,-0.06
2006-11-24,2.75,2.89,2.75,2.84,16661,4737886.0,5.09,2.17,3.27,0.09
2006-11-27,2.84,2.88,2.73,2.79,12900,3589710.75,5.28,1.68,-1.76,-0.05
2006-11-28,2.78,2.85,2.73,2.81,10267,2847801.75,4.3,1.34,0.72,0.02
2006-11-29,2.78,2.79,2.71,2.77,8384,2312807.5,2.85,1.09,-1.42,-0.04
2006-11-30,2.75,2.83,2.75,2.77,14033,3899388.0,2.89,1.83,0.0,0.0
2006-12-01,2.77,2.83,2.75,2.76,11756,3274530.25,2.89,1.53,-0.36,-0.01
2006-12-04,2.76,2.78,2.69,2.75,16448,4482854.0,3.26,2.14,-0.36,-0.01
2006-12-05,2.75,2.81,2.71,2.79,18542,5089161.5,3.64,2.42,1.45,0.04
2006-12-06,2.78,2.79,2.65,2.74,14670,3998900.0,5.02,1.91,-1.79,-0.05
2006-12-07,2.73,2.74,2.62,2.62,23810,6359933.0,4.38,3.1,-4.38,-0.12
2006-12-08,2.61,2.71,2.58,2.62,12927,3417689.25,4.96,1.68,0.0,0.0
2006-12-11,2.65,2.66,2.61,2.63,7079,1860978.38,1.91,0.92,0.38,0.01
2006-12-12,2.65,2.68,2.59,2.64,10939,2879696.75,3.42,1.43,0.38,0.01
2006-12-13,2.63,2.69,2.62,2.66,8639,2298483.5,2.65,1.13,0.76,0.02
2006-12-14,2.67,2.69,2.63,2.65,8679,2304470.5,2.26,1.13,-0.38,-0.01
2006-12-15,2.65,2.68,2.61,2.63,8324,2200097.0,2.64,1.08,-0.75,-0.02
2006-12-18,2.63,2.67,2.58,2.6,14761,3857339.25,3.42,1.92,-1.14,-0.03
2006-12-19,2.6,2.67,2.58,2.64,15567,4070217.75,3.46,2.03,1.54,0.04
2006-12-20,2.64,2.77,2.63,2.77,23076,6348497.0,5.3,3.01,4.92,0.13
2006-12-21,2.8,2.86,2.69,2.71,20012,5519043.5,6.14,2.61,-2.17,-0.06
2006-12-22,2.71,2.8,2.68,2.8,17996,4940575.5,4.43,2.34,3.32,0.09
2006-12-25,2.82,2.82,2.73,2.77,14224,3934096.25,3.21,1.85,-1.07,-0.03
2006-12-26,2.78,2.79,2.7,2.72,10801,2956181.5,3.25,1.41,-1.81,-0.05
2006-12-27,2.72,2.76,2.64,2.68,10474,2827301.25,4.41,1.36,-1.47,-0.04
2006-12-28,2.67,2.67,2.59,2.6,12606,3313049.25,2.99,1.64,-2.99,-0.08
2006-12-29,2.73,2.73,2.71,2.73,19090,5210571.5,0.77,2.49,5.0,0.13
2007-01-22,2.87,2.87,2.87,2.87,706,202622.0,0.0,0.09,5.13,0.14
2007-01-23,3.01,3.01,3.01,3.01,1345,404848.0,0.0,0.18,4.88,0.14
2007-01-24,3.16,3.16,3.16,3.16,4420,1396716.88,0.0,0.58,4.98,0.15
2007-01-25,3.32,3.32,3.3,3.32,33814,11224747.0,0.63,4.41,5.06,0.16
2007-01-26,3.46,3.49,3.17,3.49,101717,34413864.0,9.64,13.25,5.12,0.17
2010-03-18,7.82,9.2,7.3,8.5,576416,473404032.0,54.44,49.63,143.55,5.01
2010-03-19,8.08,8.08,8.08,8.08,32648,26379584.0,0.0,2.81,-4.94,-0.42
2010-03-22,7.68,8.29,7.68,8.06,352125,277837600.0,7.55,30.32,-0.25,-0.02
2010-03-23,7.86,7.9,7.66,7.67,224745,174101392.0,2.98,19.35,-4.84,-0.39
2010-03-24,7.59,7.9,7.55,7.76,134040,103442696.0,4.56,11.54,1.17,0.09
2010-03-25,7.7,7.87,7.46,7.82,168536,128726544.0,5.28,14.51,0.77,0.06
2010-03-26,7.77,7.96,7.7,7.71,135653,105700088.0,3.32,11.68,-1.41,-0.11
2010-03-29,7.67,7.73,7.5,7.56,100660,76501792.0,2.98,8.67,-1.95,-0.15
2010-03-30,7.58,7.64,7.45,7.51,81614,61257704.0,2.51,7.03,-0.66,-0.05
2010-04-01,7.53,7.75,7.41,7.71,121442,91682888.0,4.53,10.46,2.66,0.2
2010-04-02,7.66,8.04,7.62,7.82,139491,109176776.0,5.45,12.01,1.43,0.11
2010-04-06,7.87,7.9,7.73,7.79,59738,46583324.0,2.17,5.14,-0.38,-0.03
2010-04-07,7.78,8.14,7.72,8.07,108000,85375752.0,5.39,9.3,3.59,0.28
2010-04-08,8.02,8.12,7.89,8.05,91860,73651552.0,2.85,7.91,-0.25,-0.02
2010-04-09,7.99,8.17,7.94,8.13,93273,75343160.0,2.86,8.03,0.99,0.08
2010-04-12,8.1,8.18,7.93,7.99,73677,59079248.0,3.08,6.34,-1.72,-0.14
2010-04-13,7.96,7.99,7.59,7.78,93330,72383848.0,5.01,8.04,-2.63,-0.21
2010-04-14,7.72,7.98,7.66,7.78,49797,38757004.0,4.11,4.29,0.0,0.0
2010-04-15,7.83,8.04,7.75,7.86,60458,47673660.0,3.73,5.21,1.03,0.08
2010-04-16,7.88,7.92,7.68,7.71,36756,28517042.0,3.05,3.16,-1.91,-0.15
2010-04-19,7.65,8.09,7.58,7.82,85652,67394696.0,6.61,7.37,1.43,0.11
2010-04-20,7.74,7.93,7.61,7.79,47133,36693392.0,4.09,4.06,-0.38,-0.03
2010-04-21,7.78,7.82,7.69,7.73,55041,42584968.0,1.67,4.74,-0.77,-0.06
2010-04-22,7.75,7.77,7.57,7.63,45470,34800080.0,2.59,3.91,-1.29,-0.1
2010-04-23,7.66,7.66,7.25,7.25,66931,49356056.0,5.37,5.76,-4.98,-0.38
2010-04-26,7.23,7.38,6.97,7.13,53822,38573956.0,5.66,4.63,-1.66,-0.12
2010-04-28,6.78,7.22,6.77,6.77,57459,39789920.0,6.31,4.95,-5.05,-0.36
2010-04-29,6.66,6.82,6.43,6.43,45970,30160232.0,5.76,3.96,-5.02,-0.34
2010-04-30,6.45,6.47,6.13,6.3,51245,32244826.0,5.29,4.41,-2.02,-0.13
2010-05-04,6.26,6.38,6.22,6.25,20305,12797419.0,2.54,1.75,-0.79,-0.05
2010-05-05,6.23,6.56,6.23,6.56,27011,17410564.0,5.28,2.33,4.96,0.31
2010-05-06,6.46,6.77,6.35,6.38,36061,23696626.0,6.4,3.1,-2.74,-0.18
2010-05-07,6.26,6.55,6.12,6.42,23209,14813975.0,6.74,2.0,0.63,0.04
2010-05-10,6.25,6.59,6.25,6.54,32828,21293184.0,5.3,2.83,1.87,0.12
2010-05-11,6.55,6.78,6.55,6.59,36536,24332932.0,3.52,3.15,0.76,0.05
2010-05-12,6.53,6.72,6.28,6.53,21274,13978647.0,6.68,1.83,-0.91,-0.06
2010-05-13,6.54,6.62,6.33,6.54,19648,12737959.0,4.44,1.69,0.15,0.01
2010-05-14,6.46,6.56,6.39,6.47,19354,12535550.0,2.6,1.67,-1.07,-0.07
2010-05-17,6.31,6.43,6.15,6.15,22618,14050627.0,4.33,1.95,-4.95,-0.32
2010-05-18,5.84,5.95,5.84,5.84,43517,25444460.0,1.79,3.75,-5.04,-0.31
2010-05-19,5.69,5.79,5.55,5.55,43294,24279760.0,4.11,3.73,-4.97,-0.29
2010-05-20,5.55,5.64,5.27,5.27,29666,15904808.0,6.67,2.55,-5.05,-0.28
2010-05-21,5.08,5.25,5.01,5.24,41148,20847474.0,4.55,3.54,-0.57,-0.03
2010-05-24,5.18,5.42,5.13,5.39,48097,25741146.0,5.53,4.14,2.86,0.15
2010-05-25,5.31,5.38,5.12,5.16,34169,17998498.0,4.82,2.94,-4.27,-0.23
2010-05-26,5.16,5.42,5.1,5.42,34399,18420436.0,6.2,2.96,5.04,0.26
2010-05-27,5.52,5.69,5.39,5.59,55976,31106560.0,5.54,4.82,3.14,0.17
2010-05-28,5.54,5.64,5.49,5.56,31375,17381252.0,2.68,2.7,-0.54,-0.03
2010-06-01,5.32,5.38,5.28,5.28,23369,12364711.0,1.8,2.01,-5.04,-0.28
2010-06-02,5.31,5.54,5.31,5.54,16011,8839640.0,4.36,1.38,4.92,0.26
2010-06-03,5.82,5.82,5.82,5.82,9020,5249750.5,0.0,0.78,5.05,0.28
2010-06-04,5.99,6.11,5.63,6.04,75257,44283008.0,8.25,6.48,3.78,0.22
2010-06-07,5.86,6.06,5.74,5.98,31050,18216684.0,5.3,2.67,-0.99,-0.06
2010-06-08,6.02,6.02,5.71,5.87,21439,12610507.0,5.18,1.85,-1.84,-0.11
2010-06-09,5.89,5.94,5.7,5.9,21771,12793836.0,4.09,1.87,0.51,0.03
2010-06-10,5.88,6.09,5.83,5.95,24785,14787599.0,4.41,2.13,0.85,0.05
2010-06-11,6.25,6.25,6.18,6.25,42697,26680390.0,1.18,3.68,5.04,0.3
2010-06-17,6.39,6.39,5.94,5.95,48996,30098070.0,7.2,4.22,-4.8,-0.3
2010-06-18,5.91,6.08,5.66,5.72,27644,16284682.0,7.06,2.38,-3.87,-0.23
2010-06-21,5.69,5.93,5.5,5.89,26981,15477126.0,7.52,2.32,2.97,0.17
2010-06-22,5.87,5.92,5.72,5.89,18357,10743913.0,3.4,1.58,0.0,0.0
2010-06-23,5.82,5.87,5.65,5.74,18870,10855357.0,3.74,1.62,-2.55,-0.15
2010-06-24,5.67,5.8,5.67,5.74,10109,5811917.0,2.26,0.87,0.0,0.0
2010-06-25,5.74,5.76,5.6,5.69,9463,5372513.0,2.79,0.81,-0.87,-0.05
2010-06-28,5.68,5.74,5.6,5.62,7607,4308932.0,2.46,0.65,-1.23,-0.07
2010-06-29,5.52,5.66,5.34,5.34,14981,8109186.5,5.69,1.29,-4.98,-0.28
2010-06-30,5.09,5.19,5.07,5.07,12187,6227366.0,2.25,1.05,-5.06,-0.27
2010-07-01,5.07,5.15,5.02,5.05,10315,5239771.0,2.56,0.89,-0.39,-0.02
2010-07-02,5.05,5.13,4.8,5.0,16850,8344248.5,6.53,1.45,-0.99,-0.05
2010-07-05,4.92,5.02,4.89,4.99,10419,5174947.5,2.6,0.9,-0.2,-0.01
2010-07-06,5.0,5.17,5.0,5.17,12489,6348850.0,3.41,1.08,3.61,0.18
2010-07-07,5.15,5.16,5.04,5.12,14757,7532841.5,2.32,1.27,-0.97,-0.05
2010-07-08,5.16,5.16,5.04,5.08,12744,6482966.5,2.34,1.1,-0.78,-0.04
2010-07-09,5.09,5.19,5.04,5.17,14281,7339024.0,2.95,1.23,1.77,0.09
2010-07-12,5.15,5.29,5.13,5.23,14971,7815701.5,3.09,1.29,1.16,0.06
2010-07-13,5.21,5.25,4.99,5.04,17083,8640131.0,4.97,1.47,-3.63,-0.19
2010-07-14,5.0,5.12,5.0,5.07,12867,6519174.0,2.38,1.11,0.6,0.03
2010-07-15,5.04,5.09,4.9,4.9,11649,5843599.0,3.75,1.0,-3.35,-0.17
2010-07-16,4.9,4.9,4.7,4.82,14550,6968644.0,4.08,1.25,-1.63,-0.08
2010-07-19,4.82,5.06,4.8,5.06,16317,8102282.0,5.39,1.4,4.98,0.24
2010-07-20,5.06,5.18,5.03,5.15,18887,9669664.0,2.96,1.63,1.78,0.09
2010-07-21,5.37,5.37,5.14,5.17,25697,13382028.0,4.47,2.21,0.39,0.02
2010-07-22,5.19,5.25,5.14,5.21,13474,6988909.5,2.13,1.16,0.77,0.04
2010-07-23,5.22,5.27,5.11,5.19,16369,8461266.0,3.07,1.41,-0.38,-0.02
2010-07-26,5.22,5.27,5.17,5.26,22598,11819057.0,1.93,1.95,1.35,0.07
2010-07-27,5.21,5.52,5.19,5.52,37371,20051090.0,6.27,3.22,4.94,0.26
2010-07-28,5.44,5.56,5.37,5.54,40269,22090342.0,3.44,3.47,0.36,0.02
2010-07-29,5.53,5.7,5.47,5.65,32666,18182176.0,4.15,2.81,1.99,0.11
2010-07-30,5.6,5.62,5.46,5.53,26431,14624184.0,2.83,2.28,-2.12,-0.12
2010-08-02,5.55,5.6,5.48,5.57,24692,13685756.0,2.17,2.13,0.72,0.04
2010-08-03,5.58,5.73,5.55,5.55,34464,19439570.0,3.23,2.97,-0.36,-0.02
2010-08-04,5.51,5.55,5.38,5.49,24075,13145349.0,3.06,2.07,-1.08,-0.06
2010-08-05,5.51,5.64,5.46,5.53,21301,11867945.0,3.28,1.83,0.73,0.04
2010-08-06,5.48,5.74,5.45,5.7,32287,18127462.0,5.24,2.78,3.07,0.17
2010-08-09,5.66,5.94,5.63,5.85,42380,24445204.0,5.44,3.65,2.63,0.15
2010-08-10,5.8,5.87,5.56,5.56,35628,20272814.0,5.3,3.07,-4.96,-0.29
2010-08-11,5.42,5.58,5.42,5.56,19828,10943670.0,2.88,1.71,0.0,0.0
2010-08-12,5.44,5.56,5.42,5.44,16744,9180428.0,2.52,1.44,-2.16,-0.12
2010-08-13,5.39,5.57,5.39,5.54,14373,7905651.0,3.31,1.24,1.84,0.1
2010-08-16,5.53,5.76,5.53,5.76,26731,15166018.0,4.15,2.3,3.97,0.22
2010-08-17,5.76,5.86,5.74,5.78,24744,14352600.0,2.08,2.13,0.35,0.02
2010-08-18,5.8,5.8,5.64,5.71,19230,10990606.0,2.77,1.66,-1.21,-0.07
2010-08-19,5.86,6.0,5.8,6.0,63547,38037612.0,3.5,5.47,5.08,0.29
2010-08-20,6.01,6.3,5.89,6.14,96326,58977512.0,6.83,8.29,2.33,0.14
2010-08-23,6.19,6.45,6.19,6.45,63747,41039508.0,4.23,5.49,5.05,0.31
2010-08-24,6.55,6.73,6.31,6.51,107189,69967944.0,6.51,9.23,0.93,0.06
2010-08-25,6.44,6.8,6.33,6.64,76311,50564256.0,7.22,6.57,2.0,0.13
2010-08-27,6.83,6.83,6.35,6.5,62251,40697584.0,7.23,5.36,-2.11,-0.14
2010-08-30,6.57,6.61,6.38,6.55,51088,33061142.0,3.54,4.4,0.77,0.05
2010-08-31,6.53,6.71,6.45,6.55,42375,27955264.0,3.97,3.65,0.0,0.0
2010-09-01,6.55,6.65,6.31,6.35,39552,25429308.0,5.19,3.41,-3.05,-0.2
2010-09-02,6.36,6.5,6.26,6.4,32556,20783270.0,3.78,2.8,0.79,0.05
2010-09-03,6.4,6.72,6.26,6.72,59762,38859980.0,7.19,5.15,5.0,0.32
2010-09-06,6.72,7.06,6.68,6.74,59450,40890220.0,5.65,5.12,0.3,0.02
2010-09-07,6.65,6.79,6.61,6.7,25533,17125398.0,2.67,2.2,-0.59,-0.04
2010-09-08,6.69,7.0,6.58,6.85,38113,26004474.0,6.27,3.28,2.24,0.15
2010-09-16,7.19,7.19,6.75,6.88,90804,63611340.0,6.42,7.82,0.44,0.03
2010-09-17,6.68,6.87,6.6,6.64,36641,24566412.0,3.92,3.15,-3.49,-0.24
2010-09-20,6.64,6.64,6.31,6.31,38834,24895246.0,4.97,3.34,-4.97,-0.33
2010-09-21,6.28,6.54,6.28,6.38,22021,14020960.0,4.12,1.9,1.11,0.07
2010-09-27,6.42,6.46,6.3,6.43,19330,12336470.0,2.51,1.66,0.78,0.05
2010-09-28,6.42,6.48,6.33,6.46,17435,11177302.0,2.33,1.5,0.47,0.03
2010-09-29,6.43,6.7,6.43,6.59,28122,18563134.0,4.18,2.42,2.01,0.13
2010-09-30,6.5,6.79,6.5,6.73,26476,17821258.0,4.4,2.28,2.12,0.14
2010-10-11,6.95,6.95,6.62,6.63,40014,26888306.0,4.9,3.45,-1.49,-0.1
2010-10-12,6.58,6.68,6.44,6.55,35261,23101160.0,3.62,3.04,-1.21,-0.08
2010-10-13,6.55,6.58,6.4,6.45,29301,18926962.0,2.75,2.52,-1.53,-0.1
2010-10-14,6.46,6.48,6.13,6.13,42359,26470528.0,5.43,3.65,-4.96,-0.32
2010-10-15,6.05,6.11,5.96,5.99,26968,16274217.0,2.45,2.32,-2.28,-0.14
2010-10-18,6.0,6.1,5.69,5.69,45765,26288510.0,6.84,3.94,-5.01,-0.3
2010-10-19,5.69,5.96,5.63,5.94,24123,14020058.0,5.8,2.08,4.39,0.25
2010-10-20,5.81,5.92,5.75,5.84,24296,14180137.0,2.86,2.09,-1.68,-0.1
2010-10-21,5.86,5.9,5.76,5.85,15625,9130464.0,2.4,1.35,0.17,0.01
2010-10-22,5.87,5.97,5.75,5.86,22743,13413624.0,3.76,1.96,0.17,0.01
2010-10-25,5.87,6.15,5.86,6.06,28264,17068392.0,4.95,2.43,3.41,0.2
2010-10-26,6.05,6.06,5.87,5.91,26685,15905804.0,3.14,2.3,-2.48,-0.15
2010-10-27,5.91,6.05,5.9,5.99,19710,11762349.0,2.54,1.7,1.35,0.08
2010-10-28,5.94,5.97,5.82,5.88,20531,12085531.0,2.5,1.77,-1.84,-0.11
2010-10-29,5.86,5.97,5.85,5.91,21209,12493657.0,2.04,1.83,0.51,0.03
2010-11-01,5.89,5.94,5.85,5.93,33874,19922146.0,1.52,2.92,0.34,0.02
2010-11-02,5.89,5.98,5.85,5.92,32472,19154974.0,2.19,2.8,-0.17,-0.01
2010-11-03,5.93,5.93,5.74,5.85,36507,21288328.0,3.21,3.14,-1.18,-0.07
2010-11-04,5.83,6.0,5.8,5.95,34653,20586936.0,3.42,2.98,1.71,0.1
2010-11-05,6.01,6.01,5.88,5.98,42904,25435390.0,2.18,3.69,0.5,0.03
2010-11-08,5.98,6.27,5.98,6.24,69434,42815408.0,4.85,5.98,4.35,0.26
2010-11-09,6.22,6.43,6.13,6.38,64582,40785784.0,4.81,5.56,2.24,0.14
2010-11-10,6.29,6.41,6.16,6.18,47947,30006870.0,3.92,4.13,-3.13,-0.2
2010-11-11,6.14,6.27,6.12,6.14,40615,25189748.0,2.43,3.5,-0.65,-0.04
2010-11-12,6.13,6.17,5.83,5.83,36958,22019080.0,5.54,3.18,-5.05,-0.31
2010-11-15,5.78,5.83,5.55,5.8,35513,20199270.0,4.8,3.06,-0.51,-0.03
2010-11-16,5.8,5.84,5.52,5.56,25448,14420936.0,5.52,2.19,-4.14,-0.24
2010-11-17,5.52,5.62,5.36,5.44,16615,9117134.0,4.68,1.43,-2.16,-0.12
2010-11-18,5.45,5.56,5.37,5.5,12463,6810979.5,3.49,1.07,1.1,0.06
2010-11-19,5.57,5.58,5.41,5.55,13740,7552817.5,3.09,1.18,0.91,0.05
2010-11-22,5.52,5.79,5.45,5.68,35278,19994074.0,6.13,3.04,2.34,0.13
2010-11-23,5.68,5.68,5.51,5.68,14171,7925376.0,2.99,1.22,0.0,0.0
2010-11-24,5.65,5.72,5.6,5.69,16181,9178145.0,2.11,1.39,0.18,0.01
2010-11-25,5.7,5.89,5.66,5.81,26809,15485952.0,4.04,2.31,2.11,0.12
2010-11-26,5.8,5.82,5.66,5.75,15009,8622264.0,2.75,1.29,-1.03,-0.06
2010-11-29,5.73,5.9,5.68,5.89,28674,16719949.0,3.83,2.47,2.43,0.14
2010-11-30,5.85,5.94,5.6,5.64,27053,15389010.0,5.77,2.33,-4.24,-0.25
2010-12-01,5.62,5.65,5.48,5.55,15610,8652137.0,3.01,1.34,-1.6,-0.09
2010-12-02,5.71,5.75,5.59,5.62,14616,8252517.5,2.88,1.26,1.26,0.07
2010-12-03,5.62,5.65,5.53,5.6,11236,6267572.5,2.14,0.97,-0.36,-0.02
2010-12-06,5.58,5.58,5.41,5.46,14336,7852173.5,3.04,1.23,-2.5,-0.14
2010-12-07,5.43,5.56,5.33,5.49,12813,6954259.5,4.21,1.1,0.55,0.03
2010-12-08,5.48,5.54,5.37,5.4,13106,7179167.0,3.1,1.13,-1.64,-0.09
2010-12-09,5.46,5.51,5.34,5.34,20569,11149482.0,3.15,1.77,-1.11,-0.06
2010-12-10,5.36,5.53,5.33,5.5,20592,11172690.0,3.75,1.77,3.0,0.16
2010-12-13,5.5,5.56,5.47,5.55,17393,9592300.0,1.64,1.5,0.91,0.05
2010-12-14,5.53,5.66,5.51,5.64,14816,8240498.0,2.7,1.28,1.62,0.09
2010-12-15,5.64,5.64,5.46,5.5,21867,12097199.0,3.19,1.88,-2.48,-0.14
2010-12-16,5.53,5.57,5.46,5.53,11285,6235755.0,2.0,0.97,0.55,0.03
2010-12-17,5.55,5.63,5.51,5.6,17079,9547364.0,2.17,1.47,1.27,0.07
2010-12-20,5.6,5.65,5.32,5.45,16890,9256749.0,5.89,1.45,-2.68,-0.15
2010-12-21,5.44,5.65,5.41,5.59,18085,10068978.0,4.4,1.56,2.57,0.14
2010-12-22,5.56,5.61,5.53,5.58,12578,6993426.5,1.43,1.08,-0.18,-0.01
2010-12-23,5.58,5.59,5.44,5.52,10044,5538210.0,2.69,0.86,-1.08,-0.06
2010-12-24,5.54,5.54,5.4,5.47,10609,5786821.5,2.54,0.91,-0.91,-0.05
2010-12-27,5.47,5.56,5.2,5.24,21024,11313748.0,6.58,1.81,-4.2,-0.23
2010-12-28,5.21,5.22,5.05,5.06,14858,7622391.0,3.24,1.28,-3.44,-0.18
2010-12-29,4.81,5.04,4.81,4.9,33770,16426249.0,4.55,2.91,-3.16,-0.16
2010-12-30,4.88,5.01,4.83,4.96,20659,10191788.0,3.67,1.78,1.22,0.06
2010-12-31,4.97,5.03,4.93,5.01,11970,5963459.5,2.02,1.03,1.01,0.05
2011-01-04,5.03,5.05,4.97,5.02,18050,9040959.0,1.6,1.55,0.2,0.01
2011-01-05,5.04,5.1,4.98,5.03,15130,7616756.0,2.39,1.3,0.2,0.01
2011-01-06,5.05,5.05,4.95,5.0,13889,6942562.5,1.99,1.19,-0.6,-0.03
2011-01-07,5.01,5.23,5.0,5.08,22822,11629051.0,4.6,1.96,1.6,0.08
2011-01-10,5.1,5.1,4.88,4.88,14091,7053272.5,4.33,1.21,-3.94,-0.2
2011-01-11,4.96,5.12,4.93,5.12,18097,9234180.0,3.89,1.56,4.92,0.24
2011-01-12,5.33,5.38,5.17,5.38,18257,9751750.0,4.1,1.57,5.08,0.26
2011-01-13,5.64,5.65,5.3,5.39,79572,44139876.0,6.51,6.84,0.19,0.01
2011-01-14,5.28,5.3,5.12,5.21,34401,17866554.0,3.34,2.96,-3.34,-0.18
2011-01-25,5.46,5.47,5.15,5.16,39788,21207654.0,6.14,3.42,-0.96,-0.05
2011-01-26,5.09,5.12,4.92,5.07,24479,12311339.0,3.88,2.11,-1.74,-0.09
2011-01-27,5.03,5.07,4.92,5.02,14780,7400436.0,2.96,1.27,-0.99,-0.05
2011-01-28,5.0,5.2,5.0,5.18,15523,7878385.0,3.98,1.34,3.19,0.16
2011-01-31,5.15,5.44,5.12,5.4,23554,12640881.0,6.18,2.03,4.25,0.22
2011-02-01,5.32,5.41,5.28,5.35,11849,6344070.0,2.41,1.02,-0.93,-0.05
2011-02-09,5.28,5.48,5.28,5.4,14074,7595681.0,3.74,1.21,0.93,0.05
2011-02-10,5.35,5.48,5.35,5.42,16815,9100420.0,2.41,1.45,0.37,0.02
2011-02-11,5.4,5.44,5.36,5.4,14832,7996440.0,1.48,1.28,-0.37,-0.02
2011-02-14,5.4,5.45,5.36,5.42,21688,11721235.0,1.67,1.87,0.37,0.02
2011-02-15,5.41,5.64,5.4,5.53,32647,18058868.0,4.43,2.81,2.03,0.11
2011-02-16,5.47,5.58,5.46,5.57,14944,8243526.5,2.17,1.29,0.72,0.04
2011-02-17,5.57,5.58,5.49,5.56,15956,8839204.0,1.62,1.37,-0.18,-0.01
2011-02-18,5.52,5.59,5.47,5.49,14665,8091068.0,2.16,1.26,-1.26,-0.07
2011-02-21,5.47,5.54,5.38,5.51,20741,11343086.0,2.91,1.78,0.36,0.02
2011-02-22,5.52,5.54,5.29,5.31,20557,11106404.0,4.54,1.77,-3.63,-0.2
2011-02-23,5.31,5.37,5.3,5.37,10966,5845497.0,1.32,0.94,1.13,0.06
2011-02-24,5.39,5.43,5.3,5.39,10646,5720534.5,2.42,0.92,0.37,0.02
2011-02-25,5.38,5.47,5.38,5.47,13956,7580119.0,1.67,1.2,1.48,0.08
2011-02-28,5.45,5.52,5.38,5.52,21018,11449942.0,2.56,1.81,0.91,0.05
2011-03-01,5.5,5.61,5.46,5.58,32143,17799978.0,2.72,2.76,1.09,0.06
2011-03-02,5.59,5.86,5.55,5.86,81376,47424220.0,5.56,7.0,5.02,0.28
2011-03-03,5.9,5.95,5.63,5.68,55104,31931270.0,5.46,4.74,-3.07,-0.18
2011-03-04,5.72,5.96,5.72,5.85,41714,24497990.0,4.23,3.59,2.99,0.17
2011-03-07,5.8,5.9,5.75,5.82,26764,15512949.0,2.56,2.3,-0.51,-0.03
2011-03-08,5.82,5.82,5.74,5.79,17936,10353693.0,1.37,1.54,-0.52,-0.03
2011-03-09,5.8,5.88,5.71,5.73,17633,10161771.0,2.94,1.52,-1.04,-0.06
2011-03-10,5.71,5.72,5.56,5.67,21366,12056933.0,2.79,1.84,-1.05,-0.06
2011-03-11,5.67,5.84,5.66,5.78,21725,12518160.0,3.17,1.87,1.94,0.11
2011-03-14,5.72,5.8,5.63,5.78,17462,10034004.0,2.94,1.5,0.0,0.0
2011-03-15,5.78,5.98,5.72,5.93,53213,31311864.0,4.5,4.58,2.6,0.15
2011-03-16,5.92,5.94,5.76,5.87,26089,15254248.0,3.04,2.24,-1.01,-0.06
2011-03-17,5.83,5.87,5.71,5.72,18009,10432504.0,2.73,1.55,-2.56,-0.15
2011-03-18,5.81,5.82,5.7,5.79,13672,7885267.0,2.1,1.18,1.22,0.07
2011-03-21,5.8,5.8,5.7,5.77,16260,9336217.0,1.73,1.4,-0.35,-0.02
2011-03-22,5.8,5.92,5.76,5.84,20316,11878622.0,2.77,1.75,1.21,0.07
2011-03-23,5.84,5.87,5.77,5.82,18909,10969712.0,1.71,1.63,-0.34,-0.02
2011-03-24,5.81,5.83,5.73,5.79,17714,10214259.0,1.72,1.52,-0.52,-0.03
2011-03-25,5.8,5.88,5.78,5.86,26187,15312587.0,1.73,2.25,1.21,0.07
2011-03-28,5.86,6.02,5.86,5.95,36270,21623974.0,2.73,3.12,1.54,0.09
2011-03-29,5.95,6.22,5.87,6.06,40666,24508326.0,5.88,3.5,1.85,0.11
2011-03-30,6.1,6.1,5.95,5.98,20591,12366360.0,2.48,1.77,-1.32,-0.08
2011-03-31,5.96,6.09,5.88,5.9,18178,10851744.0,3.51,1.56,-1.34,-0.08
2011-04-01,6.18,6.2,6.1,6.2,63209,39162548.0,1.69,5.44,5.08,0.3
2011-04-06,6.35,6.39,6.13,6.19,62794,39273652.0,4.19,5.4,-0.16,-0.01
2011-04-07,6.17,6.24,6.11,6.2,30662,18939988.0,2.1,2.64,0.16,0.01
2011-04-08,6.11,6.26,6.11,6.25,29759,18483058.0,2.42,2.56,0.81,0.05
2011-04-11,6.24,6.38,6.21,6.37,37831,23786464.0,2.72,3.25,1.92,0.12
2011-04-12,6.4,6.69,6.31,6.58,89656,59272576.0,5.97,7.71,3.3,0.21
2011-04-13,6.56,6.74,6.46,6.51,55553,36720848.0,4.26,4.78,-1.06,-0.07
2011-04-14,6.52,6.72,6.47,6.53,35051,23108168.0,3.84,3.01,0.31,0.02
2011-04-15,6.52,6.65,6.32,6.38,35885,23126246.0,5.05,3.09,-2.3,-0.15
2011-04-18,6.41,6.64,6.38,6.58,33017,21622422.0,4.08,2.84,3.13,0.2
2011-04-19,6.5,6.59,6.27,6.38,38376,24517882.0,4.86,3.3,-3.04,-0.2
2011-04-20,6.4,6.46,6.3,6.43,22377,14275660.0,2.51,1.92,0.78,0.05
2011-04-21,6.4,6.52,6.38,6.48,19078,12281206.0,2.18,1.64,0.78,0.05
2011-04-22,6.48,6.5,6.3,6.38,18436,11743947.0,3.09,1.59,-1.54,-0.1
2011-04-25,6.35,6.39,6.06,6.06,29427,18126932.0,5.17,2.53,-5.02,-0.32
2011-04-26,6.1,6.1,5.88,5.98,19293,11473945.0,3.63,1.66,-1.32,-0.08
2011-04-27,5.9,6.0,5.68,5.68,25728,14956014.0,5.35,2.21,-5.02,-0.3
2011-04-28,5.61,5.66,5.4,5.4,41411,22645576.0,4.58,2.14,-4.93,-0.28
2011-04-29,5.36,5.48,5.24,5.46,24499,13197185.0,4.44,1.26,1.11,0.06
2011-05-03,5.43,5.61,5.43,5.53,21465,11891194.0,3.3,1.11,1.28,0.07
2011-05-04,5.52,5.54,5.4,5.42,16590,9063779.0,2.53,0.86,-1.99,-0.11
2011-05-05,5.41,5.54,5.37,5.5,19733,10831706.0,3.14,1.02,1.48,0.08
2011-05-06,5.51,5.54,5.4,5.48,20351,11122011.0,2.55,1.05,-0.36,-0.02
2011-05-09,5.48,5.54,5.44,5.54,14689,8080822.5,1.82,0.76,1.09,0.06
2011-05-10,5.55,5.57,5.51,5.56,11364,6295078.0,1.08,0.59,0.36,0.02
2011-05-11,5.56,5.61,5.53,5.59,22535,12583802.0,1.44,1.16,0.54,0.03
2011-05-12,5.55,5.68,5.4,5.65,35778,20011664.0,5.01,1.85,1.07,0.06
2011-05-13,5.61,5.67,5.6,5.65,18486,10423477.0,1.24,0.95,0.0,0.0
2011-05-16,5.65,5.65,5.57,5.6,18459,10347295.0,1.42,0.95,-0.88,-0.05
2011-05-17,5.6,5.64,5.49,5.61,25444,14215868.0,2.68,1.31,0.18,0.01
2011-05-18,5.57,5.78,5.56,5.67,29790,16874374.0,3.92,1.54,1.07,0.06
2011-05-19,5.68,5.72,5.54,5.55,18732,10516181.0,3.17,0.97,-2.12,-0.12
2011-05-23,5.56,5.58,5.27,5.27,26984,14395242.0,5.59,1.39,-5.05,-0.28
2011-05-24,5.21,5.23,5.03,5.17,20687,10568510.0,3.8,1.07,-1.9,-0.1
2011-05-25,5.17,5.23,5.1,5.12,13404,6918443.0,2.51,0.69,-0.97,-0.05
2011-05-26,5.15,5.18,5.04,5.09,14843,7589257.5,2.73,0.77,-0.59,-0.03
2011-05-27,5.09,5.11,4.88,4.89,15360,7643032.5,4.52,0.79,-3.93,-0.2
2011-05-30,4.89,4.98,4.76,4.9,9988,4875004.0,4.5,0.52,0.2,0.01
2011-05-31,4.95,5.04,4.85,5.02,11925,5897871.5,3.88,0.62,2.45,0.12
2011-06-01,5.02,5.07,4.97,5.03,11547,5785282.0,1.99,0.6,0.2,0.01
2011-06-02,5.0,5.04,4.78,4.99,13766,6774318.0,5.17,0.71,-0.8,-0.04
2011-06-03,4.91,5.09,4.91,5.06,15487,7803627.5,3.61,0.8,1.4,0.07
2011-06-07,5.05,5.23,5.01,5.12,16494,8447441.0,4.35,0.85,1.19,0.06
2011-06-08,5.12,5.14,4.91,5.14,18233,9281991.0,4.49,0.94,0.39,0.02
2011-06-09,5.22,5.25,4.91,4.91,31355,16143818.0,6.61,1.62,-4.47,-0.23
2011-06-10,4.92,5.16,4.83,5.07,35819,17793494.0,6.72,1.85,3.26,0.16
2011-06-13,5.03,5.03,4.82,4.94,25646,12554028.0,4.14,1.32,-2.56,-0.13
2011-06-14,4.94,5.04,4.93,5.01,13919,6949975.5,2.23,0.72,1.42,0.07
2011-06-15,5.02,5.13,4.97,5.01,22334,11248175.0,3.19,1.15,0.0,0.0
2011-06-16,4.91,4.99,4.79,4.87,20563,10024590.0,3.99,1.06,-2.79,-0.14
2011-06-17,4.87,4.9,4.77,4.77,9997,4829254.5,2.67,0.52,-2.05,-0.1
2011-06-20,4.8,4.83,4.71,4.75,15176,7238788.5,2.52,0.78,-0.42,-0.02
2011-06-21,4.78,4.83,4.75,4.82,10388,4979466.0,1.68,0.54,1.47,0.07
2011-06-22,4.82,4.84,4.76,4.82,6088,2924910.0,1.66,0.31,0.0,0.0
2011-06-23,4.82,4.93,4.77,4.9,13579,6620138.5,3.32,0.7,1.66,0.08
2011-06-24,4.89,5.03,4.86,4.98,17266,8580225.0,3.47,0.89,1.63,0.08
2011-06-27,5.0,5.05,4.97,5.02,15945,7982900.5,1.61,0.82,0.8,0.04
2011-06-29,5.03,5.27,4.94,5.16,45237,23187470.0,6.57,2.33,2.79,0.14
2011-06-30,5.12,5.18,5.03,5.1,27555,14033222.0,2.91,1.42,-1.16,-0.06
2011-07-01,5.16,5.28,5.07,5.16,48907,25226228.0,4.12,2.52,1.18,0.06
2011-07-04,5.19,5.26,5.11,5.26,75225,39008112.0,2.91,3.88,1.94,0.1
2011-07-05,5.22,5.31,5.16,5.27,100344,52404464.0,2.85,5.18,0.19,0.01
2011-07-06,5.24,5.29,5.15,5.27,54208,28252056.0,2.66,2.8,0.0,0.0
2011-07-07,5.22,5.46,5.19,5.36,136042,71840304.0,5.12,7.02,1.71,0.09
2011-07-08,5.31,5.36,5.21,5.34,101953,53898484.0,2.8,5.26,-0.37,-0.02
2011-07-11,5.29,5.35,5.23,5.3,93318,49332020.0,2.25,4.82,-0.75,-0.04
2011-07-12,5.24,5.31,5.2,5.2,69209,36406260.0,2.08,3.57,-1.89,-0.1
2011-07-13,5.2,5.29,5.12,5.23,65746,34342084.0,3.27,3.39,0.58,0.03
2011-07-14,5.27,5.31,5.23,5.28,78966,41571340.0,1.53,4.08,0.96,0.05
2011-07-15,5.29,5.36,5.26,5.31,71351,37840324.0,1.89,3.68,0.57,0.03
2011-07-18,5.31,5.36,5.26,5.27,48625,25825776.0,1.88,2.51,-0.75,-0.04
2011-07-19,5.26,5.27,5.15,5.22,41555,21617382.0,2.28,2.14,-0.95,-0.05
2011-07-20,5.24,5.31,5.2,5.27,28509,14997092.0,2.11,1.47,0.96,0.05
2011-07-21,5.29,5.37,5.25,5.32,78859,41978524.0,2.28,4.07,0.95,0.05
2011-07-22,5.32,5.52,5.32,5.46,107310,58350576.0,3.76,5.54,2.63,0.14
2011-07-25,5.46,5.46,5.19,5.19,91539,48291580.0,4.95,4.72,-4.95,-0.27
2011-07-26,5.18,5.21,5.04,5.14,38951,19933088.0,3.28,2.01,-0.96,-0.05
2011-07-27,5.09,5.2,5.09,5.18,29030,14961051.0,2.14,1.5,0.78,0.04
2011-07-28,5.11,5.17,4.98,5.06,48295,24413688.0,3.67,2.49,-2.32,-0.12
2011-07-29,5.05,5.13,5.0,5.09,30180,15291728.0,2.57,1.56,0.59,0.03
2011-08-01,5.08,5.23,5.06,5.2,40738,21037468.0,3.34,2.1,2.16,0.11
2011-08-02,5.2,5.26,5.08,5.16,27046,13930741.0,3.46,1.4,-0.77,-0.04
2011-08-03,5.12,5.15,5.0,5.13,17688,9022935.0,2.91,0.91,-0.58,-0.03
2011-08-04,5.13,5.22,5.06,5.22,31508,16293981.0,3.12,1.63,1.75,0.09
2011-08-05,5.06,5.13,5.01,5.06,30832,15672343.0,2.3,1.59,-3.07,-0.16
2011-08-08,5.05,5.05,4.81,4.81,32170,15666517.0,4.74,1.66,-4.94,-0.25
2011-08-09,4.57,4.68,4.57,4.64,54746,25147586.0,2.29,2.83,-3.53,-0.17
2011-08-10,4.71,4.78,4.67,4.69,32176,15168952.0,2.37,1.66,1.08,0.05
2011-08-11,4.47,4.74,4.47,4.72,36173,16771068.0,5.76,1.87,0.64,0.03
2011-08-12,4.72,4.84,4.67,4.83,35039,16677021.0,3.6,1.81,2.33,0.11
2011-08-15,4.8,4.89,4.78,4.88,24973,12127022.0,2.28,1.29,1.04,0.05
2011-08-16,4.88,4.91,4.8,4.83,25860,12545612.0,2.25,1.33,-1.02,-0.05
2011-08-17,4.83,5.07,4.8,5.07,78773,39559352.0,5.59,4.07,4.97,0.24
2011-08-18,5.08,5.14,4.95,4.95,48908,24648648.0,3.75,2.52,-2.37,-0.12
2011-08-19,4.79,4.96,4.71,4.92,29568,14265036.0,5.05,1.53,-0.61,-0.03
2011-08-22,4.89,5.02,4.89,4.96,23041,11414357.0,2.64,1.19,0.81,0.04
2011-08-23,4.96,5.04,4.92,5.02,15051,7539072.5,2.42,0.78,1.21,0.06
2011-08-24,5.02,5.1,4.97,4.97,19868,9981684.0,2.59,1.03,-1.0,-0.05
2011-08-25,4.99,5.06,4.97,5.03,18839,9451486.0,1.81,0.97,1.21,0.06
2011-08-26,5.04,5.05,4.99,5.03,18967,9543903.0,1.19,0.98,0.0,0.0
2011-08-29,5.0,5.04,4.96,5.03,23205,11628641.0,1.59,1.2,0.0,0.0
2011-08-30,5.0,5.09,4.99,5.02,21835,11024228.0,1.99,1.13,-0.2,-0.01
2011-08-31,5.02,5.04,4.85,4.91,27030,13301509.0,3.78,1.39,-2.19,-0.11
2011-09-01,4.92,5.16,4.9,5.03,50765,25825356.0,5.3,2.62,2.44,0.12
2011-09-02,5.06,5.15,5.0,5.08,40136,20401716.0,2.98,2.07,0.99,0.05
2011-09-05,5.03,5.03,4.84,4.89,25683,12626271.0,3.74,1.33,-3.74,-0.19
2011-09-06,4.84,4.96,4.8,4.87,18917,9251363.0,3.27,0.98,-0.41,-0.02
2011-09-07,4.88,4.96,4.87,4.95,15652,7704362.0,1.85,0.81,1.64,0.08
2011-09-08,4.95,5.02,4.93,4.97,18910,9422600.0,1.82,0.98,0.4,0.02
2011-09-09,4.99,5.2,4.95,5.14,46478,23684280.0,5.03,2.4,3.42,0.17
2011-09-13,5.07,5.39,5.04,5.2,65799,34494252.0,6.81,3.4,1.17,0.06
2011-09-14,5.18,5.29,5.14,5.22,35899,18672632.0,2.88,1.85,0.38,0.02
2011-09-15,5.22,5.26,5.13,5.15,33433,17309408.0,2.49,1.73,-1.34,-0.07
2011-09-16,5.15,5.29,5.1,5.25,43982,22886544.0,3.69,2.27,1.94,0.1
2011-09-19,5.24,5.28,5.08,5.09,31685,16332987.0,3.81,1.64,-3.05,-0.16
2011-09-20,5.11,5.15,4.98,5.11,22553,11431078.0,3.34,1.16,0.39,0.02
2011-09-21,5.1,5.35,5.06,5.27,62500,32872290.0,5.68,3.23,3.13,0.16
2011-09-22,5.26,5.53,5.19,5.53,239171,131137272.0,6.45,12.34,4.93,0.26
2011-09-23,5.5,5.5,5.25,5.25,140731,75102424.0,4.52,7.26,-5.06,-0.28
2011-09-26,5.13,5.33,5.05,5.09,99401,51108728.0,5.33,5.13,-3.05,-0.16
2011-09-27,5.12,5.18,4.96,5.03,54869,27775944.0,4.32,2.83,-1.18,-0.06
2011-09-28,5.05,5.11,4.78,4.85,52452,25840664.0,6.56,2.71,-3.58,-0.18
2011-09-29,4.8,4.86,4.61,4.62,55929,26202144.0,5.15,2.89,-4.74,-0.23
2011-09-30,4.62,4.73,4.57,4.69,26159,12191078.0,3.46,1.35,1.52,0.07
2011-10-10,4.75,4.78,4.66,4.68,18888,8893970.0,2.56,0.97,-0.21,-0.01
2011-10-11,4.74,4.83,4.68,4.7,23528,11158893.0,3.21,1.21,0.43,0.02
2011-10-12,4.72,4.86,4.64,4.84,26505,12710179.0,4.68,1.37,2.98,0.14
2011-10-13,4.8,4.9,4.77,4.8,36591,17687522.0,2.69,1.89,-0.83,-0.04
2011-10-14,4.81,4.86,4.7,4.78,27287,13027690.0,3.33,1.41,-0.42,-0.02
2011-10-17,4.79,4.83,4.68,4.71,30404,14433706.0,3.14,1.57,-1.46,-0.07
2011-10-18,4.7,4.7,4.47,4.47,41975,19167854.0,4.88,2.17,-5.1,-0.24
2011-10-19,4.48,4.56,4.36,4.49,41644,18475510.0,4.47,2.15,0.45,0.02
2011-10-20,4.47,4.47,4.27,4.3,34889,15076113.0,4.45,1.8,-4.23,-0.19
2011-10-21,4.29,4.3,4.22,4.22,13755,5847976.0,1.86,0.71,-1.86,-0.08
2011-10-24,4.22,4.3,4.18,4.26,23227,9859218.0,2.84,1.2,0.95,0.04
2011-10-25,4.3,4.39,4.25,4.38,21964,9488110.0,3.29,1.13,2.82,0.12
2011-10-26,4.35,4.42,4.31,4.39,29417,12835421.0,2.51,1.52,0.23,0.01
2011-10-27,4.32,4.5,4.29,4.44,52048,22730758.0,4.78,2.69,1.14,0.05
2011-10-28,4.43,4.5,4.39,4.46,45595,20256134.0,2.48,2.35,0.45,0.02
2011-10-31,4.42,4.46,4.38,4.44,21248,9399080.0,1.79,1.1,-0.45,-0.02
2011-11-01,4.41,4.48,4.39,4.46,27666,12313874.0,2.03,1.43,0.45,0.02
2011-11-02,4.4,4.49,4.37,4.47,27490,12165323.0,2.69,1.42,0.22,0.01
2011-11-03,4.47,4.55,4.45,4.47,51812,23255648.0,2.24,2.67,0.0,0.0
2011-11-04,4.48,4.55,4.47,4.52,35476,15994819.0,1.79,1.83,1.12,0.05
2011-11-07,4.51,4.53,4.48,4.5,17902,8060357.0,1.11,0.92,-0.44,-0.02
2011-11-08,4.5,4.51,4.45,4.45,21430,9610687.0,1.33,1.11,-1.11,-0.05
2011-11-09,4.47,4.5,4.39,4.47,24574,10948972.0,2.47,1.27,0.45,0.02
2011-11-10,4.44,4.47,4.37,4.43,31614,13996779.0,2.24,1.63,-0.89,-0.04
2011-11-11,4.43,4.48,4.39,4.45,17834,7915140.5,2.03,0.92,0.45,0.02
2011-11-14,4.49,4.54,4.44,4.52,30340,13650981.0,2.25,1.57,1.57,0.07
2011-11-15,4.53,4.65,4.49,4.63,43221,19784292.0,3.54,2.23,2.43,0.11
2011-11-16,4.6,4.63,4.43,4.46,35399,15975556.0,4.32,1.83,-3.67,-0.17
2011-11-17,4.43,4.52,4.43,4.48,18267,8190679.5,2.02,0.94,0.45,0.02
2011-11-18,4.48,4.49,4.34,4.35,23734,10447648.0,3.35,1.22,-2.9,-0.13
2011-11-21,4.32,4.37,4.21,4.26,23806,10136345.0,3.68,1.23,-2.07,-0.09
2011-11-22,4.24,4.26,4.16,4.23,19565,8226848.0,2.35,1.01,-0.7,-0.03
2011-11-23,4.24,4.27,4.19,4.21,15021,6344804.5,1.89,0.78,-0.47,-0.02
2011-11-24,4.19,4.19,4.11,4.16,26133,10830434.0,1.9,1.35,-1.19,-0.05
2011-11-25,4.14,4.16,3.95,3.96,38090,15369270.0,5.05,1.97,-4.81,-0.2
2011-11-28,3.95,3.97,3.79,3.84,46069,17838716.0,4.55,2.38,-3.03,-0.12
2011-11-29,3.88,3.92,3.75,3.91,38102,14626431.0,4.43,1.97,1.82,0.07
2011-11-30,3.87,3.87,3.71,3.71,22396,8383065.0,4.09,1.16,-5.12,-0.2
2011-12-01,3.77,3.83,3.72,3.76,34788,13133474.0,2.96,1.8,1.35,0.05
2011-12-02,3.75,3.75,3.57,3.57,61368,22006680.0,4.79,3.17,-5.05,-0.19
2011-12-05,3.51,3.57,3.39,3.39,38977,13419027.0,5.04,2.01,-5.04,-0.18
2011-12-06,3.33,3.33,3.22,3.29,38112,12469578.0,3.24,1.97,-2.95,-0.1
2011-12-07,3.29,3.4,3.19,3.35,38583,12647574.0,6.38,1.99,1.82,0.06
2011-12-08,3.34,3.37,3.19,3.32,29886,9854504.0,5.37,1.54,-0.9,-0.03
2011-12-09,3.28,3.38,3.26,3.32,18374,6091928.5,3.61,0.95,0.0,0.0
2011-12-12,3.32,3.36,3.15,3.15,18520,5950832.5,6.33,0.96,-5.12,-0.17
2011-12-13,3.09,3.09,2.99,2.99,29115,8742366.0,3.17,1.5,-5.08,-0.16
2011-12-14,2.92,2.98,2.84,2.85,24129,7016867.0,4.68,1.25,-4.68,-0.14
2011-12-15,2.8,2.83,2.71,2.71,50690,13803723.0,4.21,2.62,-4.91,-0.14
2011-12-16,2.67,2.84,2.63,2.81,39467,10620645.0,7.75,2.04,3.69,0.1
2011-12-19,2.76,2.83,2.72,2.82,24420,6750602.5,3.91,1.26,0.36,0.01
2011-12-20,2.81,2.96,2.79,2.96,52901,15552755.0,6.03,2.73,4.96,0.14
2011-12-21,2.96,3.04,2.85,2.86,46389,13721449.0,6.42,2.39,-3.38,-0.1
2011-12-22,2.81,2.88,2.72,2.84,31831,8778612.0,5.59,1.64,-0.7,-0.02
2011-12-23,2.79,2.95,2.76,2.9,25012,7193088.5,6.69,1.29,2.11,0.06
2011-12-26,2.9,2.94,2.83,2.84,18237,5262947.5,3.79,0.94,-2.07,-0.06
2011-12-27,2.83,2.84,2.7,2.71,28269,7761750.0,4.93,1.46,-4.58,-0.13
2011-12-28,2.67,2.69,2.57,2.66,32248,8385971.5,4.43,1.66,-1.85,-0.05
2011-12-29,2.6,2.74,2.6,2.66,14717,3950513.75,5.26,0.76,0.0,0.0
2011-12-30,2.67,2.78,2.67,2.73,19777,5385619.0,4.14,1.02,2.63,0.07
2012-01-04,2.75,2.78,2.69,2.71,14159,3878515.0,3.3,0.73,-0.73,-0.02
2012-01-05,2.68,2.85,2.67,2.84,61661,17443384.0,6.64,3.18,4.8,0.13
2012-01-06,2.7,2.8,2.7,2.77,37947,10354254.0,3.52,1.96,-2.46,-0.07
2012-01-09,2.77,2.9,2.69,2.89,34264,9708702.0,7.58,1.77,4.33,0.12
2012-01-10,2.86,2.99,2.85,2.98,42504,12474341.0,4.84,2.19,3.11,0.09
2012-01-11,2.96,2.98,2.9,2.94,30082,8842123.0,2.68,1.55,-1.34,-0.04
2012-01-12,2.92,2.98,2.91,2.92,24393,7190291.5,2.38,1.26,-0.68,-0.02
2012-01-13,2.95,2.95,2.77,2.77,34918,9846821.0,6.16,1.8,-5.14,-0.15
2012-01-16,2.75,2.77,2.68,2.7,16036,4364373.5,3.25,0.83,-2.53,-0.07
2012-01-17,2.69,2.84,2.69,2.84,22090,6152320.5,5.56,1.14,5.19,0.14
2012-01-18,2.84,2.89,2.78,2.79,18279,5175178.0,3.87,0.94,-1.76,-0.05
2012-01-19,2.84,2.92,2.81,2.86,18707,5353176.5,3.94,0.97,2.51,0.07
2012-01-20,2.85,2.94,2.85,2.9,18665,5406627.0,3.15,0.96,1.4,0.04
2012-01-30,2.91,2.98,2.86,2.92,22223,6532721.0,4.14,1.15,0.69,0.02
2012-01-31,2.91,3.07,2.91,3.07,36220,10998684.0,5.48,1.87,5.14,0.15
2012-02-01,3.15,3.22,3.08,3.22,127901,40826724.0,4.56,6.6,4.89,0.15
2012-02-02,3.22,3.22,3.1,3.14,65386,20568706.0,3.73,3.37,-2.48,-0.08
2012-02-03,3.15,3.3,3.15,3.3,46477,15246320.0,4.78,2.4,5.1,0.16
2012-02-06,3.43,3.43,3.3,3.36,79277,26566552.0,3.94,4.09,1.82,0.06
2012-02-07,3.3,3.33,3.19,3.19,51280,16434835.0,4.17,2.65,-5.06,-0.17
2012-02-08,3.14,3.28,3.09,3.23,46171,14779851.0,5.96,2.38,1.25,0.04
2012-02-09,3.21,3.38,3.21,3.26,45274,14948682.0,5.26,2.34,0.93,0.03
2012-02-10,3.22,3.38,3.22,3.3,53126,17562634.0,4.91,2.74,1.23,0.04
2012-02-13,3.27,3.43,3.22,3.4,66538,22158550.0,6.36,3.43,3.03,0.1
2012-02-14,3.4,3.49,3.38,3.44,62991,21581408.0,3.24,3.25,1.18,0.04
2012-02-15,3.45,3.53,3.4,3.51,62299,21771204.0,3.78,3.22,2.03,0.07
2012-02-16,3.48,3.52,3.34,3.41,73328,24991206.0,5.13,3.78,-2.85,-0.1
2012-02-17,3.41,3.42,3.26,3.35,45633,15219523.0,4.69,2.35,-1.76,-0.06
2012-02-20,3.37,3.41,3.34,3.35,29746,10039256.0,2.09,1.54,0.0,0.0
2012-02-21,3.36,3.47,3.34,3.46,45291,15439938.0,3.88,2.34,3.28,0.11
2012-02-22,3.45,3.48,3.41,3.46,34768,11979965.0,2.02,1.79,0.0,0.0
2012-02-23,3.42,3.46,3.33,3.4,46786,15867744.0,3.76,2.41,-1.73,-0.06
2012-02-24,3.38,3.46,3.37,3.45,42059,14416275.0,2.65,2.17,1.47,0.05
2012-02-27,3.45,3.51,3.42,3.44,48152,16677497.0,2.61,2.48,-0.29,-0.01
2012-02-28,3.42,3.48,3.35,3.47,46355,15827771.0,3.78,2.39,0.87,0.03
2012-02-29,3.45,3.59,3.45,3.51,88240,31042814.0,4.03,4.55,1.15,0.04
2012-03-01,3.49,3.5,3.38,3.47,43399,14945095.0,3.42,2.24,-1.14,-0.04
2012-03-02,3.44,3.52,3.44,3.51,29896,10449267.0,2.31,1.54,1.15,0.04
2012-03-05,3.51,3.58,3.49,3.53,37978,13419993.0,2.56,1.96,0.57,0.02
2012-03-06,3.55,3.66,3.43,3.62,69474,24691546.0,6.52,3.59,2.55,0.09
2012-03-07,3.56,3.67,3.52,3.52,45686,16416539.0,4.14,2.36,-2.76,-0.1
2012-03-08,3.52,3.57,3.48,3.55,33019,11639089.0,2.56,1.7,0.85,0.03
2012-03-09,3.55,3.6,3.5,3.57,37887,13456479.0,2.82,1.96,0.56,0.02
2012-03-12,3.73,3.73,3.58,3.59,56677,20698480.0,4.2,2.92,0.56,0.02
2012-03-13,3.55,3.63,3.54,3.63,41058,14690998.0,2.51,2.12,1.11,0.04
2012-03-14,3.62,3.67,3.45,3.45,67200,23780876.0,6.06,3.47,-4.96,-0.18
2012-03-15,3.42,3.42,3.28,3.28,59902,19809880.0,4.06,3.09,-4.93,-0.17
2012-03-16,3.25,3.35,3.21,3.33,35448,11690726.0,4.27,1.83,1.52,0.05
2012-03-19,3.33,3.36,3.29,3.36,25818,8596349.0,2.1,1.33,0.9,0.03
2012-03-20,3.34,3.35,3.27,3.28,33741,11136893.0,2.38,1.74,-2.38,-0.08
2012-03-21,3.28,3.31,3.13,3.21,53299,17018757.0,5.49,2.75,-2.13,-0.07
2012-03-22,3.18,3.21,3.13,3.18,31634,10031953.0,2.49,1.63,-0.93,-0.03
2012-03-23,3.18,3.33,3.16,3.21,48136,15623639.0,5.35,2.48,0.94,0.03
2012-03-26,3.21,3.23,3.17,3.18,19711,6313721.0,1.87,1.02,-0.93,-0.03
2012-03-27,3.19,3.24,3.17,3.21,25476,8137144.0,2.2,1.31,0.94,0.03
2012-03-28,3.2,3.2,3.05,3.05,23419,7240482.0,4.67,1.21,-4.98,-0.16
2012-03-29,3.0,3.0,2.9,2.93,34350,10054113.0,3.28,1.77,-3.93,-0.12
2012-03-30,2.91,2.94,2.88,2.9,21239,6187850.0,2.05,1.1,-1.02,-0.03
2012-04-05,2.9,3.0,2.88,3.0,23315,6888055.0,4.14,1.2,3.45,0.1
2012-04-06,2.99,3.04,2.97,3.01,21870,6574332.0,2.33,1.13,0.33,0.01
2012-04-09,3.02,3.16,2.96,3.12,44458,13733307.0,6.64,2.29,3.65,0.11
2012-04-10,3.07,3.14,3.02,3.13,30386,9423112.0,3.85,1.57,0.32,0.01
2012-04-11,3.11,3.19,3.07,3.17,25709,8105430.0,3.83,1.33,1.28,0.04
2012-04-12,3.19,3.24,3.15,3.23,26696,8556145.0,2.84,1.38,1.89,0.06
2012-04-13,3.24,3.39,3.22,3.31,38478,12758386.0,5.26,1.99,2.48,0.08
2012-04-16,3.27,3.36,3.24,3.29,33842,11166200.0,3.63,1.75,-0.6,-0.02
2012-04-17,3.29,3.31,3.2,3.2,31918,10355390.0,3.34,1.65,-2.74,-0.09
2012-04-18,3.21,3.27,3.19,3.25,26141,8466320.0,2.5,1.35,1.56,0.05
2012-04-19,3.25,3.31,3.24,3.28,21986,7200475.0,2.15,1.13,0.92,0.03
2012-04-20,3.21,3.32,3.21,3.32,25895,8496674.0,3.35,1.34,1.22,0.04
2012-04-23,3.33,3.34,3.15,3.17,42289,13614212.0,5.72,2.18,-4.52,-0.15
2012-04-24,3.15,3.17,3.01,3.06,43019,13190959.0,5.05,2.22,-3.47,-0.11
2012-04-25,3.04,3.12,2.97,3.11,37303,11385986.0,4.9,1.93,1.63,0.05
2012-04-26,3.11,3.11,3.03,3.06,22143,6808575.0,2.57,1.14,-1.61,-0.05
2012-04-27,3.05,3.07,2.99,3.03,18500,5592412.0,2.61,0.95,-0.98,-0.03
2012-05-02,2.88,2.88,2.88,2.88,10144,2921472.0,0.0,0.52,-4.95,-0.15
2012-05-03,2.74,2.74,2.74,2.74,5922,1622628.0,0.0,0.31,-4.86,-0.14
2012-05-04,2.6,2.87,2.6,2.81,126919,34140869.0,9.85,6.55,2.55,0.07
2012-05-07,2.75,2.95,2.72,2.95,95848,27323597.0,8.19,4.95,4.98,0.14
2012-05-08,2.93,3.1,2.9,3.1,117853,36451919.0,6.78,6.08,5.08,0.15
2012-05-09,3.11,3.19,3.01,3.06,53152,16489393.0,5.81,2.74,-1.29,-0.04
2012-05-10,3.06,3.09,2.98,3.05,35082,10659277.0,3.59,1.81,-0.33,-0.01
2012-05-11,3.05,3.07,2.97,3.05,30512,9216366.0,3.28,1.57,0.0,0.0
2012-05-15,3.2,3.2,3.2,3.2,34514,11044524.0,0.0,1.78,4.92,0.15
2012-05-16,3.32,3.33,3.1,3.15,71784,22880839.0,7.19,3.7,-1.56,-0.05
2012-05-17,3.11,3.31,3.1,3.26,65929,21489032.0,6.67,3.4,3.49,0.11
2012-05-18,3.16,3.35,3.13,3.26,35108,11502052.0,6.75,1.48,0.0,0.0
2012-05-21,3.25,3.42,3.23,3.4,88713,30159911.0,5.83,3.73,4.29,0.14
2012-05-22,3.4,3.46,3.34,3.36,41795,14158579.0,3.53,1.76,-1.18,-0.04
2012-05-23,3.36,3.49,3.34,3.41,52236,17977842.0,4.46,2.2,1.49,0.05
2012-05-24,3.41,3.45,3.24,3.25,43108,14261914.0,6.16,1.81,-4.69,-0.16
2012-05-28,3.2,3.2,3.09,3.2,27136,8549194.0,3.38,1.14,-1.54,-0.05
2012-05-29,3.2,3.27,3.15,3.23,15431,4965267.0,3.75,0.65,0.94,0.03
2012-05-30,3.23,3.28,3.18,3.25,16482,5330134.0,3.1,0.69,0.62,0.02
2012-05-31,3.25,3.26,3.2,3.2,13827,4460687.0,1.85,0.58,-1.54,-0.05
2012-06-01,3.21,3.24,3.12,3.18,28021,8845796.0,3.75,1.18,-0.63,-0.02
2012-06-04,3.1,3.18,3.04,3.1,14644,4560835.0,4.4,0.62,-2.52,-0.08
2012-06-05,3.09,3.26,3.09,3.26,24776,7946584.0,5.48,1.04,5.16,0.16
2012-06-06,3.32,3.42,3.32,3.42,61434,20823504.0,3.07,2.58,4.91,0.16
2012-06-07,3.4,3.48,3.34,3.36,33718,11475497.0,4.09,1.42,-1.75,-0.06
2012-06-08,3.38,3.53,3.33,3.52,55888,19557794.0,5.95,2.35,4.76,0.16
2012-06-11,3.58,3.58,3.45,3.51,30889,10817386.0,3.69,1.3,-0.28,-0.01
2012-06-12,3.51,3.59,3.46,3.54,18335,6466192.0,3.7,0.77,0.85,0.03
2012-06-13,3.54,3.54,3.43,3.49,23971,8338949.0,3.11,1.01,-1.41,-0.05
2012-06-14,3.49,3.51,3.42,3.43,19915,6872447.0,2.58,0.84,-1.72,-0.06
2012-06-15,3.43,3.49,3.39,3.43,12404,4264390.0,2.92,0.52,0.0,0.0
2012-06-18,3.43,3.44,3.34,3.4,16526,5601551.0,2.92,0.69,-0.87,-0.03
2012-06-19,3.37,3.44,3.37,3.38,9315,3177587.0,2.06,0.39,-0.59,-0.02
2012-06-20,3.39,3.42,3.22,3.28,17750,5888285.0,5.92,0.75,-2.96,-0.1
2012-06-21,3.28,3.37,3.24,3.33,19841,6563535.0,3.96,0.83,1.52,0.05
2012-06-25,3.31,3.39,3.17,3.19,15580,5120816.0,6.61,0.65,-4.2,-0.14
2012-06-26,3.19,3.24,3.08,3.22,14969,4721973.0,5.02,0.63,0.94,0.03
2012-06-27,3.21,3.24,3.15,3.15,9727,3107231.0,2.8,0.41,-2.17,-0.07
2012-06-28,3.17,3.19,3.1,3.16,8297,2612129.0,2.86,0.35,0.32,0.01
2012-06-29,3.2,3.24,3.12,3.18,13508,4306583.0,3.8,0.51,0.63,0.02
2012-07-02,3.17,3.34,3.12,3.34,15142,4965371.0,6.92,0.57,5.03,0.16
2012-07-03,3.34,3.5,3.34,3.45,33997,11715616.0,4.79,1.28,3.29,0.11
2012-07-04,3.45,3.5,3.38,3.46,13489,4631159.0,3.48,0.51,0.29,0.01
2012-07-05,3.4,3.63,3.33,3.55,46631,16554002.0,8.67,1.76,2.6,0.09
2012-07-06,3.55,3.61,3.5,3.58,26249,9375155.0,3.1,0.99,0.85,0.03
2012-07-09,3.51,3.57,3.4,3.4,31486,10823425.0,4.75,1.19,-5.03,-0.18
2012-07-10,3.39,3.42,3.27,3.29,18368,6113289.0,4.41,0.69,-3.24,-0.11
2012-07-11,3.26,3.45,3.26,3.45,21604,7340851.0,5.78,0.81,4.86,0.16
2012-07-12,3.4,3.49,3.36,3.44,14975,5148217.0,3.77,0.56,-0.29,-0.01
2012-07-13,3.45,3.54,3.4,3.45,11234,3913147.0,4.07,0.42,0.29,0.01
2012-07-16,3.46,3.47,3.28,3.29,27238,9039166.0,5.51,1.03,-4.64,-0.16
2012-07-17,3.27,3.39,3.23,3.36,9377,3122933.0,4.86,0.35,2.13,0.07
2012-07-18,3.36,3.38,3.29,3.36,7841,2610119.0,2.68,0.3,0.0,0.0
2012-07-19,3.35,3.44,3.3,3.4,13721,4641486.0,4.17,0.52,1.19,0.04
2012-07-20,3.41,3.57,3.38,3.47,24486,8575566.0,5.59,0.92,2.06,0.07
2012-07-23,3.55,3.6,3.42,3.5,29293,10308155.0,5.19,1.1,0.86,0.03
2012-07-24,3.48,3.5,3.43,3.46,18060,6238276.0,2.0,0.68,-1.14,-0.04
2012-07-25,3.5,3.5,3.31,3.42,15475,5285307.0,5.49,0.58,-1.16,-0.04
2012-07-26,3.36,3.41,3.3,3.34,10269,3454210.0,3.22,0.39,-2.34,-0.08
2012-07-27,3.32,3.37,3.25,3.29,11137,3673193.0,3.59,0.42,-1.5,-0.05
2012-07-30,3.13,3.13,3.13,3.13,8340,2610420.0,0.0,0.31,-4.86,-0.16
2012-07-31,2.97,2.97,2.97,2.97,3925,1165725.0,0.0,0.15,-5.11,-0.16
2012-08-01,2.82,2.82,2.82,2.82,17432,4915824.0,0.0,0.66,-5.05,-0.15
2012-08-02,2.68,2.83,2.68,2.77,35773,9867588.0,5.32,1.35,-1.77,-0.05
2012-08-03,2.76,2.88,2.76,2.87,22285,6320699.0,4.33,0.84,3.61,0.1
2012-08-06,2.85,2.99,2.83,2.94,18982,5529669.0,5.57,0.72,2.44,0.07
2012-08-07,2.95,3.01,2.94,2.98,12765,3803485.0,2.38,0.48,1.36,0.04
2012-08-08,2.97,3.01,2.9,3.0,10835,3219393.0,3.69,0.41,0.67,0.02
2012-08-09,3.0,3.02,2.93,3.01,7146,2131292.0,3.0,0.27,0.33,0.01
2012-08-10,3.0,3.05,2.97,3.01,8509,2557365.0,2.66,0.32,0.0,0.0
2012-08-13,2.99,3.01,2.86,2.86,14152,4146469.0,4.98,0.53,-4.98,-0.15
2012-08-14,2.86,3.0,2.86,2.99,17957,5297145.0,4.9,0.68,4.55,0.13
2012-08-15,2.99,3.0,2.94,2.94,9553,2823840.0,2.01,0.36,-1.67,-0.05
2012-08-16,2.96,2.98,2.88,2.97,8471,2491486.0,3.4,0.32,1.02,0.03
2012-08-17,2.98,2.98,2.94,2.96,5722,1692169.0,1.35,0.22,-0.34,-0.01
2012-08-20,2.95,2.97,2.9,2.96,10412,3056653.0,2.36,0.39,0.0,0.0
2012-08-21,2.97,3.1,2.95,3.04,10038,3067544.0,5.07,0.38,2.7,0.08
2012-08-22,3.05,3.19,3.05,3.19,28643,9049333.0,4.61,1.08,4.93,0.15
2012-08-23,3.2,3.35,3.19,3.24,37943,12453829.0,5.02,1.43,1.57,0.05
2012-08-24,3.25,3.26,3.16,3.21,23392,7486037.0,3.09,0.88,-0.93,-0.03
2012-08-27,3.18,3.37,3.18,3.31,40720,13586418.0,5.92,1.53,3.12,0.1
2012-08-28,3.28,3.3,3.14,3.26,18744,6027397.0,4.83,0.71,-1.51,-0.05
2012-08-29,3.24,3.28,3.21,3.25,13087,4249263.0,2.15,0.49,-0.31,-0.01
2012-08-30,3.22,3.25,3.15,3.19,14996,4799242.0,3.08,0.56,-1.85,-0.06
2012-08-31,3.21,3.33,3.21,3.28,16673,5439059.0,3.76,0.63,2.82,0.09
2012-09-03,3.27,3.38,3.23,3.32,13287,4414784.0,4.57,0.5,1.22,0.04
2012-09-04,3.34,3.4,3.29,3.29,14545,4864881.0,3.31,0.55,-0.9,-0.03
2012-09-05,3.29,3.35,3.24,3.29,8587,2824823.0,3.34,0.32,0.0,0.0
2012-09-06,3.29,3.33,3.27,3.29,9062,2979409.0,1.82,0.34,0.0,0.0
2012-09-07,3.32,3.36,3.28,3.32,20501,6814019.0,2.43,0.77,0.91,0.03
2012-09-10,3.32,3.44,3.32,3.36,14421,4860763.0,3.61,0.54,1.2,0.04
2012-09-11,3.36,3.36,3.29,3.33,9324,3098531.0,2.08,0.35,-0.89,-0.03
2012-09-12,3.35,3.45,3.35,3.42,20747,7073001.0,3.0,0.78,2.7,0.09
2012-09-13,3.4,3.44,3.35,3.36,12088,4099781.0,2.63,0.46,-1.75,-0.06
2012-09-14,3.38,3.4,3.28,3.33,12398,4111947.0,3.57,0.47,-0.89,-0.03
2012-09-17,3.33,3.34,3.23,3.23,11319,3702632.0,3.3,0.43,-3.0,-0.1
2012-09-18,3.23,3.3,3.2,3.25,6877,2239836.0,3.1,0.26,0.62,0.02
2012-09-19,3.28,3.31,3.26,3.28,8034,2639275.0,1.54,0.3,0.92,0.03
2012-09-20,3.23,3.27,3.19,3.2,11642,3747243.0,2.44,0.44,-2.44,-0.08
2012-09-21,3.2,3.25,3.16,3.24,7224,2312128.0,2.81,0.27,1.25,0.04
2012-09-24,3.25,3.25,3.15,3.23,9181,2951868.0,3.09,0.35,-0.31,-0.01
2012-09-25,3.2,3.26,3.15,3.2,8150,2618778.0,3.41,0.31,-0.93,-0.03
2012-09-26,3.2,3.36,3.18,3.27,26020,8542290.0,5.63,0.98,2.19,0.07
2012-09-27,3.28,3.32,3.21,3.27,24627,8071712.0,3.36,0.93,0.0,0.0
2012-09-28,3.3,3.39,3.23,3.39,19632,6497185.0,4.89,0.74,3.67,0.12
2012-10-08,3.5,3.55,3.41,3.49,41893,14548543.0,4.13,1.58,2.95,0.1
2012-10-09,3.49,3.6,3.49,3.51,33879,12025919.0,3.15,1.28,0.57,0.02
2012-10-10,3.47,3.62,3.47,3.6,27259,9755262.0,4.27,1.03,2.56,0.09
2012-10-11,3.6,3.78,3.58,3.78,57296,21356649.0,5.56,2.16,5.0,0.18
2012-10-12,3.97,3.97,3.95,3.97,15405,6114996.0,0.53,0.58,5.03,0.19
2012-10-16,4.17,4.17,4.17,4.17,8722,3637111.0,0.0,0.33,5.04,0.2
2012-10-17,4.38,4.38,4.38,4.38,2656,1163231.0,0.0,0.1,5.04,0.21
2012-10-18,4.6,4.6,4.6,4.6,6776,3117116.0,0.0,0.26,5.02,0.22
2012-10-19,4.83,4.83,4.37,4.66,188810,87282722.0,10.0,7.11,1.3,0.06
2012-10-22,4.55,4.8,4.49,4.54,91029,42022856.0,6.65,3.43,-2.58,-0.12
2012-10-23,4.46,4.55,4.42,4.42,48456,21710653.0,2.86,1.83,-2.64,-0.12
2012-10-24,4.38,4.64,4.37,4.64,48896,22243520.0,6.11,1.84,4.98,0.22
2012-10-25,4.66,4.87,4.66,4.76,108500,52156078.0,4.53,4.09,2.59,0.12
2012-10-26,4.76,4.95,4.64,4.9,86627,41869032.0,6.51,3.26,2.94,0.14
2012-10-29,4.88,5.15,4.85,5.15,101363,51376603.0,6.12,3.82,5.1,0.25
2012-10-30,5.25,5.39,4.89,4.93,110264,57097068.0,9.71,4.15,-4.27,-0.22
2012-10-31,4.89,5.18,4.89,4.98,65959,33029877.0,5.88,2.48,1.01,0.05
2012-11-01,4.9,5.05,4.89,4.97,33984,16905694.0,3.21,1.28,-0.2,-0.01
2012-11-02,4.95,5.09,4.91,4.95,35527,17653712.0,3.62,1.34,-0.4,-0.02
2012-11-05,5.0,5.0,4.7,4.7,55564,26474084.0,6.06,2.09,-5.05,-0.25
2012-11-06,4.55,4.8,4.47,4.77,83567,38255771.0,7.02,3.15,1.49,0.07
2012-11-07,4.71,4.94,4.66,4.75,55950,26930243.0,5.87,2.11,-0.42,-0.02
2012-11-08,4.75,4.77,4.51,4.51,57320,26100251.0,5.47,2.16,-5.05,-0.24
2012-11-09,4.48,4.63,4.29,4.41,83055,37166537.0,7.54,3.13,-2.22,-0.1
2012-11-12,4.45,4.55,4.19,4.19,121305,51968041.0,8.16,4.57,-4.99,-0.22
2013-12-31,4.36,4.4,4.19,4.4,102706,45139147.0,5.01,3.39,5.01,0.21
2014-01-02,4.47,4.62,4.18,4.62,139700,61922293.0,10.0,4.61,5.0,0.22
2014-01-03,4.49,4.77,4.45,4.69,67703,31598283.0,6.93,2.23,1.52,0.07
2014-01-06,4.68,4.92,4.63,4.92,63876,31200460.0,6.18,2.11,4.9,0.23
2014-01-07,4.99,5.17,4.93,5.17,35443,18221659.0,4.88,1.17,5.08,0.25
2014-01-08,5.43,5.43,5.43,5.43,11747,6378767.0,0.0,0.39,5.03,0.26
2014-01-13,5.7,5.7,5.7,5.7,5018,2860220.0,0.0,0.17,4.97,0.27
2014-01-14,5.99,5.99,5.42,5.46,222657,129497756.0,10.0,7.35,-4.21,-0.24
2014-01-15,5.21,5.69,5.19,5.42,109294,58883158.0,9.16,3.61,-0.73,-0.04
2014-01-16,5.34,5.69,5.3,5.69,103744,57860795.0,7.2,3.42,4.98,0.27
2014-01-17,5.8,5.97,5.8,5.97,88503,52483877.0,2.99,2.92,4.92,0.28
2014-01-20,6.23,6.27,5.97,5.99,144726,89057272.0,5.03,4.78,0.34,0.02
2014-01-21,5.99,6.15,5.76,6.05,84996,50732824.0,6.51,2.81,1.0,0.06
2014-01-22,6.0,6.05,5.75,5.84,79159,46241625.0,4.96,2.61,-3.47,-0.21
2014-01-23,5.77,5.84,5.57,5.73,73195,41576435.0,4.62,2.42,-1.88,-0.11
2014-01-24,5.71,6.02,5.63,6.02,100499,59863455.0,6.81,3.32,5.06,0.29
2014-01-27,6.01,6.07,5.8,5.81,64597,38077316.0,4.49,2.13,-3.49,-0.21
2014-01-28,5.9,5.9,5.58,5.64,44607,25347849.0,5.51,1.47,-2.93,-0.17
2014-01-29,5.62,5.8,5.58,5.67,23049,13154753.0,3.9,0.76,0.53,0.03
2014-01-30,5.67,5.78,5.64,5.71,15054,8580010.0,2.47,0.5,0.71,0.04
2014-02-07,5.67,6.0,5.64,5.93,42782,25298086.0,6.3,1.41,3.85,0.22
2014-02-10,5.86,6.03,5.8,5.93,42219,25004787.0,3.88,1.39,0.0,0.0
2014-02-11,5.92,5.95,5.84,5.85,25955,15238780.0,1.85,0.86,-1.35,-0.08
2014-02-12,5.83,5.83,5.58,5.67,49858,28386013.0,4.27,1.65,-3.08,-0.18
2014-02-13,5.63,5.7,5.61,5.63,23915,13504421.0,1.59,0.79,-0.71,-0.04
2014-02-14,5.63,5.71,5.61,5.64,25642,14545989.0,1.78,0.85,0.18,0.01
2014-02-17,5.64,5.7,5.6,5.67,30026,16959353.0,1.77,0.99,0.53,0.03
2014-02-18,5.67,5.74,5.61,5.71,29891,17013379.0,2.29,0.99,0.71,0.04
2014-02-19,5.7,5.73,5.61,5.65,23446,13219679.0,2.1,0.77,-1.05,-0.06
2014-02-20,5.66,5.66,5.38,5.45,43326,23792105.0,4.96,1.43,-3.54,-0.2
2014-02-21,5.4,5.63,5.26,5.61,41099,22508481.0,6.79,1.36,2.94,0.16
2014-02-24,5.6,5.66,5.45,5.46,26035,14437639.0,3.74,0.86,-2.67,-0.15
2014-02-25,5.45,5.49,5.2,5.23,27438,14682483.0,5.31,0.91,-4.21,-0.23
2014-02-26,5.16,5.32,5.1,5.24,21409,11179538.0,4.21,0.71,0.19,0.01
2014-02-27,5.22,5.3,5.11,5.11,21179,11036358.0,3.63,0.7,-2.48,-0.13
2014-02-28,5.13,5.19,4.98,5.06,21103,10660632.0,4.11,0.7,-0.98,-0.05
2014-03-03,5.05,5.18,5.03,5.12,19101,9732420.0,2.96,0.63,1.19,0.06
2014-03-04,5.11,5.15,5.03,5.08,17678,9005357.0,2.34,0.58,-0.78,-0.04
2014-03-05,5.09,5.13,5.03,5.11,15317,7766721.0,1.97,0.51,0.59,0.03
2014-03-06,5.11,5.18,5.08,5.16,15582,7994559.0,1.96,0.51,0.98,0.05
2014-03-07,5.16,5.42,5.12,5.42,30264,16180829.0,5.81,1.0,5.04,0.26
2014-03-10,5.54,5.69,5.44,5.69,85845,48524012.0,4.61,2.83,4.98,0.27
2014-03-11,5.71,5.79,5.41,5.45,70205,38807576.0,6.68,2.32,-4.22,-0.24
2014-03-12,5.43,5.43,5.23,5.37,29686,15760795.0,3.67,0.98,-1.47,-0.08
2014-03-13,5.35,5.64,5.3,5.64,37527,21065759.0,6.33,1.24,5.03,0.27
2014-03-14,5.6,5.92,5.54,5.86,71491,41303681.0,6.74,2.36,3.9,0.22
2014-03-17,5.87,6.02,5.64,5.85,65055,38070649.0,6.48,2.15,-0.17,-0.01
2014-03-18,5.83,6.05,5.71,5.98,51752,30506909.0,5.81,1.71,2.22,0.13
2014-03-19,5.97,6.1,5.93,6.01,49247,29634471.0,2.84,1.63,0.5,0.03
2014-03-20,6.0,6.09,5.8,5.8,47542,28400150.0,4.83,1.57,-3.49,-0.21
2014-03-21,5.81,5.99,5.76,5.94,40146,23632138.0,3.97,1.33,2.41,0.14
2014-03-24,5.87,6.02,5.8,5.94,56475,33423289.0,3.7,1.86,0.0,0.0
2014-03-25,5.91,6.0,5.9,5.94,28698,17057635.0,1.68,0.95,0.0,0.0
2014-03-26,5.95,6.2,5.94,6.07,53856,32855614.0,4.38,1.78,2.19,0.13
2014-03-27,6.07,6.37,6.07,6.37,139112,88153393.0,4.94,4.59,4.94,0.3
2014-03-28,6.3,6.69,6.26,6.68,169970,111897512.0,6.75,5.61,4.87,0.31
2014-03-31,6.65,6.65,6.35,6.35,87830,56564328.0,4.49,2.9,-4.94,-0.33
2014-04-01,6.27,6.51,6.15,6.39,48180,30642108.0,5.67,1.59,0.63,0.04
2014-04-02,6.3,6.41,6.1,6.12,65902,40866613.0,4.85,2.18,-4.23,-0.27
2014-04-03,6.17,6.28,6.0,6.07,43399,26624254.0,4.58,1.43,-0.82,-0.05
2014-04-04,6.01,6.3,6.0,6.25,35630,21861837.0,4.94,1.18,2.97,0.18
2014-04-08,6.19,6.33,6.13,6.18,39120,24280850.0,3.2,1.29,-1.12,-0.07
2014-04-09,6.18,6.23,6.12,6.2,22112,13676258.0,1.78,0.73,0.32,0.02
2014-04-10,6.19,6.36,6.15,6.33,34244,21331620.0,3.39,1.13,2.1,0.13
2014-04-11,6.27,6.37,6.24,6.25,28746,18121150.0,2.05,0.95,-1.26,-0.08
2014-04-14,6.25,6.25,6.0,6.09,49919,30410528.0,4.0,1.65,-2.56,-0.16
2014-04-15,6.12,6.19,6.08,6.18,29534,18134704.0,1.81,0.97,1.48,0.09
2014-04-16,6.18,6.22,6.12,6.13,17571,10834092.0,1.62,0.58,-0.81,-0.05
2014-04-17,6.13,6.14,6.0,6.01,29717,17959107.0,2.28,0.98,-1.96,-0.12
2014-04-18,6.0,6.0,5.84,5.95,28920,17064557.0,2.66,0.95,-1.0,-0.06
2014-04-21,5.89,6.15,5.86,6.09,30023,18209344.0,4.87,0.99,2.35,0.14
2014-04-22,6.07,6.15,5.99,6.08,25952,15705812.0,2.63,0.86,-0.16,-0.01
2014-04-23,6.09,6.38,6.05,6.38,43272,26925991.0,5.43,1.43,4.93,0.3
2014-04-24,6.4,6.62,6.29,6.43,68810,44457962.0,5.17,2.27,0.78,0.05
2014-04-25,6.33,6.57,6.11,6.18,76017,47464025.0,7.15,2.51,-3.89,-0.25
2014-04-28,6.16,6.24,5.87,5.87,44913,26714604.0,5.99,1.48,-5.02,-0.31
2014-04-29,5.8,5.92,5.58,5.8,66280,37529660.0,5.79,2.19,-1.19,-0.07
2014-04-30,5.77,6.09,5.62,6.09,95215,56466068.0,8.1,3.14,5.0,0.29
2014-05-05,6.0,6.29,5.99,6.18,44374,27183788.0,4.93,1.46,1.48,0.09
2014-05-06,6.15,6.31,6.04,6.09,48660,29966269.0,4.37,1.61,-1.46,-0.09
2014-05-07,6.04,6.09,5.89,5.91,30000,17956079.0,3.28,0.99,-2.96,-0.18
2014-05-08,5.91,6.0,5.85,5.93,21678,12842267.0,2.54,0.72,0.34,0.02
2014-05-09,5.93,5.93,5.7,5.72,23210,13471797.0,3.88,0.77,-3.54,-0.21
2014-05-12,5.78,5.94,5.73,5.85,19810,11616413.0,3.67,0.65,2.27,0.13
2014-05-14,6.09,6.34,5.88,5.98,78863,48203809.0,7.86,2.6,2.22,0.13
2014-05-15,5.86,5.95,5.66,5.69,40361,23271238.0,4.85,1.33,-4.85,-0.29
2014-05-16,5.6,5.73,5.55,5.7,15470,8750018.0,3.16,0.51,0.18,0.01
2014-05-19,5.67,5.67,5.45,5.52,19567,10839543.0,3.86,0.65,-3.16,-0.18
2014-05-20,5.55,5.64,5.51,5.53,15483,8620254.0,2.36,0.51,0.18,0.01
2014-05-21,5.47,5.56,5.45,5.56,11153,6148410.0,1.99,0.37,0.54,0.03
2014-05-22,5.55,5.65,5.51,5.56,12135,6791025.0,2.52,0.4,0.0,0.0
2014-05-23,5.51,5.68,5.51,5.68,11696,6566423.0,3.06,0.39,2.16,0.12
2014-05-26,5.68,5.7,5.63,5.65,13657,7731837.0,1.23,0.45,-0.53,-0.03
2014-05-27,5.63,5.65,5.56,5.57,11677,6533025.0,1.59,0.39,-1.42,-0.08
2014-05-28,5.57,5.83,5.56,5.72,19098,10922235.0,4.85,0.63,2.69,0.15
2014-05-29,5.69,5.72,5.64,5.69,12803,7276503.0,1.4,0.42,-0.52,-0.03
2014-05-30,5.69,5.69,5.6,5.65,8620,4855669.0,1.58,0.28,-0.7,-0.04
2014-06-03,5.69,5.69,5.51,5.56,11567,6439135.0,3.19,0.38,-1.59,-0.09
2014-06-04,5.57,5.58,5.4,5.42,15102,8228278.0,3.24,0.5,-2.52,-0.14
2014-06-05,5.42,5.52,5.38,5.48,9933,5407144.0,2.58,0.33,1.11,0.06
2014-06-06,5.54,5.54,5.38,5.41,12655,6869620.0,2.92,0.42,-1.28,-0.07
2014-06-09,5.41,5.52,5.35,5.48,11698,6358137.0,3.14,0.39,1.29,0.07
2014-06-10,5.48,5.52,5.43,5.5,8932,4892496.0,1.64,0.29,0.36,0.02
2014-06-11,5.5,5.53,5.4,5.44,12980,7074194.0,2.36,0.43,-1.09,-0.06
2014-06-12,5.45,5.48,5.38,5.38,14875,8065454.0,1.84,0.49,-1.1,-0.06
2014-06-13,5.38,5.52,5.37,5.48,13582,7430535.0,2.79,0.45,1.86,0.1
2014-06-16,5.49,5.52,5.46,5.51,11082,6087108.0,1.09,0.37,0.55,0.03
2014-06-17,5.48,6.06,5.45,5.89,62672,36707717.0,11.07,2.07,6.9,0.38
2014-06-18,5.88,5.97,5.72,5.8,33574,19483718.0,4.24,1.11,-1.53,-0.09
2014-06-19,5.74,5.85,5.55,5.55,20142,11497805.0,5.17,0.66,-4.31,-0.25
2014-06-20,5.55,5.88,5.52,5.73,19182,10966203.0,6.49,0.63,3.24,0.18
2014-06-23,5.7,5.86,5.68,5.79,22916,13285268.0,3.14,0.76,1.05,0.06
2014-06-24,5.79,5.79,5.66,5.69,15215,8710971.0,2.25,0.5,-1.73,-0.1
2014-06-25,5.7,5.85,5.69,5.76,18608,10787609.0,2.81,0.61,1.23,0.07
2014-06-26,5.72,5.81,5.72,5.8,17730,10247530.0,1.56,0.59,0.69,0.04
2014-06-27,5.8,6.03,5.8,5.93,37135,22073528.0,3.97,1.23,2.24,0.13
2014-06-30,5.93,5.97,5.85,5.94,19837,11756736.0,2.02,0.65,0.17,0.01
2014-07-01,5.94,5.99,5.81,5.92,17793,10528477.0,3.03,0.59,-0.34,-0.02
2014-07-02,5.92,5.95,5.84,5.91,20620,12133386.0,1.86,0.68,-0.17,-0.01
2014-07-03,5.9,5.95,5.85,5.92,26069,15400096.0,1.69,0.86,0.17,0.01
2014-07-04,5.9,5.96,5.85,5.91,15769,9285317.0,1.86,0.52,-0.17,-0.01
2014-07-07,5.92,5.94,5.87,5.92,13212,7800937.0,1.18,0.44,0.17,0.01
2014-07-08,5.9,5.94,5.87,5.94,10655,6292861.0,1.18,0.35,0.34,0.02
2014-07-09,5.91,5.93,5.75,5.79,16025,9382493.0,3.03,0.53,-2.53,-0.15
2014-07-10,5.71,5.8,5.71,5.76,13400,7719356.0,1.55,0.44,-0.52,-0.03
2014-07-11,5.74,5.87,5.73,5.78,11193,6488671.0,2.43,0.37,0.35,0.02
2014-07-14,5.8,5.85,5.78,5.81,13700,7955218.0,1.21,0.45,0.52,0.03
2014-07-15,5.83,6.39,5.79,6.25,77237,47241869.0,10.33,2.55,7.57,0.44
2014-07-16,6.18,6.37,5.99,6.01,64999,40134924.0,6.08,2.15,-3.84,-0.24
2014-07-17,6.04,6.08,5.91,5.95,24043,14414316.0,2.83,0.79,-1.0,-0.06
2014-07-18,5.95,6.04,5.91,5.97,16757,10006022.0,2.18,0.55,0.34,0.02
2014-07-21,5.97,5.99,5.83,5.92,18764,11042678.0,2.68,0.62,-0.84,-0.05
2014-07-22,5.9,5.97,5.86,5.93,14476,8573574.0,1.86,0.48,0.17,0.01
2014-07-23,5.9,5.95,5.83,5.85,16287,9572101.0,2.02,0.54,-1.35,-0.08
2014-07-24,5.85,6.04,5.77,5.85,30503,17977420.0,4.62,1.01,0.0,0.0
2014-07-25,5.8,5.92,5.8,5.92,15575,9148832.0,2.05,0.51,1.2,0.07
2014-07-28,5.93,5.99,5.88,5.97,20485,12196158.0,1.86,0.68,0.84,0.05
2014-07-29,5.98,6.02,5.94,5.98,23372,13980660.0,1.34,0.77,0.17,0.01
2014-07-30,5.98,6.09,5.98,6.06,40813,24668783.0,1.84,1.35,1.34,0.08
2014-07-31,6.08,6.08,5.97,6.02,28546,17145104.0,1.82,0.94,-0.66,-0.04
2014-08-01,5.96,6.17,5.96,6.03,40270,24499786.0,3.49,1.33,0.17,0.01
2014-08-04,6.03,6.12,6.0,6.09,24158,14646886.0,1.99,0.8,1.0,0.06
2014-08-05,6.1,6.16,6.08,6.14,38955,23860415.0,1.31,1.29,0.82,0.05
2014-08-06,6.11,6.15,6.05,6.13,22915,13993994.0,1.63,0.76,-0.16,-0.01
2014-08-07,6.09,6.13,6.05,6.05,21110,12839352.0,1.31,0.7,-1.31,-0.08
2014-08-08,6.05,6.27,6.02,6.25,41812,25878614.0,4.13,1.38,3.31,0.2
2014-08-11,6.25,6.39,6.19,6.21,46410,29125971.0,3.2,1.53,-0.64,-0.04
2014-08-12,6.21,6.44,6.2,6.42,41499,26260948.0,3.86,1.37,3.38,0.21
2014-08-13,6.38,6.4,6.25,6.28,38688,24410134.0,2.34,1.28,-2.18,-0.14
2014-08-14,6.29,6.35,6.2,6.21,21738,13614046.0,2.39,0.72,-1.11,-0.07
2014-08-15,6.25,6.27,6.18,6.25,16763,10436893.0,1.45,0.55,0.64,0.04
2014-08-18,6.25,6.3,6.2,6.3,37663,23549273.0,1.6,1.24,0.8,0.05
2014-08-19,6.3,6.34,6.24,6.26,28527,17915461.0,1.59,0.94,-0.63,-0.04
2014-08-20,6.29,6.42,6.27,6.39,34878,22147309.0,2.4,1.15,2.08,0.13
2014-08-21,6.39,6.43,6.32,6.38,25940,16535987.0,1.72,0.86,-0.16,-0.01
2014-08-22,6.39,6.61,6.39,6.53,46280,30074102.0,3.45,1.53,2.35,0.15
2014-08-25,6.53,6.66,6.45,6.54,37647,24711969.0,3.22,1.24,0.15,0.01
2014-08-26,6.54,6.56,6.29,6.34,29819,19089460.0,4.13,0.98,-3.06,-0.2
2014-08-27,6.32,6.39,6.28,6.39,18528,11752714.0,1.74,0.61,0.79,0.05
2014-08-28,6.37,6.45,6.31,6.4,28771,18362026.0,2.19,0.95,0.16,0.01
2014-08-29,6.4,6.52,6.37,6.45,39156,25294044.0,2.34,1.29,0.78,0.05
2014-09-01,6.48,7.0,6.48,6.71,82947,56454513.0,8.06,2.74,4.03,0.26
2014-09-02,6.78,6.88,6.7,6.78,65778,44550216.0,2.68,2.17,1.04,0.07
2014-09-03,6.78,6.9,6.75,6.83,61740,42177053.0,2.21,2.04,0.74,0.05
2014-09-04,6.8,7.33,6.8,7.3,103445,73457605.0,7.76,3.41,6.88,0.47
2014-09-05,7.35,7.46,7.24,7.33,83087,61032936.0,3.01,2.74,0.41,0.03
2014-09-09,7.19,7.35,7.19,7.3,53844,39201760.0,2.18,1.78,-0.41,-0.03
2014-09-10,7.25,7.98,7.25,7.83,102292,78570486.0,10.0,3.38,7.26,0.53
2014-09-11,7.8,7.96,7.55,7.78,92060,71820415.0,5.24,3.04,-0.64,-0.05
2014-09-12,7.76,8.5,7.71,8.47,111710,92126920.0,10.15,3.69,8.87,0.69
2014-09-15,8.48,9.32,8.38,9.32,144998,132345223.0,11.1,4.79,10.04,0.85
2014-09-16,9.64,10.25,9.1,9.27,336855,328833856.0,12.34,11.12,-0.54,-0.05
2014-09-17,9.24,9.27,8.78,9.05,177188,158937158.0,5.29,5.85,-2.37,-0.22
2014-09-18,8.96,8.96,8.57,8.76,130273,114056206.0,4.31,4.3,-3.2,-0.29
2014-09-19,8.78,9.09,8.68,8.99,103670,92329309.0,4.68,3.42,2.63,0.23
2014-09-22,8.91,9.17,8.56,9.09,92325,81971724.0,6.79,3.05,1.11,0.1
2014-09-23,9.0,9.11,8.9,9.01,61881,55675781.0,2.31,2.04,-0.88,-0.08
2014-09-24,8.97,9.91,8.96,9.91,249539,244510552.0,10.54,8.24,9.99,0.9
2014-09-25,9.91,10.16,9.63,9.68,146400,143276550.0,5.35,4.83,-2.32,-0.23
2014-09-26,9.63,9.63,9.2,9.4,121343,113492479.0,4.44,4.01,-2.89,-0.28
2014-09-29,9.46,9.72,9.21,9.6,96209,91252014.0,5.43,3.18,2.13,0.2
2014-09-30,9.59,9.74,9.48,9.53,54956,52697944.0,2.71,1.81,-0.73,-0.07
2014-10-08,9.53,9.53,9.19,9.34,70936,66245125.0,3.57,2.34,-1.99,-0.19
2014-10-09,9.4,9.42,9.1,9.15,76752,70532694.0,3.43,2.53,-2.03,-0.19
2014-10-10,9.15,9.33,9.0,9.23,60308,55322120.0,3.61,1.99,0.87,0.08
2014-10-13,9.2,9.21,8.9,8.98,62536,56428925.0,3.36,2.06,-2.71,-0.25
2014-10-14,8.94,9.02,8.62,8.91,72722,64485812.0,4.45,2.4,-0.78,-0.07
2014-10-15,8.95,8.98,8.67,8.81,49030,43030073.0,3.48,1.62,-1.12,-0.1
2014-10-16,8.77,8.78,8.34,8.36,66284,56818094.0,4.99,2.19,-5.11,-0.45
2014-10-17,8.32,8.58,8.2,8.57,64076,53931735.0,4.55,2.11,2.51,0.21
2014-10-20,8.5,8.66,8.36,8.6,39612,33660668.0,3.5,1.31,0.35,0.03
2014-10-21,8.52,8.8,8.52,8.56,42848,37056756.0,3.26,1.41,-0.47,-0.04
2014-10-22,8.55,8.56,8.12,8.12,45950,38389142.0,5.14,1.52,-5.14,-0.44
2014-10-23,8.06,8.16,7.7,7.74,61317,48230105.0,5.67,2.02,-4.68,-0.38
2014-10-24,7.78,7.84,7.71,7.83,29134,22653295.0,1.68,0.96,1.16,0.09
2014-10-27,7.78,7.99,7.74,7.94,33528,26520064.0,3.19,1.11,1.4,0.11
2014-10-28,7.98,8.17,7.9,8.17,41250,33278290.0,3.4,1.36,2.9,0.23
2014-10-29,8.17,8.27,8.13,8.27,42578,34968466.0,1.71,1.41,1.22,0.1
2014-10-30,8.23,8.39,8.17,8.22,43098,35623800.0,2.66,1.42,-0.6,-0.05
2014-10-31,8.15,8.32,8.15,8.27,39350,32390650.0,2.07,1.3,0.61,0.05
2014-11-03,8.35,8.35,8.14,8.18,43440,35700860.0,2.54,1.43,-1.09,-0.09
2014-11-04,8.19,8.23,8.1,8.13,26712,21777585.0,1.59,0.88,-0.61,-0.05
2014-11-05,8.12,8.13,7.9,8.0,49016,39226011.0,2.83,1.62,-1.6,-0.13
2014-11-06,8.0,8.37,7.93,8.35,78490,64639835.0,5.5,2.59,4.38,0.35
2014-11-07,8.33,8.37,8.09,8.15,41108,33893529.0,3.35,1.36,-2.4,-0.2
2014-11-10,8.18,8.24,8.0,8.13,40446,32767315.0,2.94,1.33,-0.25,-0.02
2014-11-11,8.09,8.13,7.6,7.76,51391,40503917.0,6.52,1.7,-4.55,-0.37
2014-11-12,7.77,7.95,7.73,7.91,23754,18756508.0,2.84,0.78,1.93,0.15
2014-11-13,7.94,7.94,7.73,7.77,29839,23271259.0,2.65,0.98,-1.77,-0.14
2014-11-14,7.79,7.86,7.7,7.86,17466,13619111.0,2.06,0.58,1.16,0.09
2014-11-17,7.9,7.93,7.8,7.88,21787,17182794.0,1.65,0.72,0.25,0.02
2014-11-18,7.9,8.52,7.82,8.25,73149,60229869.0,8.88,2.41,4.7,0.37
2014-11-19,8.21,8.4,8.21,8.3,46909,38969331.0,2.3,1.55,0.61,0.05
2014-11-20,8.33,8.6,8.25,8.27,64107,54072893.0,4.22,2.12,-0.36,-0.03
2014-11-21,8.2,8.35,8.17,8.33,35292,29164525.0,2.18,1.16,0.73,0.06
2014-11-24,8.38,8.39,8.23,8.25,52503,43421316.0,1.92,1.73,-0.96,-0.08
2014-11-25,8.28,8.35,8.18,8.31,48932,40598999.0,2.06,1.62,0.73,0.06
2014-11-26,8.3,8.39,8.24,8.34,45386,37733570.0,1.81,1.5,0.36,0.03
2014-11-27,8.36,8.77,8.34,8.62,95451,81893731.0,5.16,3.15,3.36,0.28
2014-11-28,8.56,8.57,8.34,8.51,60871,51411712.0,2.67,2.01,-1.28,-0.11
2014-12-01,8.48,8.48,7.68,8.11,71510,58207117.0,9.4,2.36,-4.7,-0.4
2014-12-02,8.06,8.5,8.06,8.15,56750,46698836.0,5.43,1.87,0.49,0.04
2014-12-03,8.11,8.26,7.99,8.18,69221,55903904.0,3.31,2.28,0.37,0.03
2014-12-04,8.15,8.15,7.99,8.11,74504,60229157.0,1.96,2.46,-0.86,-0.07
2014-12-05,8.1,8.1,7.71,7.8,81569,64162224.0,4.81,2.69,-3.82,-0.31
2014-12-08,7.7,7.83,7.56,7.79,67242,51594853.0,3.46,2.22,-0.13,-0.01
2014-12-09,7.7,8.05,7.55,7.81,98114,76495374.0,6.42,3.24,0.26,0.02
2014-12-10,7.77,7.97,7.6,7.89,57855,45048164.0,4.74,1.91,1.02,0.08
2014-12-11,7.9,8.12,7.9,8.04,56745,45658791.0,2.79,1.87,1.9,0.15
2014-12-12,8.04,8.05,7.83,7.99,44094,34984392.0,2.74,1.46,-0.62,-0.05
2014-12-15,7.91,8.29,7.81,8.29,76555,61684031.0,6.01,2.53,3.75,0.3
2014-12-16,8.38,8.4,8.12,8.18,71776,59218298.0,3.38,2.37,-1.33,-0.11
2014-12-17,8.25,8.25,7.81,7.86,66318,52829920.0,5.38,2.19,-3.91,-0.32
2014-12-18,7.85,7.95,7.82,7.84,32676,25720889.0,1.65,1.08,-0.25,-0.02
2014-12-19,7.81,7.81,7.56,7.71,40347,30964931.0,3.19,1.33,-1.66,-0.13
2014-12-22,7.69,7.69,6.94,7.04,68718,49268948.0,9.73,2.27,-8.69,-0.67
2014-12-23,6.99,7.29,6.97,7.02,33655,23933825.0,4.55,1.11,-0.28,-0.02
2014-12-24,7.03,7.22,7.03,7.17,29422,21000458.0,2.71,0.97,2.14,0.15
2014-12-25,7.17,7.35,7.14,7.27,34772,25257115.0,2.93,1.15,1.39,0.1
2014-12-26,7.21,7.27,7.17,7.23,29052,20912964.0,1.38,0.96,-0.55,-0.04
2014-12-29,7.24,7.32,6.98,7.02,30926,21945760.0,4.7,1.02,-2.9,-0.21
2014-12-30,7.01,7.01,6.62,6.72,51576,34811611.0,5.56,1.7,-4.27,-0.3
2014-12-31,6.7,6.89,6.68,6.89,29704,20099485.0,3.13,0.98,2.53,0.17
2015-01-05,6.87,6.99,6.74,6.98,32221,22168653.0,3.63,1.06,1.31,0.09
2015-01-06,6.99,7.09,6.88,7.07,32604,22723402.0,3.01,1.08,1.29,0.09
2015-01-07,7.07,7.22,6.99,7.06,25861,18335823.0,3.25,0.85,-0.14,-0.01
2015-01-08,7.25,7.77,7.2,7.77,106424,81363406.0,8.07,3.51,10.06,0.71
2015-01-09,8.02,8.55,7.9,8.23,268717,221429725.0,8.37,8.87,5.92,0.46
2015-01-12,8.19,8.19,7.5,7.69,100158,77659558.0,8.38,3.31,-6.56,-0.54
2015-01-13,7.71,7.71,7.48,7.54,70599,53169559.0,2.99,2.33,-1.95,-0.15
2015-01-14,7.52,7.55,7.35,7.44,52806,39150690.0,2.65,1.74,-1.33,-0.1
2015-01-15,7.38,7.53,7.32,7.45,49268,36686834.0,2.82,1.63,0.13,0.01
2015-01-16,7.48,7.78,7.4,7.73,57779,44151284.0,5.1,1.91,3.76,0.28
2015-01-19,7.6,7.78,7.25,7.33,54967,41255547.0,6.86,1.81,-5.17,-0.4
2015-01-20,7.33,7.75,7.33,7.66,56971,43054753.0,5.73,1.88,4.5,0.33
2015-01-21,7.65,7.9,7.53,7.8,63783,49502774.0,4.83,2.11,1.83,0.14
2015-01-22,7.8,7.89,7.75,7.83,51875,40500593.0,1.79,1.71,0.38,0.03
2015-01-23,7.83,8.28,7.7,8.03,107979,86438283.0,7.41,3.56,2.55,0.2
2015-01-26,7.94,8.27,7.89,8.19,93010,75732656.0,4.73,3.07,1.99,0.16
2015-01-27,8.19,8.4,8.01,8.24,89582,73288919.0,4.76,2.96,0.61,0.05
2015-01-28,8.26,8.27,8.1,8.17,50646,41520109.0,2.06,1.67,-0.85,-0.07
2015-01-29,8.11,8.34,8.06,8.22,64624,53315514.0,3.43,2.13,0.61,0.05
2015-01-30,8.15,8.27,8.09,8.11,52343,42702212.0,2.19,1.73,-1.34,-0.11
2015-02-02,7.95,8.08,7.92,7.96,31033,24789600.0,1.97,1.02,-1.85,-0.15
2015-02-03,7.97,8.07,7.96,8.03,22928,18382207.0,1.38,0.76,0.88,0.07
2015-02-04,8.0,8.39,8.0,8.15,48456,39909422.0,4.86,1.6,1.49,0.12
2015-02-05,8.13,8.27,8.02,8.04,40121,32717045.0,3.07,1.32,-1.35,-0.11
2015-02-06,8.01,8.1,7.72,7.85,35507,28031681.0,4.73,1.17,-2.36,-0.19
2015-02-09,7.82,7.85,7.5,7.72,24592,18978057.0,4.46,0.81,-1.66,-0.13
2015-02-10,7.71,7.86,7.63,7.83,18115,14091632.0,2.98,0.6,1.42,0.11
2015-02-11,7.9,7.93,7.83,7.9,14637,11540541.0,1.28,0.48,0.89,0.07
2015-02-12,7.85,8.11,7.85,8.05,24773,19932818.0,3.29,0.82,1.9,0.15
2015-02-13,8.05,8.25,8.01,8.16,35146,28746292.0,2.98,1.16,1.37,0.11
2015-02-16,8.16,8.26,8.13,8.17,29042,23798847.0,1.59,0.96,0.12,0.01
2015-02-17,8.17,8.99,8.17,8.99,100286,88628824.0,10.04,3.31,10.04,0.82
2015-02-25,9.2,9.2,8.78,8.88,133880,119693801.0,4.67,4.42,-1.22,-0.11
2015-02-26,8.88,8.88,8.65,8.79,64570,56465438.0,2.59,2.13,-1.01,-0.09
2015-02-27,8.76,9.65,8.72,9.2,137394,127354712.0,10.58,4.53,4.66,0.41
2015-03-02,9.2,9.29,8.92,9.08,177090,160488286.0,4.02,5.85,-1.3,-0.12
2015-03-03,8.98,9.0,8.83,8.86,96266,85534492.0,1.87,3.18,-2.42,-0.22
2015-03-04,8.81,9.3,8.8,9.01,106484,96662512.0,5.64,3.51,1.69,0.15
2015-03-05,9.02,9.18,8.87,8.95,61486,55214502.0,3.44,2.03,-0.67,-0.06
2015-03-06,8.96,9.17,8.91,8.97,68599,62044643.0,2.91,2.26,0.22,0.02
2015-03-09,8.91,9.19,8.9,9.02,46959,42296039.0,3.23,1.55,0.56,0.05
2015-03-10,8.99,9.13,8.9,9.02,69720,62899057.0,2.55,2.3,0.0,0.0
2015-03-11,8.98,9.06,8.77,8.8,70765,62962512.0,3.22,2.34,-2.44,-0.22
2015-03-12,8.8,8.9,8.7,8.75,47788,41956846.0,2.27,1.58,-0.57,-0.05
2015-03-13,8.81,8.99,8.81,8.87,44463,39568372.0,2.06,1.47,1.37,0.12
2015-03-16,8.97,9.15,8.8,9.01,80147,72294640.0,3.95,2.65,1.58,0.14
2015-03-17,9.02,9.25,9.01,9.23,156193,142466973.0,2.66,5.16,2.44,0.22
2015-03-18,9.21,9.55,9.11,9.5,154542,145168018.0,4.77,5.1,2.93,0.27
2015-03-19,9.48,9.81,9.31,9.55,125899,120446604.0,5.26,4.16,0.53,0.05
2015-03-20,9.54,9.76,9.4,9.47,97822,92912746.0,3.77,3.23,-0.84,-0.08
2015-03-23,9.47,9.6,9.3,9.5,101717,95790835.0,3.17,3.36,0.32,0.03
2015-03-24,9.47,9.47,9.02,9.3,111654,103714670.0,4.74,3.69,-2.11,-0.2
2015-03-25,9.22,9.5,9.08,9.36,97301,90716176.0,4.52,3.21,0.65,0.06
2015-03-26,9.43,9.53,9.2,9.36,112732,105685285.0,3.53,3.72,0.0,0.0
2015-03-27,9.34,9.5,9.24,9.49,90062,84388755.0,2.78,2.97,1.39,0.13
2015-03-30,9.48,9.7,9.42,9.5,108755,103587808.0,2.95,3.59,0.11,0.01
2015-03-31,9.56,10.45,9.4,10.45,264776,266582454.0,11.05,8.74,10.0,0.95
2015-04-01,10.85,10.95,10.4,10.76,289194,307595408.0,5.26,9.55,2.97,0.31
2015-04-02,10.95,10.95,10.5,10.63,140828,149498533.0,4.18,4.65,-1.21,-0.13
2015-04-03,10.46,11.53,10.35,11.11,201798,217040035.0,11.1,6.66,4.52,0.48
2015-04-07,11.27,11.29,10.97,11.13,133744,149015988.0,2.88,4.41,0.18,0.02
2015-04-08,11.15,11.74,10.78,11.5,191619,214650726.0,8.63,6.32,3.32,0.37
2015-04-09,11.4,11.75,11.18,11.68,171006,195699724.0,4.96,5.64,1.57,0.18
2015-04-10,11.6,12.69,11.4,12.46,199091,242352187.0,11.04,6.57,6.68,0.78
2015-04-13,12.46,13.71,12.22,13.71,145145,193193368.0,11.96,4.79,10.03,1.25
2015-04-14,14.18,15.08,14.18,15.08,185302,277943072.0,6.56,6.12,9.99,1.37
2015-04-15,15.97,15.97,13.57,13.6,339016,486658896.0,15.92,11.19,-9.81,-1.48
2015-04-16,13.11,14.26,12.65,13.89,189031,258970804.0,11.84,6.24,2.13,0.29
2015-04-17,13.63,14.89,13.63,13.84,181290,256867467.0,9.07,5.98,-0.36,-0.05
2015-04-20,13.8,15.22,12.8,15.22,400765,560926560.0,17.49,13.23,9.97,1.38
2015-04-21,14.81,15.77,14.44,14.92,239494,355720672.0,8.74,7.9,-1.97,-0.3
2015-04-22,14.91,15.2,14.55,15.2,159890,239681971.0,4.36,5.28,1.88,0.28
2015-04-23,15.2,15.26,14.62,14.78,138030,206229356.0,4.21,4.56,-2.76,-0.42
2015-04-24,14.31,14.6,13.61,14.28,148887,211295400.0,6.7,4.91,-3.38,-0.5
2015-04-27,14.49,14.49,13.98,14.16,112242,158966840.0,3.57,3.7,-0.84,-0.12
2015-04-28,14.1,14.16,13.55,13.56,96115,132236169.0,4.31,3.17,-4.24,-0.6
2015-04-29,13.56,14.2,13.56,13.86,86056,120265603.0,4.72,2.84,2.21,0.3
2015-04-30,13.86,15.25,13.86,15.25,241206,360473104.0,10.03,7.96,10.03,1.39
2015-05-04,15.25,15.58,14.85,14.89,136170,206538592.0,4.79,4.49,-2.36,-0.36
2015-05-05,14.56,14.68,13.75,14.0,152940,216300531.0,6.25,5.05,-5.98,-0.89
2015-05-06,14.05,14.2,13.41,13.55,83108,115594038.0,5.64,2.74,-3.21,-0.45
2015-05-07,13.5,13.55,12.91,13.0,69300,91246300.0,4.72,2.29,-4.06,-0.55
2015-05-08,13.22,14.3,13.22,14.16,147521,204826787.0,8.31,4.87,8.92,1.16
2015-05-11,14.25,14.57,13.78,14.44,103485,147758146.0,5.58,3.42,1.98,0.28
2015-05-12,14.48,15.21,14.45,14.8,139125,206366532.0,5.26,4.59,2.49,0.36
2015-05-13,14.82,15.71,14.62,14.92,184606,281863952.0,7.36,6.09,0.81,0.12
2015-05-14,14.95,15.61,14.86,15.28,131313,200484878.0,5.03,4.33,2.41,0.36
2015-05-15,15.31,16.81,15.0,16.78,264912,427920576.0,11.85,8.74,9.82,1.5
2015-05-18,16.36,18.34,16.02,17.91,231676,403513168.0,13.83,7.65,6.73,1.13
2015-05-19,17.91,18.6,17.37,17.79,151564,271204080.0,6.87,5.0,-0.67,-0.12
2015-05-20,17.85,19.57,17.85,19.32,152701,290444496.0,9.67,5.04,8.6,1.53
2015-05-21,19.48,21.25,18.88,21.25,136546,280422448.0,12.27,4.51,9.99,1.93
2015-05-22,21.25,23.38,20.23,23.15,231324,514441776.0,14.82,7.64,8.94,1.9
2015-05-25,22.42,23.86,21.52,22.53,206424,467858704.0,10.11,6.81,-2.68,-0.62
2015-05-26,22.72,23.0,21.85,22.25,165743,369579552.0,5.1,5.47,-1.24,-0.28
2015-05-27,22.25,24.48,21.65,24.48,254247,603544048.0,12.72,8.39,10.02,2.23
2015-05-28,24.66,26.93,24.66,24.87,273248,715243408.0,9.27,9.02,1.59,0.39
2015-05-29,24.87,26.56,22.38,25.36,172183,431183632.0,16.81,5.68,1.97,0.49
2015-06-01,25.37,26.88,25.07,25.55,127599,330875104.0,7.14,4.21,0.75,0.19
2015-06-02,25.58,26.71,24.02,25.66,160298,406787008.0,10.53,5.29,0.43,0.11
2015-06-03,25.47,25.66,24.0,24.09,128396,317530992.0,6.47,4.24,-6.12,-1.57
2015-06-04,24.16,24.49,21.68,22.94,145237,329366816.0,11.66,4.79,-4.77,-1.15
2015-06-05,23.63,24.0,22.5,23.41,111997,263005814.0,6.54,3.7,2.05,0.47
2015-06-08,23.0,23.07,22.0,22.56,113639,255761666.0,4.57,3.75,-3.63,-0.85
2015-06-09,22.51,23.99,22.18,23.71,117331,275324416.0,8.02,3.87,5.1,1.15
2015-06-10,23.68,24.68,22.5,23.74,113618,273595984.0,9.19,3.75,0.13,0.03
2015-06-11,23.73,24.16,23.16,23.16,87005,204555886.0,4.21,2.87,-2.44,-0.58
2015-06-12,23.1,24.98,22.81,24.37,129062,306354096.0,9.37,4.26,5.22,1.21
2015-06-15,24.38,24.86,22.8,23.33,113106,272421392.0,8.45,3.73,-4.27,-1.04
2015-06-16,22.95,22.95,21.0,21.13,117559,257571038.0,8.36,3.88,-9.43,-2.2
2015-06-17,21.13,22.12,19.5,22.12,114000,235116134.0,12.4,3.76,4.69,0.99
2015-06-18,22.12,22.61,21.6,21.75,83863,186245739.0,4.57,2.77,-1.67,-0.37
2015-06-19,21.68,21.68,19.58,19.58,76275,155788469.0,9.66,2.52,-9.98,-2.17
2015-06-23,19.35,20.1,17.62,18.78,96406,177538696.0,12.67,3.18,-4.09,-0.8
2015-06-24,18.9,20.66,18.9,20.66,121911,241458441.0,9.37,4.02,10.01,1.88
2015-06-25,20.85,22.2,20.5,21.4,146526,312902624.0,8.23,4.84,3.58,0.74
2015-06-26,21.24,22.75,19.26,20.91,214834,450642400.0,16.31,7.09,-2.29,-0.49
2015-06-29,21.59,22.01,18.82,18.82,161771,325472288.0,15.26,5.34,-10.0,-2.09
2015-06-30,17.4,19.61,16.94,19.2,155015,283202768.0,14.19,5.12,2.02,0.38
2015-07-01,18.9,19.4,17.28,17.28,104726,192297343.0,11.04,3.46,-10.0,-1.92
2015-07-02,17.27,17.28,15.55,15.55,109356,172646666.0,10.01,3.61,-10.01,-1.73
2015-07-03,14.0,14.87,14.0,14.0,95795,135412782.0,5.59,3.16,-9.97,-1.55
2015-07-06,15.25,15.35,12.6,12.6,155993,208689469.0,19.64,5.15,-10.0,-1.4
2015-07-07,11.34,11.34,11.34,11.34,59392,67350528.0,0.0,1.96,-10.0,-1.26
2015-07-08,10.21,10.21,10.21,10.21,98310,100374510.0,0.0,3.24,-9.96,-1.13
2015-07-09,9.19,11.23,9.19,11.23,335350,339157056.0,19.98,11.07,9.99,1.02
2015-07-10,11.19,12.35,11.15,12.35,197517,239775778.0,10.69,6.52,9.97,1.12
2015-07-13,12.98,13.59,12.48,13.59,200276,263578913.0,8.99,6.61,10.04,1.24
2015-07-14,13.75,14.8,13.0,13.52,211449,293954256.0,13.25,6.98,-0.52,-0.07
2015-07-15,13.1,13.3,12.17,12.17,173095,215453458.0,8.36,5.71,-9.99,-1.35
2015-07-16,11.1,12.68,11.05,12.26,110133,133200122.0,13.39,3.64,0.74,0.09
2015-07-17,12.3,13.22,12.3,12.6,131136,167166837.0,7.5,4.33,2.77,0.34
2015-07-20,12.5,13.11,12.05,13.0,186616,235489530.0,8.41,6.16,3.17,0.4
2015-07-21,12.69,13.65,12.51,13.08,177870,232609879.0,8.77,5.87,0.62,0.08
2015-07-22,13.02,13.26,12.52,12.98,138845,179093914.0,5.66,4.58,-0.76,-0.1
2015-07-23,12.97,14.2,12.62,14.14,219880,294025072.0,12.17,7.26,8.94,1.16
2015-07-24,14.08,14.39,13.35,13.4,238062,329821568.0,7.36,7.86,-5.23,-0.74
2015-07-27,12.9,13.11,12.06,12.06,192791,241246683.0,7.84,6.36,-10.0,-1.34
2015-07-28,10.9,12.0,10.85,10.93,148856,166411772.0,9.54,4.91,-9.37,-1.13
2015-07-29,11.2,12.02,11.0,12.02,147223,169333758.0,9.33,4.86,9.97,1.09
2015-07-30,12.31,13.0,11.91,12.13,124194,156474170.0,9.07,4.1,0.92,0.11
2015-07-31,11.79,12.48,11.7,12.06,80636,98248969.0,6.43,2.66,-0.58,-0.07
2015-08-03,11.98,12.25,10.85,10.85,89362,101494285.0,11.61,2.95,-10.03,-1.21
2015-08-04,11.0,11.91,10.98,11.9,94606,107339685.0,8.57,3.12,9.68,1.05
2015-08-05,11.9,12.09,11.48,11.6,146192,172253006.0,5.13,4.83,-2.52,-0.3
2015-08-06,11.3,11.7,11.18,11.36,49795,56869098.0,4.48,1.64,-2.07,-0.24
2015-08-07,11.4,11.95,11.4,11.93,67480,79433728.0,4.84,2.23,5.02,0.57
2015-08-10,12.17,13.12,11.88,13.12,103862,130490266.0,10.39,3.43,9.97,1.19
2015-08-11,13.34,14.43,13.13,14.43,257229,364464576.0,9.91,8.49,9.98,1.31
2015-08-12,14.88,15.0,14.0,14.11,232869,337670240.0,6.93,7.69,-2.22,-0.32
2015-08-13,13.8,14.87,13.35,14.72,302137,431180624.0,10.77,9.97,4.32,0.61
2015-08-14,15.17,16.19,14.29,16.19,306461,461322464.0,12.91,10.11,9.99,1.47
2015-08-17,16.6,16.81,15.51,15.76,340692,547218032.0,8.03,11.24,-2.66,-0.43
2015-08-18,15.86,15.86,14.18,14.18,282658,416130944.0,10.66,9.33,-10.03,-1.58
2015-08-19,13.11,14.6,12.77,14.05,190070,257056488.0,12.91,6.27,-0.92,-0.13
2015-08-20,13.4,14.75,13.2,13.25,179832,251164495.0,11.03,5.94,-5.69,-0.8
2015-08-21,13.29,13.31,11.93,11.94,146598,184349267.0,10.42,4.84,-9.89,-1.31
2015-08-24,10.78,11.28,10.75,10.75,69047,74495262.0,4.44,2.28,-9.97,-1.19
2015-08-25,9.68,10.03,9.68,9.68,145193,141378763.0,3.26,4.79,-9.95,-1.07
2015-08-26,9.68,10.18,8.88,9.17,172931,166967716.0,13.43,5.71,-5.27,-0.51
2015-08-27,9.5,9.66,8.7,9.54,107325,100066347.0,10.47,3.54,4.03,0.37
2015-08-28,9.75,10.49,9.68,10.41,134504,134845230.0,8.49,4.44,9.12,0.87
2015-08-31,10.21,10.36,9.7,9.72,90933,91359985.0,6.34,3.0,-6.63,-0.69
2015-09-01,9.74,9.75,8.94,9.3,110899,103046255.0,8.33,3.66,-4.32,-0.42
2015-09-02,8.86,9.68,8.41,8.61,102384,92336841.0,13.66,3.38,-7.42,-0.69
2015-09-07,8.99,9.29,8.7,8.79,73106,65791208.0,6.85,2.41,2.09,0.18
2015-09-08,8.8,9.45,8.71,9.36,66642,60012837.0,8.42,2.2,6.48,0.57
2015-09-09,9.4,9.94,9.3,9.86,97984,94795798.0,6.84,3.23,5.34,0.5
2015-09-10,9.62,9.94,9.3,9.36,127567,122282044.0,6.49,4.21,-5.07,-0.5
2015-09-11,9.34,9.51,9.0,9.32,105145,97839583.0,5.45,3.47,-0.43,-0.04
2015-09-14,9.45,9.58,8.39,8.39,131209,118409209.0,12.77,4.33,-9.98,-0.93
2015-09-15,7.98,8.2,7.55,7.86,129048,101360107.0,7.75,4.26,-6.32,-0.53
2015-09-16,7.86,8.65,7.85,8.64,89680,73752542.0,10.18,2.96,9.92,0.78
2015-09-17,8.6,9.2,8.3,8.31,104269,90845552.0,10.42,3.44,-3.82,-0.33
2015-09-18,8.46,8.68,8.32,8.53,54941,46700797.0,4.33,1.81,2.65,0.22
2015-09-21,8.34,8.83,8.21,8.71,69033,59463512.0,7.27,2.28,2.11,0.18
2015-09-22,8.72,9.18,8.65,9.14,103111,91977178.0,6.08,3.4,4.94,0.43
2015-09-23,8.88,9.0,8.6,8.79,77722,68667964.0,4.38,2.57,-3.83,-0.35
2015-09-24,8.81,9.02,8.79,8.92,59294,52699403.0,2.62,1.96,1.48,0.13
2015-09-25,8.88,8.9,8.2,8.33,59676,51043380.0,7.85,1.97,-6.61,-0.59
2015-09-28,8.46,8.59,8.15,8.44,41926,35175321.0,5.28,1.38,1.32,0.11
2015-09-29,8.2,8.36,8.15,8.21,37487,30927167.0,2.49,1.24,-2.73,-0.23
2015-09-30,8.25,8.42,8.2,8.27,33979,28271751.0,2.68,1.12,0.73,0.06
2015-10-08,8.6,8.79,8.45,8.67,71099,61518255.0,4.11,2.35,4.84,0.4
2015-10-09,8.7,8.97,8.61,8.9,123938,109354666.0,4.15,4.09,2.65,0.23
2015-10-12,9.0,9.57,8.9,9.4,188627,174710357.0,7.53,6.23,5.62,0.5
2015-10-13,9.35,9.65,9.3,9.52,141953,134689000.0,3.72,4.69,1.28,0.12
2015-10-14,9.45,9.94,9.45,9.5,159999,155178304.0,5.15,5.28,-0.21,-0.02
2015-10-15,9.42,9.94,9.32,9.92,138540,134295516.0,6.53,4.57,4.42,0.42
2015-10-16,9.94,10.38,9.81,10.21,189720,191376633.0,5.75,6.26,2.92,0.29
2015-10-19,10.21,11.23,10.02,11.23,282651,300598176.0,11.85,9.33,9.99,1.02
2015-10-20,11.02,11.27,10.56,11.0,222634,243304553.0,6.32,7.35,-2.05,-0.23
2015-10-21,10.9,11.51,9.9,9.9,263470,283476320.0,14.64,8.7,-10.0,-1.1
2015-10-22,9.71,10.89,9.71,10.89,224225,235532652.0,11.92,7.4,10.0,0.99
2015-10-23,11.0,11.98,10.96,11.93,313440,364011392.0,9.37,10.35,9.55,1.04
2015-10-26,11.69,11.83,11.31,11.58,242709,280919200.0,4.36,8.01,-2.93,-0.35
2015-10-27,11.45,11.67,10.73,11.42,148929,166772667.0,8.12,4.92,-1.38,-0.16
2015-10-28,11.42,11.96,11.2,11.2,132015,153166665.0,6.65,4.36,-1.93,-0.22
2015-10-29,11.29,12.32,11.29,12.32,242067,294083488.0,9.2,7.99,10.0,1.12
2015-10-30,12.78,12.86,12.06,12.1,351650,440785280.0,6.49,11.61,-1.79,-0.22
2015-11-02,11.22,11.8,10.89,11.07,169172,190733603.0,7.52,5.58,-8.51,-1.03
2015-11-03,11.16,11.4,10.72,10.89,89046,98550181.0,6.14,2.94,-1.63,-0.18
2015-11-04,11.01,11.49,11.01,11.45,110952,125327531.0,4.41,3.66,5.14,0.56
2015-11-05,11.3,12.0,11.2,11.86,206525,236713822.0,6.99,6.82,3.58,0.41
2015-11-06,11.66,12.74,11.66,12.23,192290,236394804.0,9.11,6.35,3.12,0.37
2015-11-09,12.0,12.38,11.7,12.15,162086,195325020.0,5.56,5.35,-0.65,-0.08
2015-11-10,12.08,12.5,11.95,12.3,141231,173005211.0,4.53,4.66,1.23,0.15
2015-11-11,12.31,13.51,12.15,12.97,232091,298237008.0,11.06,7.66,5.45,0.67
2015-11-12,12.85,13.39,12.5,12.67,172277,221849284.0,6.86,5.69,-2.31,-0.3
2015-11-13,12.6,12.72,12.04,12.46,135760,168362265.0,5.37,4.48,-1.66,-0.21
2015-11-16,12.19,12.8,12.1,12.8,101725,127957422.0,5.62,3.36,2.73,0.34
2015-11-17,13.0,13.11,12.42,12.5,118854,151848001.0,5.39,3.92,-2.34,-0.3
2015-11-18,12.46,12.65,12.02,12.06,91878,113666376.0,5.04,3.03,-3.52,-0.44
2015-11-19,12.11,12.35,11.96,12.28,69953,85046885.0,3.23,2.31,1.82,0.22
2015-11-20,12.36,12.7,12.15,12.44,110368,137827683.0,4.48,3.64,1.3,0.16
2015-11-23,12.35,12.66,12.2,12.35,108252,134631294.0,3.7,3.57,-0.72,-0.09
2015-11-24,12.35,12.52,12.14,12.52,85946,106188800.0,3.08,2.84,1.38,0.17
2015-11-25,12.51,12.92,12.42,12.78,126435,160889882.0,3.99,4.17,2.08,0.26
2015-11-26,12.97,12.97,12.39,12.42,107915,136238309.0,4.54,3.56,-2.82,-0.36
2015-11-27,12.01,12.65,11.33,11.51,119619,145722515.0,10.63,3.95,-7.33,-0.91
2015-11-30,11.52,11.69,10.6,11.49,92991,105236893.0,9.47,3.07,-0.17,-0.02
2015-12-01,11.41,12.64,11.1,12.64,60570,74823810.0,13.4,2.0,10.01,1.15
2015-12-02,13.45,13.9,12.9,13.11,402934,546107024.0,7.91,13.3,3.72,0.47
2015-12-03,12.96,14.42,12.72,14.42,306063,422684880.0,12.97,10.1,9.99,1.31
2015-12-04,14.5,15.86,14.42,15.86,368849,563878384.0,9.99,12.17,9.99,1.44
2015-12-07,16.6,16.8,14.88,15.62,491668,781037904.0,12.11,16.23,-1.51,-0.24
2015-12-08,15.02,15.45,14.62,14.7,316590,474085088.0,5.31,10.45,-5.89,-0.92
2015-12-09,14.89,15.74,14.3,14.5,289028,432198624.0,9.8,9.54,-1.36,-0.2
2015-12-10,14.03,14.72,14.03,14.35,182800,261779884.0,4.76,6.03,-1.03,-0.15
2015-12-11,14.35,14.58,13.7,13.86,148959,211014121.0,6.13,4.92,-3.41,-0.49
2015-12-14,13.78,14.35,13.4,14.31,143648,201459891.0,6.85,4.74,3.25,0.45
2015-12-15,14.25,14.72,14.18,14.53,150414,216995034.0,3.77,4.96,1.54,0.22
2015-12-16,14.47,14.68,14.1,14.11,120283,172823398.0,3.99,3.97,-2.89,-0.42
2015-12-17,14.18,14.91,14.07,14.85,190550,279496160.0,5.95,6.29,5.24,0.74
2015-12-18,14.69,14.78,14.2,14.46,121018,175531252.0,3.91,3.99,-2.63,-0.39
2015-12-21,14.2,14.69,14.2,14.61,114756,166045522.0,3.39,3.79,1.04,0.15
2015-12-22,14.6,16.0,14.6,15.33,233839,357097632.0,9.58,7.72,4.93,0.72
2015-12-23,15.09,16.8,14.98,16.0,320007,509194208.0,11.87,10.56,4.37,0.67
2015-12-24,15.69,15.92,15.01,15.13,157378,240404151.0,5.69,5.19,-5.44,-0.87
2015-12-25,15.12,15.63,14.6,14.97,138844,210638970.0,6.81,4.58,-1.06,-0.16
2015-12-28,15.03,15.18,13.86,14.05,170279,245915937.0,8.82,5.62,-6.15,-0.92
2015-12-29,13.95,14.32,13.88,14.31,92676,130568672.0,3.13,3.06,1.85,0.26
2015-12-30,14.35,14.57,14.15,14.35,68545,98539647.0,2.94,2.26,0.28,0.04
2015-12-31,14.35,14.35,13.78,13.9,75974,107200730.0,3.97,2.51,-3.14,-0.45
2016-01-04,13.83,13.98,12.51,12.51,81841,106682976.0,10.58,2.7,-10.0,-1.39
2016-01-05,11.5,12.5,11.31,11.94,106831,127104399.0,9.51,3.53,-4.56,-0.57
2016-01-06,12.03,12.45,11.9,12.35,70138,85180838.0,4.61,2.31,3.43,0.41
2016-01-07,12.0,12.05,11.12,11.12,20423,23489118.0,7.53,0.67,-9.96,-1.23
2016-01-08,11.4,11.5,10.2,11.06,85746,95348676.0,11.69,2.83,-0.54,-0.06
2016-01-11,10.9,10.9,9.95,9.95,94393,96915522.0,8.59,3.12,-10.04,-1.11
2016-01-12,9.7,9.93,9.36,9.71,80217,77709174.0,5.73,2.65,-2.41,-0.24
2016-01-13,9.8,9.94,9.03,9.07,82903,79082722.0,9.37,2.74,-6.59,-0.64
2016-01-14,8.68,9.5,8.33,9.48,94897,86848292.0,12.9,3.13,4.52,0.41
2016-01-15,9.38,9.9,9.33,9.49,114449,110503153.0,6.01,3.78,0.11,0.01
2016-01-18,9.19,10.44,9.1,10.44,81312,80879270.0,14.12,2.68,10.01,0.95
2016-01-19,10.81,11.41,10.47,11.15,154640,169386719.0,9.0,5.1,6.8,0.71
2016-01-20,11.0,11.03,10.6,10.78,93545,101419617.0,3.86,3.09,-3.32,-0.37
2016-01-21,10.4,11.3,10.3,10.3,94658,103137445.0,9.28,3.12,-4.45,-0.48
2016-01-22,10.5,10.79,10.3,10.68,64362,68021262.0,4.76,2.12,3.69,0.38
2016-01-25,10.67,10.99,10.57,10.83,52396,56742899.0,3.93,1.73,1.4,0.15
2016-01-26,10.8,10.8,9.94,10.31,93862,97256144.0,7.94,3.1,-4.8,-0.52
2016-01-27,10.11,10.75,9.78,10.75,78468,79432681.0,9.41,2.59,4.27,0.44
2016-01-28,10.71,11.83,10.57,11.02,134365,152369571.0,11.72,4.43,2.51,0.27
2016-01-29,10.61,11.44,10.5,11.04,102646,112754599.0,8.53,3.39,0.18,0.02
2016-02-01,10.87,11.25,10.3,10.55,74099,80290458.0,8.61,2.45,-4.44,-0.49
2016-02-02,10.4,11.14,10.31,11.04,75357,82302106.0,7.87,2.49,4.64,0.49
2016-02-03,11.04,11.51,10.79,11.18,120766,135228664.0,6.52,3.99,1.27,0.14
2016-02-04,11.16,12.3,11.01,12.3,280339,335352368.0,11.54,9.25,10.02,1.12
2016-02-05,12.47,12.54,11.3,11.44,266212,317283600.0,10.08,8.79,-6.99,-0.86
2016-02-15,10.65,11.47,10.5,11.16,116601,128080660.0,8.48,3.85,-2.45,-0.28
2016-02-16,11.2,12.28,11.05,12.28,132878,159101913.0,11.02,4.39,10.04,1.12
2016-02-17,12.62,13.51,12.3,13.51,304923,389938512.0,9.85,10.06,10.02,1.23
2016-02-18,13.9,14.86,13.81,14.86,347483,501033840.0,7.77,11.47,9.99,1.35
2016-02-19,15.26,15.5,13.83,14.11,466921,675449984.0,11.24,15.41,-5.05,-0.75
2016-02-22,14.24,14.38,13.9,14.19,310567,439803280.0,3.4,10.25,0.57,0.08
2016-02-23,14.05,14.25,13.55,13.82,252679,349963312.0,4.93,8.34,-2.61,-0.37
2016-02-24,13.53,14.15,13.43,14.0,249855,345586560.0,5.21,8.25,1.3,0.18
2016-02-25,13.91,13.91,12.6,12.6,237808,308855136.0,9.36,7.85,-10.0,-1.4
2016-02-26,12.38,12.75,11.8,12.06,177148,216723533.0,7.54,5.85,-4.29,-0.54
2016-02-29,12.05,12.1,10.85,10.85,157145,174566174.0,10.36,5.19,-10.03,-1.21
2016-03-01,10.86,11.79,10.56,11.47,170525,192368377.0,11.34,5.63,5.71,0.62
2016-03-02,11.4,12.25,11.24,12.01,199363,234829578.0,8.81,6.58,4.71,0.54
2016-03-03,11.9,12.65,11.81,11.95,200858,245338359.0,6.99,6.63,-0.5,-0.06
2016-03-04,12.06,12.79,11.38,11.83,213549,259784804.0,11.8,7.05,-1.0,-0.12
2016-03-07,12.05,12.67,11.8,12.6,195486,239113487.0,7.35,6.45,6.51,0.77
2016-03-08,12.37,12.58,11.56,12.34,158771,192370278.0,8.1,5.24,-2.06,-0.26
2016-03-09,12.15,13.53,11.69,12.67,277336,355751520.0,14.91,9.15,2.67,0.33
2016-03-10,12.32,12.63,11.85,11.91,194470,237559592.0,6.16,6.42,-6.0,-0.76
2016-03-11,11.6,11.76,11.13,11.39,126104,144074385.0,5.29,4.16,-4.37,-0.52
2016-03-14,11.68,12.09,11.53,11.75,119986,141826402.0,4.92,3.96,3.16,0.36
2016-03-15,11.71,12.19,11.6,11.68,92868,109984044.0,5.02,3.07,-0.6,-0.07
2016-03-16,11.95,12.02,11.2,11.26,126283,145064907.0,7.02,4.17,-3.6,-0.42
2016-03-17,11.37,11.65,11.25,11.6,100863,115829353.0,3.55,3.33,3.02,0.34
2016-03-18,11.72,12.3,11.65,12.16,176250,212146152.0,5.6,5.82,4.83,0.56
2016-03-21,12.28,12.96,12.12,12.7,216230,269639312.0,6.91,7.14,4.44,0.54
2016-03-22,12.39,12.65,12.36,12.39,148247,184917884.0,2.28,4.89,-2.44,-0.31
2016-03-23,12.35,12.96,12.35,12.7,162246,205276205.0,4.92,5.36,2.5,0.31
2016-03-24,12.44,12.68,12.09,12.1,140401,173990710.0,4.65,4.63,-4.72,-0.6
2016-03-25,12.27,12.8,12.16,12.54,133533,167271484.0,5.29,4.41,3.64,0.44
2016-03-28,12.5,12.85,12.2,12.38,131940,165504490.0,5.18,4.35,-1.28,-0.16
2016-03-29,12.42,12.49,11.8,11.9,96514,116214892.0,5.57,3.19,-3.88,-0.48
2016-03-30,12.05,12.5,12.0,12.39,88539,108162103.0,4.2,2.92,4.12,0.49
2016-03-31,12.42,12.68,12.36,12.49,121949,152184645.0,2.58,4.02,0.81,0.1
2016-04-01,12.55,12.66,12.13,12.54,105417,131038058.0,4.24,3.48,0.4,0.05
2016-04-05,12.5,12.84,12.4,12.84,148716,189010478.0,3.51,4.91,2.39,0.3
2016-04-06,12.71,13.1,12.6,12.8,140608,180728138.0,3.89,4.64,-0.31,-0.04
2016-04-07,12.85,12.85,12.28,12.29,135923,169618714.0,4.45,4.49,-3.98,-0.51
2016-04-08,12.61,12.99,12.3,12.55,170685,216260379.0,5.61,5.63,2.12,0.26
2016-04-11,12.45,12.75,12.31,12.68,149540,188251998.0,3.51,4.94,1.04,0.13
2016-04-12,12.53,12.64,12.26,12.47,101979,126314081.0,3.0,3.37,-1.66,-0.21
2016-04-13,12.47,12.73,12.47,12.5,135016,170416444.0,2.09,4.46,0.24,0.03
2016-04-14,12.59,12.99,12.5,12.89,175377,223121589.0,3.92,5.79,3.12,0.39
2016-04-15,12.88,13.2,12.76,12.94,165352,214834216.0,3.41,5.46,0.39,0.05
2016-04-18,12.84,13.09,12.55,12.97,125696,160873298.0,4.17,4.15,0.23,0.03
2016-04-19,12.96,13.87,12.96,13.39,251557,337642864.0,7.02,8.3,3.24,0.42
2016-04-20,13.28,13.59,12.12,13.26,259084,334662400.0,10.98,8.55,-0.97,-0.13
2016-04-21,12.7,13.9,12.6,13.09,291263,390051200.0,9.8,9.61,-1.28,-0.17
2016-04-22,13.0,13.09,12.43,12.6,138542,176421124.0,5.04,4.57,-3.74,-0.49
2016-04-25,12.6,12.6,11.8,12.01,137478,165995260.0,6.35,4.54,-4.68,-0.59
2016-04-26,12.03,12.18,11.95,12.15,76359,92147772.0,1.92,2.52,1.17,0.14
2016-04-27,12.2,12.6,12.13,12.26,107670,133619488.0,3.87,3.55,0.91,0.11
2016-04-28,12.39,12.77,12.16,12.53,110289,137391141.0,4.98,3.64,2.2,0.27
2016-04-29,12.4,12.56,12.19,12.33,70869,87598518.0,2.95,2.34,-1.6,-0.2
2016-05-03,12.3,12.56,12.22,12.55,74560,92836455.0,2.76,2.46,1.78,0.22
2016-05-04,12.47,12.77,12.42,12.6,87999,110562339.0,2.79,2.9,0.4,0.05
2016-05-05,12.53,12.66,12.3,12.48,89604,111806466.0,2.86,2.96,-0.95,-0.12
2016-05-06,12.51,12.51,11.68,11.71,147460,177679016.0,6.65,4.87,-6.17,-0.77
2016-05-09,11.46,11.46,10.59,10.65,97440,107192390.0,7.43,3.22,-9.05,-1.06
2016-05-10,10.64,10.83,10.57,10.62,50832,54345016.0,2.44,1.68,-0.28,-0.03
2016-05-11,10.67,10.78,10.57,10.62,46866,50155747.0,1.98,1.55,0.0,0.0
2016-05-12,10.57,10.57,9.95,10.28,62727,63804895.0,5.84,2.07,-3.2,-0.34
2016-05-13,10.21,10.38,9.96,10.04,49310,50138961.0,4.09,1.63,-2.33,-0.24
2016-05-16,10.12,10.36,10.05,10.35,43915,44837464.0,3.09,1.45,3.09,0.31
2016-05-17,10.3,10.9,10.25,10.59,71701,75751874.0,6.28,2.37,2.32,0.24
2016-05-18,10.46,10.46,10.0,10.18,58319,59343982.0,4.34,1.92,-3.87,-0.41
2016-05-19,10.2,10.37,10.09,10.13,45252,46288583.0,2.75,1.49,-0.49,-0.05
2016-05-20,10.01,10.26,9.81,10.21,39431,39960190.0,4.44,1.3,0.79,0.08
2016-05-23,10.3,10.39,10.15,10.32,54054,55744677.0,2.35,1.78,1.08,0.11
2016-05-24,10.25,10.32,10.1,10.15,29834,30374843.0,2.13,0.98,-1.65,-0.17
2016-05-25,10.3,10.3,10.11,10.19,33615,34293828.0,1.87,1.11,0.39,0.04
2016-05-26,10.22,10.26,9.89,10.15,45178,45352573.0,3.63,1.49,-0.39,-0.04
2016-05-27,10.15,10.56,10.07,10.39,82576,85556500.0,4.83,2.73,2.36,0.24
2016-05-30,10.25,10.27,10.03,10.15,40663,41412556.0,2.31,1.34,-2.31,-0.24
2016-05-31,10.22,10.56,10.1,10.55,79869,83388582.0,4.53,2.64,3.94,0.4
2016-06-01,10.5,10.62,10.47,10.54,65297,68962389.0,1.42,2.16,-0.09,-0.01
2016-06-02,10.52,10.79,10.49,10.69,68759,73121822.0,2.85,2.27,1.42,0.15
2016-06-03,10.69,10.76,10.57,10.67,66590,70906693.0,1.78,2.2,-0.19,-0.02
2016-06-06,10.68,11.2,10.52,10.97,119622,130616778.0,6.37,3.95,2.81,0.3
2016-06-07,10.84,10.92,10.55,10.75,74007,79460083.0,3.37,2.44,-2.01,-0.22
2016-06-08,10.71,10.75,10.52,10.67,44636,47438582.0,2.14,1.47,-0.74,-0.08
2016-06-13,10.4,10.58,10.0,10.0,52652,54167382.0,5.44,1.74,-6.28,-0.67
2016-06-14,10.01,10.13,9.9,10.1,34723,34782919.0,2.3,1.15,1.0,0.1
2016-06-15,9.96,10.35,9.88,10.26,48135,49157138.0,4.65,1.59,1.58,0.16
2016-06-16,10.2,10.33,10.08,10.11,38110,38838937.0,2.44,1.26,-1.46,-0.15
2016-06-17,10.15,10.5,10.15,10.35,58797,60601360.0,3.46,1.94,2.37,0.24
2016-06-20,10.17,10.24,9.99,10.14,55511,56067479.0,2.42,1.83,-2.03,-0.21
2016-06-21,10.21,10.28,10.0,10.04,37728,38210151.0,2.76,1.25,-0.99,-0.1
2016-06-22,10.04,10.34,9.97,10.27,58013,59383870.0,3.69,1.91,2.29,0.23
2016-06-23,10.34,10.67,10.31,10.39,81079,84931419.0,3.51,2.68,1.17,0.12
2016-06-24,10.4,10.69,10.01,10.48,104797,108725325.0,6.54,3.46,0.87,0.09
2016-06-27,10.27,10.79,10.27,10.7,155006,164468278.0,4.96,5.12,2.1,0.22
2016-06-28,10.62,11.06,10.55,10.8,136099,147282207.0,4.77,4.49,0.93,0.1
2016-06-29,10.88,10.92,10.6,10.66,91470,97908191.0,2.96,3.02,-1.3,-0.14
2016-06-30,10.65,10.72,10.52,10.61,62321,66013341.0,1.88,2.06,-0.47,-0.05
2016-07-01,10.66,10.96,10.2,10.79,119316,128597831.0,7.16,3.94,1.7,0.18
2016-07-29,11.0,11.87,10.9,11.87,102099,117080164.0,8.99,3.37,10.01,1.08
2016-08-01,11.95,12.4,11.25,11.33,282802,332267024.0,9.69,9.33,-4.55,-0.54
2016-08-02,11.34,12.03,11.08,12.03,262014,303214128.0,8.38,8.65,6.18,0.7
2016-08-03,11.8,12.5,11.62,12.1,349148,427507904.0,7.32,11.52,0.58,0.07
2016-08-04,11.95,11.97,11.6,11.87,198849,233848714.0,3.06,6.56,-1.9,-0.23
2016-08-05,11.75,11.75,11.4,11.57,151486,175260913.0,2.95,5.0,-2.53,-0.3
2016-08-08,11.49,11.66,11.45,11.57,100940,116722455.0,1.82,3.33,0.0,0.0
2016-08-09,11.6,11.65,11.25,11.5,143965,164289662.0,3.46,4.75,-0.61,-0.07
2016-08-10,11.44,11.64,11.33,11.58,140475,161437412.0,2.7,4.64,0.7,0.08
2016-08-11,11.49,11.53,11.1,11.15,109704,123972336.0,3.71,3.62,-3.71,-0.43
2016-08-12,11.19,11.26,11.0,11.23,76347,84876567.0,2.33,2.52,0.72,0.08
2016-08-15,11.29,11.52,11.16,11.42,104388,118750088.0,3.21,3.45,1.69,0.19
2016-08-16,11.41,11.88,11.31,11.7,174615,202913757.0,4.99,5.76,2.45,0.28
2016-08-17,11.68,12.29,11.6,11.69,220864,263552881.0,5.9,7.29,-0.09,-0.01
2016-08-18,11.52,12.27,11.52,12.22,249438,296269264.0,6.42,8.23,4.53,0.53
2016-08-19,12.05,12.14,11.8,11.86,136687,162643951.0,2.78,4.51,-2.95,-0.36
2016-08-22,11.79,11.86,11.21,11.31,95449,110540964.0,5.48,3.15,-4.64,-0.55
2016-08-23,11.4,11.44,11.25,11.35,56946,64568985.0,1.68,1.88,0.35,0.04
2016-08-24,11.34,11.8,11.31,11.48,76633,88667929.0,4.32,2.53,1.15,0.13
2016-08-25,11.35,11.37,10.97,11.1,99796,110671651.0,3.48,3.29,-3.31,-0.38
2016-08-26,11.12,11.23,10.98,11.03,58798,65437219.0,2.25,1.94,-0.63,-0.07
2016-08-29,10.98,11.19,10.92,11.05,40687,45031945.0,2.45,1.34,0.18,0.02
2016-08-30,11.01,11.19,11.01,11.12,41761,46433858.0,1.63,1.38,0.63,0.07
2016-08-31,11.13,11.14,11.0,11.05,41764,46176487.0,1.26,1.38,-0.63,-0.07
2016-09-01,11.02,11.07,10.78,10.79,60384,66010637.0,2.62,1.99,-2.35,-0.26
2016-09-02,10.8,10.88,10.52,10.65,43364,46409650.0,3.34,1.43,-1.3,-0.14
2016-09-05,10.69,10.83,10.64,10.78,37651,40387553.0,1.78,1.24,1.22,0.13
2016-09-06,10.73,10.86,10.53,10.84,44548,47831318.0,3.06,1.47,0.56,0.06
2016-09-07,10.81,11.05,10.81,10.83,51327,55980703.0,2.21,1.69,-0.09,-0.01
2016-09-08,10.83,10.89,10.69,10.78,48184,51984991.0,1.85,1.59,-0.46,-0.05
2016-09-09,10.75,10.89,10.67,10.75,39760,42943156.0,2.04,1.31,-0.28,-0.03
2016-09-12,10.62,10.9,10.5,10.51,64545,68852018.0,3.72,2.13,-2.23,-0.24
2016-09-13,10.55,10.77,10.55,10.61,33869,35972954.0,2.09,1.12,0.95,0.1
2016-09-14,10.56,10.59,10.32,10.33,41009,42810131.0,2.54,1.35,-2.64,-0.28
2016-09-19,10.33,10.46,10.33,10.4,43157,44780995.0,1.26,1.42,0.68,0.07
2016-09-20,10.42,10.54,10.32,10.51,35170,36656575.0,2.12,1.16,1.06,0.11
2016-09-21,10.5,10.51,10.41,10.42,29835,31214605.0,0.95,0.98,-0.86,-0.09
2016-09-22,10.52,10.58,10.45,10.48,33803,35551513.0,1.25,1.12,0.58,0.06
2016-09-23,10.57,10.57,10.44,10.51,25470,26703428.0,1.24,0.84,0.29,0.03
2016-09-26,10.5,10.59,10.16,10.19,37834,39478564.0,4.09,1.25,-3.04,-0.32
2016-09-27,10.09,10.25,10.07,10.22,31933,32420350.0,1.77,1.05,0.29,0.03
2016-09-28,10.23,10.63,10.12,10.45,47769,49520831.0,4.99,1.58,2.25,0.23
2016-09-29,10.52,10.53,10.37,10.39,29814,31052428.0,1.53,0.98,-0.57,-0.06
2016-09-30,10.39,10.62,10.34,10.5,39650,41614203.0,2.69,1.31,1.06,0.11
2016-10-10,10.8,10.95,10.61,10.66,60334,64688341.0,3.24,1.99,1.52,0.16
2016-10-11,10.74,11.04,10.55,10.96,118518,129010183.0,4.6,3.91,2.81,0.3
2016-10-12,10.88,10.88,10.73,10.77,59737,64455515.0,1.37,1.97,-1.73,-0.19
2016-10-13,10.77,10.84,10.64,10.78,60559,64910905.0,1.86,2.0,0.09,0.01
2016-10-14,10.75,10.77,10.68,10.77,39770,42649449.0,0.83,1.31,-0.09,-0.01
2016-10-17,10.81,11.85,10.7,11.18,208310,235019228.0,10.68,6.88,3.81,0.41
2016-10-18,11.1,11.35,11.05,11.25,140795,158008552.0,2.68,4.65,0.63,0.07
2016-10-19,11.25,11.28,11.06,11.11,99762,111435127.0,1.96,3.29,-1.24,-0.14
2016-10-20,11.09,11.45,10.99,11.25,128175,143631169.0,4.14,4.23,1.26,0.14
2016-10-21,11.26,11.61,11.2,11.45,173156,197934997.0,3.64,5.72,1.78,0.2
2016-10-24,11.38,11.45,11.18,11.31,98420,111416002.0,2.36,3.25,-1.22,-0.14
2016-10-25,11.31,11.49,11.22,11.39,99699,113230213.0,2.39,3.29,0.71,0.08
2016-10-26,11.39,11.39,11.14,11.28,91461,102717271.0,2.19,3.02,-0.97,-0.11
2016-10-27,11.21,11.47,11.15,11.33,101225,114995920.0,2.84,3.34,0.44,0.05
2016-10-28,11.22,11.69,11.2,11.35,141859,162279351.0,4.32,4.68,0.18,0.02
2016-10-31,11.19,11.33,11.0,11.15,67207,74964711.0,2.91,2.22,-1.76,-0.2
2016-11-01,11.15,11.77,11.13,11.52,159984,183607309.0,5.74,5.28,3.32,0.37
2016-11-02,11.46,11.99,11.41,11.78,240852,283455040.0,5.03,7.95,2.26,0.26
2016-11-03,11.67,11.86,11.6,11.72,145718,170537237.0,2.21,4.81,-0.51,-0.06
2016-11-04,11.71,12.1,11.62,11.94,173297,206695860.0,4.1,5.72,1.88,0.22
2016-11-07,11.82,12.1,11.62,11.76,102552,121179466.0,4.02,3.38,-1.51,-0.18
2016-11-08,11.78,11.85,11.65,11.74,68373,80295288.0,1.7,2.26,-0.17,-0.02
2016-11-09,11.77,11.89,11.51,11.55,136307,159815852.0,3.24,4.5,-1.62,-0.19
2016-11-10,11.7,11.95,11.64,11.91,120818,142611157.0,2.68,3.99,3.12,0.36
2016-11-11,11.81,11.94,11.68,11.76,118102,139152894.0,2.18,3.9,-1.26,-0.15
2016-11-14,11.77,11.86,11.63,11.8,97318,114269141.0,1.96,3.21,0.34,0.04
2016-11-15,11.8,12.06,11.69,12.01,137582,163499158.0,3.14,4.54,1.78,0.21
2016-11-16,12.02,12.65,11.86,12.21,235863,288578848.0,6.58,7.78,1.67,0.2
2016-11-17,12.12,12.25,11.87,11.98,137549,165740555.0,3.11,4.54,-1.88,-0.23
2016-11-18,11.95,12.15,11.82,12.0,110855,132969238.0,2.75,3.66,0.17,0.02
2016-11-21,12.02,12.19,11.85,11.9,99146,119381951.0,2.83,3.27,-0.83,-0.1
2016-11-22,11.9,12.43,11.85,12.12,134727,163284998.0,4.87,4.45,1.85,0.22
2016-11-23,12.06,12.28,11.97,12.0,125846,152720422.0,2.56,4.15,-0.99,-0.12
2016-11-24,11.91,12.12,11.68,11.7,100345,119118979.0,3.67,3.31,-2.5,-0.3
2016-11-25,11.84,11.84,11.36,11.61,81845,94666458.0,4.1,2.7,-0.77,-0.09
2016-11-28,11.69,11.8,11.55,11.66,66182,77311499.0,2.15,2.18,0.43,0.05
2016-11-29,11.6,11.72,11.33,11.33,73955,85114538.0,3.34,2.44,-2.83,-0.33
2016-11-30,11.33,11.53,11.23,11.41,63723,72592301.0,2.65,2.1,0.71,0.08
2016-12-01,11.35,11.48,11.35,11.43,52958,60498125.0,1.14,1.75,0.18,0.02
2016-12-02,11.45,11.48,11.07,11.1,59970,67229507.0,3.59,1.98,-2.89,-0.33
2016-12-05,10.7,11.0,10.7,10.78,44786,48548468.0,2.7,1.48,-2.88,-0.32
2016-12-06,10.8,10.96,10.76,10.9,52910,57544211.0,1.86,1.75,1.11,0.12
2016-12-07,10.88,11.0,10.82,10.95,60088,65683626.0,1.65,1.98,0.46,0.05
2016-12-08,10.96,11.07,10.8,10.91,48911,53504087.0,2.47,1.61,-0.37,-0.04
2016-12-09,10.92,11.19,10.87,10.92,73628,80959737.0,2.93,2.43,0.09,0.01
2016-12-12,10.89,10.95,10.21,10.26,83117,87174365.0,6.78,2.74,-6.04,-0.66
2016-12-13,10.17,10.42,10.11,10.36,37606,38744782.0,3.02,1.24,0.97,0.1
2016-12-14,10.35,10.66,10.25,10.35,49384,51508454.0,3.96,1.63,-0.1,-0.01
2016-12-15,10.35,11.39,10.25,11.39,89830,100405753.0,11.01,2.96,10.05,1.04
2016-12-16,12.53,12.53,12.53,12.53,67190,84189470.0,0.0,2.22,10.01,1.14
2016-12-19,13.78,13.78,13.19,13.78,877375,1197176224.0,4.71,28.96,9.98,1.25
2016-12-20,13.46,13.55,12.4,12.69,679589,875932528.0,8.35,22.43,-7.91,-1.09
2016-12-21,12.58,13.25,12.22,12.5,533419,680338816.0,8.12,17.61,-1.5,-0.19
2016-12-22,12.46,13.75,12.46,13.75,377672,502552176.0,10.32,12.47,10.0,1.25
2016-12-23,14.93,14.93,12.75,12.8,791730,1106220528.0,15.85,26.13,-6.91,-0.95
2016-12-26,12.25,13.24,12.02,13.12,501859,640114464.0,9.53,16.56,2.5,0.32
2016-12-27,12.87,13.77,12.65,13.33,558679,734541536.0,8.54,18.44,1.6,0.21
2016-12-28,13.14,13.95,12.86,13.5,577985,779073328.0,8.18,19.08,1.28,0.17
2016-12-29,13.23,13.54,13.01,13.06,360659,477914496.0,3.93,11.9,-3.26,-0.44
2016-12-30,13.06,13.27,12.56,12.6,253050,327022176.0,5.44,8.35,-3.52,-0.46
2017-01-03,12.55,12.99,12.41,12.81,207243,264504656.0,4.6,6.84,1.67,0.21
2017-01-04,12.8,14.09,12.57,14.09,589964,805975296.0,11.87,19.47,9.99,1.28
2017-01-05,13.99,14.32,13.6,13.8,572291,795366800.0,5.11,18.89,-2.06,-0.29
2017-01-06,13.7,14.52,13.55,13.9,569774,802782576.0,7.03,18.81,0.72,0.1
2017-01-09,13.6,14.13,13.41,13.92,339931,466718192.0,5.18,11.22,0.14,0.02
2017-01-10,13.71,14.5,13.62,13.73,406665,568875584.0,6.32,13.42,-1.36,-0.19
2017-01-11,13.52,13.61,13.01,13.02,313802,416319600.0,4.37,10.36,-5.17,-0.71
2017-01-12,12.91,13.05,12.62,12.75,194952,249889490.0,3.3,6.43,-2.07,-0.27
2017-01-13,12.63,12.88,11.88,12.12,216470,267960912.0,7.84,7.14,-4.94,-0.63
2017-01-16,12.05,12.1,10.91,11.27,183882,211834033.0,9.82,6.07,-7.01,-0.85
2017-01-17,11.21,11.58,11.09,11.55,154614,176130895.0,4.35,5.1,2.48,0.28
2017-01-18,11.48,11.88,11.34,11.49,169124,196343252.0,4.68,5.58,-0.52,-0.06
2017-01-19,11.38,11.54,11.2,11.3,110771,125823697.0,2.96,3.66,-1.65,-0.19
2017-01-20,11.21,11.5,11.19,11.38,104708,119250516.0,2.74,3.46,0.71,0.08
2017-01-23,11.37,11.64,11.35,11.51,104782,120490266.0,2.55,3.46,1.14,0.13
2017-01-24,11.53,11.78,11.43,11.46,128765,149233775.0,3.04,4.25,-0.43,-0.05
2017-01-25,11.31,11.6,11.21,11.4,94783,108182235.0,3.4,3.13,-0.52,-0.06
2017-01-26,11.36,11.53,11.33,11.53,72411,82649821.0,1.75,2.39,1.14,0.13
2017-02-03,11.53,11.57,11.4,11.5,63600,73152857.0,1.47,2.1,-0.26,-0.03
2017-02-06,11.47,11.84,11.45,11.68,126703,147532569.0,3.39,4.18,1.57,0.18
2017-02-07,11.65,12.71,11.57,12.24,302137,366709120.0,9.76,9.97,4.79,0.56
2017-02-08,12.05,12.27,11.89,12.17,206370,248505341.0,3.1,6.81,-0.57,-0.07
2017-02-09,12.16,12.4,12.02,12.23,137760,167786721.0,3.12,4.55,0.49,0.06
2017-02-10,12.17,12.19,11.84,11.85,145874,174897659.0,2.86,4.81,-3.11,-0.38
2017-02-13,11.85,12.65,11.85,12.19,174479,213637913.0,6.75,5.76,2.87,0.34
2017-02-14,12.06,12.21,11.99,12.1,105237,127188092.0,1.8,3.47,-0.74,-0.09
2017-02-15,12.13,12.65,12.03,12.33,262476,324163248.0,5.12,8.66,1.9,0.23
2017-02-16,12.34,12.44,12.2,12.41,155757,191566990.0,1.95,5.14,0.65,0.08
2017-03-01,12.51,13.17,12.26,12.32,288186,363427424.0,7.33,9.51,-0.73,-0.09
2017-03-02,12.16,12.16,11.8,11.8,187665,223705974.0,2.92,6.19,-4.22,-0.52
2017-03-03,11.7,12.05,11.48,11.85,149233,176518317.0,4.83,4.93,0.42,0.05
2017-03-06,11.84,11.96,11.73,11.91,105367,125159339.0,1.94,3.48,0.51,0.06
2017-03-07,11.72,11.79,11.45,11.53,165197,191668655.0,2.85,5.45,-3.19,-0.38
2017-03-08,11.45,11.5,11.15,11.29,122477,138073069.0,3.04,4.04,-2.08,-0.24
2017-03-09,11.34,11.45,11.22,11.34,86884,98295861.0,2.04,2.87,0.44,0.05
2017-03-10,11.25,11.55,11.22,11.31,96293,109608708.0,2.91,3.18,-0.26,-0.03
2017-03-13,11.29,11.29,10.92,11.22,85020,94405109.0,3.27,2.81,-0.8,-0.09
2017-03-14,11.21,11.38,11.15,11.34,90900,102432164.0,2.05,3.0,1.07,0.12
2017-03-15,11.35,11.38,11.14,11.17,56969,63890295.0,2.12,1.88,-1.5,-0.17
2017-03-16,11.2,11.33,11.2,11.28,63466,71458225.0,1.16,2.09,0.98,0.11
2017-03-17,11.28,11.37,11.15,11.18,67734,76358494.0,1.95,2.24,-0.89,-0.1
2017-03-20,11.18,11.25,11.07,11.22,59464,66242043.0,1.61,1.96,0.36,0.04
2017-03-21,11.21,11.47,11.13,11.41,109533,124006429.0,3.03,3.62,1.69,0.19
2017-03-22,11.27,11.33,11.08,11.17,76623,85836666.0,2.19,2.53,-2.1,-0.24
2017-03-23,11.17,11.24,10.95,11.09,67985,75561929.0,2.6,2.24,-0.72,-0.08
2017-03-24,11.07,11.08,10.76,10.88,90759,98816836.0,2.89,3.0,-1.89,-0.21
2017-03-27,10.82,10.98,10.74,10.94,63258,68550724.0,2.21,2.09,0.55,0.06
2017-03-28,10.92,10.93,10.82,10.82,41681,45264970.0,1.01,1.38,-1.1,-0.12
2017-03-29,10.87,10.93,10.68,10.68,51099,55317559.0,2.31,1.69,-1.29,-0.14
2017-03-30,10.65,10.68,10.21,10.21,87572,90725898.0,4.4,2.89,-4.4,-0.47
2017-03-31,10.2,10.35,10.2,10.29,44868,46095071.0,1.47,1.48,0.78,0.08
2017-04-05,10.29,10.46,10.25,10.45,49623,51548983.0,2.04,1.64,1.55,0.16
2017-04-06,10.45,10.54,10.39,10.39,54979,57455894.0,1.44,1.81,-0.57,-0.06
2017-04-07,10.4,11.43,10.4,10.93,225974,251658372.0,9.91,7.46,5.2,0.54
2017-04-10,10.62,10.83,10.49,10.75,140563,149576359.0,3.11,4.64,-1.65,-0.18
2017-04-11,10.61,10.85,10.45,10.81,115951,123624281.0,3.72,3.83,0.56,0.06
2017-04-12,10.71,11.36,10.71,11.1,193000,214309966.0,6.01,6.37,2.68,0.29
2017-04-13,10.95,11.12,10.8,10.92,86194,94155884.0,2.88,2.84,-1.62,-0.18
2017-04-14,10.86,10.88,10.5,10.54,76155,80957894.0,3.48,2.51,-3.48,-0.38
2017-04-17,10.48,10.48,10.1,10.16,68200,69872607.0,3.61,2.25,-3.61,-0.38
2017-04-18,10.21,10.27,10.04,10.07,37070,37747474.0,2.26,1.22,-0.89,-0.09
2017-04-19,10.07,10.08,9.58,9.74,64159,62644301.0,4.97,2.12,-3.28,-0.33
2017-04-20,9.79,9.87,9.6,9.75,37452,36607572.0,2.77,1.24,0.1,0.01
2017-04-21,9.8,9.82,9.61,9.66,29829,28997380.0,2.15,0.98,-0.92,-0.09
2017-04-24,9.57,9.64,9.0,9.03,44865,41524534.0,6.63,1.48,-6.52,-0.63
2017-04-25,9.12,9.25,9.07,9.11,32813,30056334.0,1.99,1.08,0.89,0.08
2017-04-26,9.04,9.28,9.04,9.2,27768,25489182.0,2.63,0.92,0.99,0.09
2017-04-27,9.2,9.2,8.8,9.09,52173,46848339.0,4.35,1.72,-1.2,-0.11
2017-04-28,9.09,9.89,9.05,9.66,71852,67599654.0,9.24,2.37,6.27,0.57
2017-05-02,9.5,9.77,9.38,9.55,58699,56046896.0,4.04,1.94,-1.14,-0.11
2017-05-03,9.48,10.0,9.38,9.78,116559,114017006.0,6.49,3.85,2.41,0.23
2017-05-04,9.56,9.89,9.56,9.7,61676,59777741.0,3.37,2.04,-0.82,-0.08
2017-05-05,9.7,9.85,9.4,9.4,45966,44415386.0,4.64,1.52,-3.09,-0.3
2017-05-08,9.6,9.68,9.11,9.12,52061,49380689.0,6.06,1.72,-2.98,-0.28
2017-05-09,9.03,9.2,8.95,9.15,36238,32948584.0,2.74,1.2,0.33,0.03
2017-05-10,9.15,9.38,8.98,9.02,42651,39116588.0,4.37,1.41,-1.42,-0.13
2017-05-11,8.91,9.08,8.42,8.9,51403,45245008.0,7.32,1.7,-1.33,-0.12
2017-05-12,8.85,8.97,8.71,8.9,35347,31335743.0,2.92,1.17,0.0,0.0
2017-05-15,8.88,8.98,8.61,8.7,40156,35107828.0,4.16,1.33,-2.25,-0.2
2017-05-23,8.3,8.57,7.83,7.83,70486,57178899.0,8.51,2.33,-10.0,-0.87
2017-05-24,7.7,8.28,7.36,8.01,69804,54696609.0,11.75,2.3,2.3,0.18
2017-05-25,7.95,8.13,7.7,7.97,47682,37806476.0,5.37,1.57,-0.5,-0.04
2017-05-26,7.97,8.17,7.86,7.97,36102,28861128.0,3.89,1.19,0.0,0.0
2017-05-31,8.06,8.12,7.89,7.89,31529,25232906.0,2.89,1.04,-1.0,-0.08
2017-06-01,7.89,8.0,7.75,7.83,46723,36743560.0,3.17,1.54,-0.76,-0.06
2017-06-02,7.8,8.09,7.71,8.06,55667,44347719.0,4.85,1.84,2.94,0.23
2017-06-05,8.05,8.16,7.99,8.04,33640,27095011.0,2.11,1.11,-0.25,-0.02
2017-06-06,8.07,8.34,8.02,8.25,48193,39555444.0,3.98,1.59,2.61,0.21
2017-06-07,8.12,8.42,8.11,8.36,55904,46495609.0,3.76,1.85,1.33,0.11
2017-06-08,8.36,8.73,8.31,8.6,76630,65657221.0,5.02,2.53,2.87,0.24
2017-06-09,8.56,8.96,8.53,8.83,78884,69409141.0,5.0,2.6,2.67,0.23
2017-06-12,8.87,8.98,8.57,8.73,73896,64556422.0,4.64,2.44,-1.13,-0.1
2017-06-13,8.73,8.87,8.61,8.75,45585,39806117.0,2.98,1.5,0.23,0.02
2017-06-14,8.74,8.88,8.67,8.72,40958,35870863.0,2.4,1.35,-0.34,-0.03
2017-06-15,8.65,8.99,8.62,8.79,42724,37665582.0,4.24,1.41,0.8,0.07
2017-06-16,8.78,8.86,8.73,8.77,27199,23920830.0,1.48,0.9,-0.23,-0.02
2017-06-19,8.77,8.87,8.77,8.83,30692,27061260.0,1.14,1.01,0.68,0.06
2017-06-20,8.83,9.17,8.76,8.95,48489,43234854.0,4.64,1.6,1.36,0.12
2017-06-21,8.9,9.04,8.81,8.85,41667,37083183.0,2.57,1.38,-1.12,-0.1
2017-06-22,8.88,8.9,8.44,8.49,41341,36004625.0,5.2,1.36,-4.07,-0.36
2017-06-23,8.5,8.8,8.42,8.7,49153,42268077.0,4.48,1.62,2.47,0.21
2017-06-26,8.68,8.94,8.63,8.81,36554,32137558.0,3.56,1.21,1.26,0.11
2017-06-27,8.8,8.95,8.73,8.85,25613,22659533.0,2.5,0.85,0.45,0.04
2017-06-28,8.85,8.88,8.65,8.79,25639,22495440.0,2.6,0.85,-0.68,-0.06
2017-06-29,8.74,8.95,8.74,8.77,20054,17636257.0,2.39,0.66,-0.23,-0.02
2017-06-30,8.73,8.83,8.69,8.76,16069,14059044.0,1.6,0.53,-0.11,-0.01
2017-07-03,8.74,8.83,8.73,8.78,14668,12861244.0,1.14,0.48,0.23,0.02
2017-07-04,8.79,8.85,8.74,8.79,20975,18440491.0,1.25,0.69,0.11,0.01
2017-07-05,8.8,8.83,8.67,8.76,30780,26935122.0,1.82,1.02,-0.34,-0.03
2017-07-06,8.78,8.87,8.67,8.77,33910,29662792.0,2.28,1.12,0.11,0.01
2017-07-07,8.76,9.11,8.68,8.98,91683,82231470.0,4.9,3.03,2.39,0.21
2017-07-10,8.86,8.88,8.71,8.77,52996,46586097.0,1.89,1.75,-2.34,-0.21
2017-07-11,8.73,8.81,8.69,8.71,24447,21378390.0,1.37,0.81,-0.68,-0.06
2017-07-12,8.68,8.75,8.3,8.5,39149,33244179.0,5.17,1.29,-2.41,-0.21
2017-07-13,8.5,8.57,8.41,8.49,18519,15714306.0,1.88,0.61,-0.12,-0.01
2017-07-14,8.51,8.53,8.3,8.33,22672,19026769.0,2.71,0.75,-1.88,-0.16
2017-07-17,8.13,8.16,7.54,7.55,60345,47042850.0,7.44,1.99,-9.36,-0.78
2017-07-18,7.55,7.9,7.5,7.81,36203,27868947.0,5.3,1.19,3.44,0.26
2017-07-19,7.76,7.86,7.72,7.83,19120,14918012.0,1.79,0.63,0.26,0.02
2017-07-20,7.84,8.12,7.8,8.0,29881,23938788.0,4.09,0.99,2.17,0.17
2017-07-21,7.95,8.05,7.9,7.95,14510,11551402.0,1.88,0.48,-0.63,-0.05
2017-07-24,7.95,8.13,7.84,7.99,23166,18438339.0,3.65,0.76,0.5,0.04
2017-07-25,7.96,7.99,7.81,7.88,21578,17013781.0,2.25,0.71,-1.38,-0.11
2017-07-26,7.91,7.99,7.85,7.93,14958,11827495.0,1.78,0.49,0.63,0.05
2017-07-27,7.88,8.07,7.84,8.03,25012,19972309.0,2.9,0.83,1.26,0.1
2017-07-28,8.02,8.16,8.02,8.11,28548,23155995.0,1.74,0.94,1.0,0.08
2017-07-31,8.06,8.15,7.97,8.05,29014,23286745.0,2.22,0.96,-0.74,-0.06
2017-08-01,8.03,8.09,7.99,8.04,28579,22901496.0,1.24,0.94,-0.12,-0.01
2017-08-02,8.05,8.07,7.81,7.84,36035,28464905.0,3.23,1.19,-2.49,-0.2
2017-08-03,7.85,8.01,7.83,7.96,30199,23980039.0,2.3,1.0,1.53,0.12
2017-08-04,7.97,8.05,7.97,7.98,22601,18077314.0,1.01,0.75,0.25,0.02
2017-08-07,7.99,7.99,7.88,7.99,14091,11184826.0,1.38,0.47,0.13,0.01
2017-08-08,7.99,8.17,7.88,8.04,26752,21508830.0,3.63,0.88,0.63,0.05
2017-08-09,8.0,8.1,7.93,8.05,22273,17919289.0,2.11,0.74,0.12,0.01
2017-08-10,8.04,8.14,7.94,8.04,29160,23447115.0,2.48,0.96,-0.12,-0.01
2017-08-11,7.98,8.5,7.91,8.18,54804,44607225.0,7.34,1.81,1.74,0.14
2017-08-14,8.09,8.27,8.0,8.24,45477,37063638.0,3.3,1.5,0.73,0.06
2017-08-15,8.24,8.27,8.16,8.27,28314,23298261.0,1.33,0.93,0.36,0.03
2017-08-16,8.27,8.28,8.16,8.24,24073,19819720.0,1.45,0.79,-0.36,-0.03
2017-08-17,8.25,8.26,8.18,8.25,24862,20448113.0,0.97,0.82,0.12,0.01
2017-08-18,8.19,8.27,8.15,8.2,20028,16440924.0,1.45,0.66,-0.61,-0.05
2017-08-21,8.24,8.34,8.2,8.24,22972,18941583.0,1.71,0.76,0.49,0.04
2017-08-22,8.25,8.28,8.11,8.13,22775,18639612.0,2.06,0.75,-1.33,-0.11
2017-08-23,8.08,8.15,8.06,8.12,14843,12023280.0,1.11,0.49,-0.12,-0.01
2017-08-24,8.12,8.16,8.05,8.07,15664,12694829.0,1.35,0.52,-0.62,-0.05
2017-08-25,8.07,8.13,8.03,8.1,13141,10630625.0,1.24,0.43,0.37,0.03
2017-08-28,8.11,8.16,8.08,8.14,21166,17206445.0,0.99,0.7,0.49,0.04
2017-08-29,8.13,8.23,8.08,8.19,31679,25806372.0,1.84,1.05,0.61,0.05
2017-08-30,8.12,8.57,8.12,8.24,48754,40481228.0,5.49,1.61,0.61,0.05
2017-08-31,8.21,8.21,8.11,8.17,25402,20711294.0,1.21,0.84,-0.85,-0.07
2017-09-01,8.14,8.16,8.08,8.12,24068,19507864.0,0.98,0.79,-0.61,-0.05
2017-09-04,8.09,8.12,8.06,8.11,25597,20668541.0,0.74,0.84,-0.12,-0.01
2017-09-05,8.09,8.11,8.05,8.06,22179,17890660.0,0.74,0.73,-0.62,-0.05
2017-09-06,8.06,8.09,8.02,8.08,17605,14175056.0,0.87,0.58,0.25,0.02
2017-09-07,8.09,8.18,8.07,8.07,24799,20155626.0,1.36,0.82,-0.12,-0.01
2017-09-08,8.05,8.27,8.04,8.16,45952,37546633.0,2.85,1.52,1.12,0.09
2017-09-11,8.11,8.14,8.08,8.13,25870,20982735.0,0.74,0.85,-0.37,-0.03
2017-09-12,8.13,8.24,8.1,8.2,33962,27699129.0,1.72,1.12,0.86,0.07
2017-09-13,8.2,8.21,8.1,8.13,23537,19131985.0,1.34,0.78,-0.85,-0.07
2017-09-14,8.11,8.15,8.06,8.07,21133,17100143.0,1.11,0.7,-0.74,-0.06
2017-09-15,8.05,8.12,8.05,8.07,16960,13708763.0,0.87,0.56,0.0,0.0
2017-09-18,8.06,8.1,8.04,8.06,18365,14812697.0,0.74,0.61,-0.12,-0.01
2017-09-19,8.06,8.12,8.03,8.04,21836,17629137.0,1.12,0.72,-0.25,-0.02
2017-09-20,8.05,8.08,7.94,7.99,29758,23770220.0,1.74,0.98,-0.62,-0.05
2017-09-21,7.98,8.02,7.95,7.95,17169,13699325.0,0.88,0.57,-0.5,-0.04
2017-09-22,7.91,7.96,7.83,7.88,19452,15320246.0,1.64,0.64,-0.88,-0.07
2017-09-25,7.87,7.88,7.83,7.85,16488,12942539.0,0.63,0.54,-0.38,-0.03
2017-09-26,7.79,7.85,7.71,7.79,18560,14432302.0,1.78,0.61,-0.76,-0.06
2017-09-27,7.76,7.83,7.74,7.8,13498,10513103.0,1.16,0.45,0.13,0.01
2017-09-28,7.84,7.84,7.71,7.71,17013,13180500.0,1.67,0.56,-1.15,-0.09
2017-09-29,7.7,7.82,7.69,7.81,13915,10815695.0,1.69,0.46,1.3,0.1
2017-10-09,7.8,7.89,7.8,7.84,15641,12253980.0,1.15,0.52,0.38,0.03
2017-10-10,7.84,8.03,7.81,8.0,32200,25557932.0,2.81,1.06,2.04,0.16
2017-10-11,8.01,8.09,7.97,7.98,22124,17718429.0,1.5,0.73,-0.25,-0.02
2017-10-12,7.97,8.05,7.9,7.99,18479,14747225.0,1.88,0.61,0.13,0.01
2017-10-13,7.99,8.0,7.91,7.98,14338,11396435.0,1.13,0.47,-0.13,-0.01
2017-10-16,8.35,8.55,8.18,8.23,178423,148806287.0,4.64,5.89,3.13,0.25
2017-10-17,8.02,8.04,7.43,7.84,81947,64095184.0,7.41,2.7,-4.74,-0.39
2017-10-18,7.71,7.83,7.66,7.68,43168,33486255.0,2.17,1.42,-2.04,-0.16
2017-10-19,7.68,7.76,7.52,7.53,29919,22851181.0,3.13,0.99,-1.95,-0.15
2017-10-20,7.52,7.88,7.48,7.74,39950,30814385.0,5.31,1.32,2.79,0.21
2017-10-23,7.7,7.84,7.6,7.64,32532,24938640.0,3.1,1.07,-1.29,-0.1
2017-10-24,7.62,7.67,7.55,7.58,16018,12177094.0,1.57,0.53,-0.79,-0.06
2017-10-25,7.55,7.65,7.55,7.61,13128,9985328.0,1.32,0.43,0.4,0.03
2017-10-26,7.62,7.64,7.56,7.61,17848,13555190.0,1.05,0.59,0.0,0.0
2017-10-27,7.63,7.63,7.56,7.56,17078,12940334.0,0.92,0.56,-0.66,-0.05
2017-10-30,7.54,7.55,7.25,7.32,26164,19209674.0,3.97,0.86,-3.17,-0.24
2017-10-31,7.31,7.38,7.27,7.37,11084,8136130.0,1.5,0.37,0.68,0.05
2017-11-01,7.39,7.39,7.3,7.33,10305,7558534.0,1.22,0.34,-0.54,-0.04
2017-11-02,7.33,7.33,7.16,7.16,17081,12325607.0,2.32,0.56,-2.32,-0.17
2017-11-03,7.17,7.29,7.15,7.18,15658,11300883.0,1.96,0.52,0.28,0.02
2017-11-06,7.13,7.18,7.03,7.15,17436,12369302.0,2.09,0.58,-0.42,-0.03
2017-11-07,7.16,7.5,7.07,7.34,32715,23769253.0,6.01,1.08,2.66,0.19
2017-11-08,7.29,7.38,7.23,7.3,24128,17646112.0,2.04,0.8,-0.54,-0.04
2017-11-09,7.28,7.33,7.25,7.29,12440,9058005.0,1.1,0.41,-0.14,-0.01
2017-11-10,7.33,7.41,7.26,7.34,17406,12807976.0,2.06,0.57,0.69,0.05
2017-11-13,7.35,7.43,7.29,7.31,14331,10526082.0,1.91,0.47,-0.41,-0.03
2017-11-14,7.31,7.33,7.08,7.12,21029,15110949.0,3.42,0.69,-2.6,-0.19
2017-11-15,7.13,7.26,7.11,7.12,14158,10150068.0,2.11,0.47,0.0,0.0
2017-11-16,7.12,7.56,7.12,7.37,60855,44692615.0,6.18,2.01,3.51,0.25
2017-11-17,7.25,7.28,7.01,7.1,40050,28516508.0,3.66,1.32,-3.66,-0.27
2017-11-20,7.09,7.09,6.85,6.95,19210,13312011.0,3.38,0.63,-2.11,-0.15
2017-11-21,6.95,7.07,6.84,6.87,22554,15575678.0,3.31,0.74,-1.15,-0.08
2017-11-22,6.88,6.88,6.35,6.7,23441,15726406.0,7.71,0.77,-2.47,-0.17
2017-11-23,6.7,6.8,6.55,6.69,29941,19880410.0,3.73,0.99,-0.15,-0.01
2017-11-24,6.61,6.74,6.52,6.68,15112,10002042.0,3.29,0.5,-0.15,-0.01
2017-11-27,6.65,6.7,6.56,6.67,13175,8729578.0,2.1,0.43,-0.15,-0.01
2017-11-28,6.6,6.72,6.6,6.7,14770,9835032.0,1.8,0.49,0.45,0.03
2017-11-29,6.7,6.75,6.63,6.7,16316,10890426.0,1.79,0.54,0.0,0.0
2017-11-30,6.68,6.75,6.62,6.68,12971,8625141.0,1.94,0.43,-0.3,-0.02
2017-12-01,6.63,6.68,6.6,6.68,15630,10382449.0,1.2,0.52,0.0,0.0
2017-12-04,6.68,6.78,6.62,6.68,18220,12175093.0,2.4,0.6,0.0,0.0
2017-12-05,6.62,6.7,6.51,6.64,18921,12495636.0,2.84,0.62,-0.6,-0.04
2017-12-06,6.59,6.65,6.55,6.61,8442,5577853.0,1.51,0.28,-0.45,-0.03
2017-12-07,6.6,6.68,6.58,6.65,12482,8285589.0,1.51,0.41,0.61,0.04
2017-12-08,6.73,6.73,6.65,6.71,11348,7590892.0,1.2,0.37,0.9,0.06
2017-12-11,6.73,6.73,6.64,6.69,11408,7610836.0,1.34,0.38,-0.3,-0.02
2017-12-12,6.69,6.7,6.56,6.66,10761,7129882.0,2.09,0.36,-0.45,-0.03
2017-12-13,6.66,6.66,6.57,6.65,8757,5791034.0,1.35,0.29,-0.15,-0.01
2017-12-14,6.6,6.65,6.57,6.64,12885,8516245.0,1.2,0.43,-0.15,-0.01
2017-12-15,6.6,6.69,6.58,6.68,13974,9262988.0,1.66,0.46,0.6,0.04
2017-12-18,6.69,6.69,6.54,6.64,15603,10326356.0,2.25,0.51,-0.6,-0.04
2017-12-19,6.59,6.75,6.57,6.63,10704,7111081.0,2.71,0.35,-0.15,-0.01
2017-12-20,6.6,6.64,6.55,6.63,11448,7548748.0,1.36,0.38,0.0,0.0
2017-12-21,6.62,6.62,6.56,6.6,13369,8795014.0,0.9,0.44,-0.45,-0.03
2017-12-22,6.55,6.6,6.53,6.6,18406,12093864.0,1.06,0.61,0.0,0.0
2017-12-25,6.58,6.59,6.4,6.42,12715,8247733.0,2.88,0.42,-2.73,-0.18
2017-12-26,6.39,6.46,6.33,6.4,10144,6475189.0,2.02,0.33,-0.31,-0.02
2017-12-27,6.39,6.39,6.25,6.28,16283,10262841.0,2.19,0.54,-1.88,-0.12
2017-12-28,6.28,6.29,6.15,6.21,15642,9706903.0,2.23,0.52,-1.11,-0.07
2017-12-29,6.21,6.23,6.14,6.2,11518,7114381.0,1.45,0.38,-0.16,-0.01
2018-01-02,6.18,6.27,6.18,6.26,11773,7343897.0,1.45,0.39,0.97,0.06
2018-01-03,6.29,6.33,6.24,6.31,16000,10056072.0,1.44,0.53,0.8,0.05
2018-01-04,6.32,6.35,6.26,6.29,11670,7345969.0,1.43,0.39,-0.32,-0.02
2018-01-05,6.29,6.65,6.25,6.45,60701,39151173.0,6.36,2.0,2.54,0.16
2018-01-08,6.38,6.38,6.25,6.32,27559,17373788.0,2.02,0.91,-2.02,-0.13
2018-01-09,6.32,6.38,6.28,6.29,12224,7725418.0,1.58,0.4,-0.47,-0.03
2018-01-10,6.29,6.31,6.17,6.23,17876,11113797.0,2.23,0.59,-0.95,-0.06
2018-01-11,6.19,6.25,6.13,6.25,15180,9391841.0,1.93,0.5,0.32,0.02
2018-01-12,6.25,6.26,6.16,6.24,16359,10175207.0,1.6,0.54,-0.16,-0.01
2018-01-15,6.24,6.29,6.05,6.12,20562,12629465.0,3.85,0.68,-1.92,-0.12
2018-01-16,6.1,6.15,6.06,6.1,17257,10514123.0,1.47,0.57,-0.33,-0.02
2018-01-17,6.13,6.13,5.96,6.09,22824,13758887.0,2.79,0.75,-0.16,-0.01
2018-01-18,6.09,6.11,6.0,6.08,14909,9015927.0,1.81,0.49,-0.16,-0.01
2018-01-19,6.06,6.1,6.03,6.1,12434,7549108.0,1.15,0.41,0.33,0.02
2018-01-22,6.1,6.1,6.02,6.08,9832,5962251.0,1.31,0.32,-0.33,-0.02
2018-01-23,6.08,6.11,6.04,6.08,9665,5867344.0,1.15,0.32,0.0,0.0
2018-01-24,6.04,6.08,6.03,6.07,10741,6507032.0,0.82,0.35,-0.16,-0.01
2018-01-25,6.07,6.19,6.06,6.1,28441,17369457.0,2.14,0.94,0.49,0.03
2018-01-26,6.1,6.12,6.05,6.1,16813,10217253.0,1.15,0.55,0.0,0.0
2018-01-29,6.08,6.08,6.01,6.04,13403,8089232.0,1.15,0.44,-0.98,-0.06
2018-01-30,6.03,6.03,5.89,5.96,22688,13499173.0,2.32,0.75,-1.32,-0.08
2018-01-31,5.93,5.95,5.75,5.85,20510,11930236.0,3.36,0.68,-1.85,-0.11
2018-02-01,5.84,5.86,5.49,5.58,29768,16889784.0,6.32,0.98,-4.62,-0.27
2018-02-02,5.53,5.63,5.38,5.63,22224,12146607.0,4.48,0.73,0.9,0.05
2018-02-05,5.43,5.62,5.43,5.61,10285,5712990.0,3.37,0.34,-0.36,-0.02
2018-02-06,5.6,5.6,5.18,5.22,16931,9125510.0,7.49,0.56,-6.95,-0.39
2018-02-07,5.23,5.36,5.16,5.28,12453,6524945.0,3.83,0.41,1.15,0.06
2018-02-08,5.19,5.33,5.19,5.28,10569,5575475.0,2.65,0.35,0.0,0.0
2018-02-09,5.23,5.25,5.08,5.21,17316,8922303.0,3.22,0.57,-1.33,-0.07
2018-02-12,5.18,5.3,5.18,5.26,10645,5591259.0,2.3,0.35,0.96,0.05
2018-02-13,5.28,5.3,5.24,5.28,11602,6112698.0,1.14,0.38,0.38,0.02
2018-02-14,5.28,5.38,5.25,5.35,12203,6498091.0,2.46,0.4,1.33,0.07
2018-02-22,5.38,5.4,5.32,5.39,12792,6863363.0,1.5,0.42,0.75,0.04
2018-02-23,5.36,5.41,5.34,5.4,12082,6491154.0,1.3,0.4,0.19,0.01
2018-02-26,5.49,5.51,5.39,5.45,17633,9607410.0,2.22,0.58,0.93,0.05
2018-02-27,5.44,5.45,5.35,5.41,16502,8893671.0,1.83,0.54,-0.73,-0.04
2018-02-28,5.4,5.43,5.33,5.42,13838,7448379.0,1.85,0.46,0.18,0.01
2018-03-01,5.4,5.48,5.36,5.46,20062,10888341.0,2.21,0.66,0.74,0.04
2018-03-02,5.45,5.68,5.37,5.48,39043,21575500.0,5.68,1.29,0.37,0.02
2018-03-05,5.42,5.47,5.34,5.37,24735,13308317.0,2.37,0.82,-2.01,-0.11
2018-03-06,5.39,5.58,5.33,5.54,60952,33425795.0,4.66,2.01,3.17,0.17
2018-03-07,5.46,6.09,5.46,6.09,128766,75813407.0,11.37,4.25,9.93,0.55
2018-03-08,6.0,6.68,5.94,6.38,210523,133632292.0,12.15,6.95,4.76,0.29
2018-03-09,6.16,6.34,6.03,6.21,148086,90889505.0,4.86,4.89,-2.66,-0.17
2018-03-12,6.14,6.23,6.13,6.18,87759,54214402.0,1.61,2.9,-0.48,-0.03
2018-03-13,6.16,6.16,6.05,6.06,59249,36061649.0,1.78,1.96,-1.94,-0.12
2018-03-14,6.01,6.07,5.88,5.91,52173,31197278.0,3.14,1.72,-2.48,-0.15
2018-03-15,5.89,6.05,5.8,5.93,61356,36488924.0,4.23,2.03,0.34,0.02
2018-03-16,5.89,6.0,5.83,5.91,35035,20720210.0,2.87,1.16,-0.34,-0.02
2018-03-19,5.84,5.89,5.72,5.86,37843,22045917.0,2.88,1.25,-0.85,-0.05
2018-03-20,5.82,5.98,5.75,5.97,46560,27515327.0,3.92,1.54,1.88,0.11
2018-03-21,5.94,6.22,5.89,5.89,65756,39674855.0,5.53,2.17,-1.34,-0.08
2018-03-22,5.83,6.09,5.77,5.99,51981,30860381.0,5.43,1.72,1.7,0.1
2018-03-23,5.81,6.23,5.6,5.7,87901,52100966.0,10.52,2.9,-4.84,-0.29
2018-03-26,5.68,5.68,5.13,5.56,57792,31032590.0,9.65,1.91,-2.46,-0.14
2018-03-27,5.57,5.76,5.53,5.63,42973,24299106.0,4.14,1.42,1.26,0.07
2018-03-28,5.59,5.61,5.41,5.52,28219,15622470.0,3.55,0.93,-1.95,-0.11
2018-03-29,5.52,5.67,5.51,5.59,29154,16279764.0,2.9,0.96,1.27,0.07
2018-03-30,5.6,5.63,5.56,5.59,25402,14206762.0,1.25,0.84,0.0,0.0
2018-04-02,5.6,5.62,5.53,5.55,27858,15558746.0,1.61,0.92,-0.72,-0.04
2018-04-03,5.49,5.57,5.38,5.52,29125,15880384.0,3.42,0.96,-0.54,-0.03
2018-04-04,5.57,5.65,5.48,5.61,35312,19650955.0,3.08,1.17,1.63,0.09
2018-04-09,5.53,5.61,5.43,5.54,22029,12202720.0,3.21,0.73,-1.25,-0.07
2018-04-10,5.58,5.63,5.51,5.58,26891,14926961.0,2.17,0.89,0.72,0.04
2018-04-11,5.59,5.67,5.55,5.61,29663,16577644.0,2.15,0.98,0.54,0.03
2018-04-12,5.59,5.61,5.5,5.51,19075,10568710.0,1.96,0.63,-1.78,-0.1
2018-04-13,5.52,5.56,5.4,5.45,18207,9957148.0,2.9,0.6,-1.09,-0.06
2018-04-16,5.44,5.45,5.27,5.38,21424,11477868.0,3.3,0.71,-1.28,-0.07
2018-04-17,5.33,5.4,5.25,5.25,18540,9834295.0,2.79,0.61,-2.42,-0.13
2018-04-18,5.28,5.38,5.18,5.28,16715,8800208.0,3.81,0.55,0.57,0.03
2018-04-19,5.28,5.32,5.26,5.27,12620,6667017.0,1.14,0.42,-0.19,-0.01
2018-04-20,5.29,5.3,5.1,5.25,23674,12336213.0,3.8,0.78,-0.38,-0.02
2018-04-23,5.13,5.23,5.12,5.17,12044,6220363.0,2.1,0.4,-1.52,-0.08
2018-04-24,5.18,5.28,5.17,5.25,19109,9985689.0,2.13,0.63,1.55,0.08
2018-04-25,5.24,5.26,5.2,5.24,10611,5548314.0,1.14,0.35,-0.19,-0.01
2018-04-26,5.23,5.23,5.11,5.18,18942,9764122.0,2.29,0.63,-1.15,-0.06
2018-04-27,5.19,5.19,5.11,5.15,9813,5038851.0,1.54,0.32,-0.58,-0.03
2018-05-02,5.17,5.18,5.08,5.14,13029,6680895.0,1.94,0.43,-0.19,-0.01
2018-05-03,5.14,5.14,4.97,5.13,19789,10008137.0,3.31,0.65,-0.19,-0.01
2018-05-04,5.09,5.14,5.07,5.13,21624,11031187.0,1.36,0.71,0.0,0.0
2018-05-07,5.1,5.22,5.1,5.21,18721,9707881.0,2.34,0.62,1.56,0.08
2018-05-08,5.21,5.41,5.2,5.28,42268,22432222.0,4.03,1.4,1.34,0.07
2018-05-09,5.23,5.3,5.21,5.25,20843,10922798.0,1.7,0.69,-0.57,-0.03
2018-05-10,5.23,5.66,5.23,5.41,60230,32599990.0,8.19,1.99,3.05,0.16
2018-05-11,5.38,5.95,5.33,5.95,121927,70682709.0,11.46,4.02,9.98,0.54
2018-05-14,5.88,6.18,5.56,5.65,164208,96209893.0,10.42,5.42,-5.04,-0.3
2018-05-15,5.47,5.95,5.47,5.64,101955,57285474.0,8.5,3.37,-0.18,-0.01
2018-05-16,5.59,5.7,5.49,5.53,70785,39486655.0,3.72,2.34,-1.95,-0.11
2018-05-17,5.5,5.64,5.45,5.56,54475,30336696.0,3.44,1.8,0.54,0.03
2018-05-18,5.56,5.89,5.43,5.73,79279,44621830.0,8.27,2.62,3.06,0.17
2018-05-21,5.8,5.83,5.62,5.69,67453,38470105.0,3.66,2.23,-0.7,-0.04
2018-05-22,5.68,5.74,5.55,5.69,56772,31971949.0,3.34,1.87,0.0,0.0
2018-05-23,5.67,5.95,5.6,5.83,110437,64360350.0,6.15,3.65,2.46,0.14
2018-05-24,5.78,5.83,5.64,5.72,64351,36790159.0,3.26,2.12,-1.89,-0.11
2018-05-25,5.71,5.77,5.62,5.7,53040,30206489.0,2.62,1.75,-0.35,-0.02
2018-05-28,5.67,5.68,5.41,5.49,49296,27262603.0,4.74,1.63,-3.68,-0.21
2018-05-29,5.32,5.36,5.02,5.24,64598,33600063.0,6.19,2.13,-4.55,-0.25
2018-05-30,5.11,5.35,4.99,5.1,52090,26889238.0,6.87,1.72,-2.67,-0.14
2018-05-31,5.12,5.54,5.1,5.43,85325,45452463.0,8.63,2.82,6.47,0.33
2018-06-01,5.81,5.81,5.24,5.36,57410,30970329.0,10.5,1.89,-1.29,-0.07
2018-06-04,5.42,5.42,5.15,5.29,33852,17763231.0,5.04,1.12,-1.31,-0.07
2018-06-05,5.27,5.42,5.17,5.33,40466,21436891.0,4.73,1.34,0.76,0.04
2018-06-06,5.24,5.38,5.21,5.24,25143,13226208.0,3.19,0.83,-1.69,-0.09
2018-06-07,5.36,5.36,5.14,5.14,25219,13189105.0,4.2,0.83,-1.91,-0.1
2018-06-08,5.14,5.18,5.06,5.14,19764,10103717.0,2.33,0.65,0.0,0.0
2018-06-11,5.1,5.25,5.09,5.15,18738,9714816.0,3.11,0.62,0.19,0.01
2018-06-12,5.13,5.2,5.08,5.15,18964,9746376.0,2.33,0.63,0.0,0.0
2018-06-13,5.19,5.45,5.18,5.22,79251,42106599.0,5.24,2.62,1.36,0.07
2018-06-14,5.12,5.38,5.05,5.22,60160,31058568.0,6.32,1.99,0.0,0.0
2018-06-15,5.05,5.17,5.0,5.05,37939,19271076.0,3.26,1.25,-3.26,-0.17
2018-06-19,5.0,5.0,4.55,4.6,54511,25207266.0,8.91,1.8,-8.91,-0.45
2018-06-20,4.59,4.65,4.39,4.64,30179,13650222.0,5.65,1.0,0.87,0.04
2018-06-21,4.57,4.72,4.45,4.56,23763,10917422.0,5.82,0.78,-1.72,-0.08
2018-06-22,4.56,4.68,4.45,4.66,26808,12248483.0,5.04,0.88,2.19,0.1
2018-06-25,4.63,4.71,4.57,4.62,20320,9406849.0,3.0,0.67,-0.86,-0.04
2018-06-26,4.48,4.6,4.4,4.56,26177,11812425.0,4.33,0.86,-1.3,-0.06
2018-06-27,4.53,4.65,4.51,4.55,17119,7838704.0,3.07,0.57,-0.22,-0.01
2018-06-28,4.56,4.56,4.4,4.49,18439,8294697.0,3.52,0.61,-1.32,-0.06
2018-06-29,4.49,4.56,4.46,4.55,24320,10985303.0,2.23,0.8,1.34,0.06
2018-07-02,4.53,4.56,4.39,4.46,24203,10830118.0,3.74,0.8,-1.98,-0.09
2018-07-03,4.46,4.5,4.36,4.48,17890,7961009.0,3.14,0.59,0.45,0.02
2018-07-04,4.47,4.7,4.4,4.53,40150,18265477.0,6.7,1.33,1.12,0.05
2018-07-05,4.49,4.5,4.12,4.32,36158,15727291.0,8.39,1.19,-4.64,-0.21
2018-07-06,4.28,4.33,4.05,4.3,23249,9827359.0,6.48,0.77,-0.46,-0.02
2018-07-09,4.3,4.34,4.26,4.32,12152,5230073.0,1.86,0.4,0.47,0.02
2018-07-10,4.31,4.37,4.27,4.32,12306,5319808.0,2.31,0.41,0.0,0.0
2018-07-11,4.24,4.24,4.0,4.2,31615,13003860.0,5.56,1.04,-2.78,-0.12
2018-07-12,4.14,4.25,4.14,4.22,30252,12741017.0,2.62,1.0,0.48,0.02
2018-07-13,4.24,4.24,4.18,4.21,18584,7822071.0,1.42,0.61,-0.24,-0.01
2018-07-16,4.22,4.22,4.08,4.09,41417,17012242.0,3.33,1.37,-2.85,-0.12
2018-07-17,4.09,4.09,3.68,3.72,303668,112892913.0,10.02,10.02,-9.05,-0.37
2018-07-18,3.61,3.74,3.61,3.69,158081,58384178.0,3.49,5.22,-0.81,-0.03
2018-07-19,3.66,3.69,3.42,3.49,112905,40115249.0,7.32,3.73,-5.42,-0.2
2018-07-20,3.49,3.56,3.46,3.54,64437,22656005.0,2.87,2.13,1.43,0.05
2018-07-23,3.54,3.57,3.5,3.57,54113,19184227.0,1.98,1.79,0.85,0.03
2018-07-24,3.55,3.67,3.53,3.64,97182,35257232.0,3.92,3.21,1.96,0.07
2018-07-25,3.65,4.0,3.62,4.0,157341,61879718.0,10.44,5.19,9.89,0.36
2018-07-26,4.12,4.4,4.07,4.4,234900,100123730.0,8.25,7.75,10.0,0.4
2018-07-27,4.84,4.84,4.4,4.84,463826,219251991.0,10.0,15.31,10.0,0.44
2018-07-30,4.6,5.32,4.44,5.32,402462,203363303.0,18.18,13.28,9.92,0.48
2018-07-31,5.23,5.68,4.84,4.89,583535,307390208.0,15.79,19.26,-8.08,-0.43
2018-08-01,4.59,5.37,4.55,5.11,517587,252834594.0,16.77,17.08,4.5,0.22
2018-08-02,4.87,4.96,4.6,4.63,392935,185901334.0,7.05,12.97,-9.39,-0.48
2018-08-03,4.68,4.8,4.42,4.48,265513,122745945.0,8.21,8.76,-3.24,-0.15
2018-08-06,4.47,4.62,4.17,4.33,217693,94902314.0,10.04,7.19,-3.35,-0.15
2018-08-07,4.4,4.42,4.2,4.37,197331,85686184.0,5.08,6.51,0.92,0.04
2018-08-08,4.36,4.37,4.05,4.18,218314,91958618.0,7.32,7.21,-4.35,-0.19
2018-08-09,4.16,4.29,4.11,4.24,159443,67230992.0,4.31,5.26,1.44,0.06
2018-08-10,4.24,4.5,4.16,4.17,205193,88137835.0,8.02,6.77,-1.65,-0.07
2018-08-13,4.17,4.22,4.0,4.16,130858,53851188.0,5.28,4.32,-0.24,-0.01
2018-08-14,4.16,4.38,4.15,4.24,190801,81379217.0,5.53,6.3,1.92,0.08
2018-08-15,4.21,4.4,4.11,4.29,198708,84595637.0,6.84,6.56,1.18,0.05
2018-08-16,4.17,4.27,4.05,4.27,135842,56705606.0,5.13,4.48,-0.47,-0.02
2018-08-17,4.28,4.32,3.84,3.85,143196,58133947.0,11.24,4.73,-9.84,-0.42
2018-08-20,3.8,3.83,3.66,3.8,97361,36672132.0,4.42,3.21,-1.3,-0.05
2018-08-21,3.77,3.99,3.75,3.87,97638,38045599.0,6.32,3.22,1.84,0.07
2018-08-22,3.83,3.95,3.76,3.86,72320,27872610.0,4.91,2.39,-0.26,-0.01
2018-08-23,3.86,3.97,3.82,3.89,82049,31870978.0,3.89,2.71,0.78,0.03
2018-08-24,3.95,4.01,3.87,3.91,98391,38716254.0,3.6,3.25,0.51,0.02
2018-08-27,3.89,3.99,3.86,3.96,83688,32912754.0,3.32,2.76,1.28,0.05
2018-08-28,3.98,4.13,3.92,3.98,112402,45097494.0,5.3,3.71,0.51,0.02
2018-08-29,3.95,3.96,3.82,3.88,73732,28593204.0,3.52,2.43,-2.51,-0.1
2018-08-30,3.89,4.04,3.84,3.91,103738,40802469.0,5.15,3.42,0.77,0.03
2018-08-31,3.87,3.92,3.8,3.85,65719,25377822.0,3.07,2.17,-1.53,-0.06
2018-09-03,3.86,3.9,3.82,3.9,43010,16626558.0,2.08,1.42,1.3,0.05
2018-09-04,3.9,4.03,3.85,3.96,80351,31770306.0,4.62,2.65,1.54,0.06
2018-09-05,3.89,3.94,3.85,3.88,74562,29033437.0,2.27,2.46,-2.02,-0.08
2018-09-06,3.87,3.9,3.74,3.78,62096,23729263.0,4.12,2.05,-2.58,-0.1
2018-09-07,3.76,3.93,3.75,3.85,75257,28942775.0,4.76,2.48,1.85,0.07
2018-09-10,3.86,3.89,3.8,3.82,51549,19808381.0,2.34,1.7,-0.78,-0.03
2018-09-11,3.82,3.87,3.76,3.83,43498,16576907.0,2.88,1.44,0.26,0.01
2018-09-12,3.85,3.87,3.78,3.83,39945,15307329.0,2.35,1.32,0.0,0.0
2018-09-13,3.87,3.88,3.82,3.88,39897,15372799.0,1.57,1.32,1.31,0.05
2018-09-14,3.89,4.04,3.83,3.91,94003,36889049.0,5.41,3.1,0.77,0.03
2018-09-17,3.87,3.88,3.78,3.8,52788,20158178.0,2.56,1.74,-2.81,-0.11
2018-09-18,3.8,3.89,3.68,3.88,54873,20878822.0,5.53,1.81,2.11,0.08
2018-09-19,3.86,4.05,3.84,3.96,117584,46468944.0,5.41,3.88,2.06,0.08
2018-09-20,3.96,4.36,3.92,4.36,164693,68977524.0,11.11,5.44,10.1,0.4
2018-09-21,4.4,4.8,4.38,4.46,444322,206298919.0,9.63,14.67,2.29,0.1
2018-09-25,4.22,4.36,4.15,4.25,254869,108032844.0,4.71,8.41,-4.71,-0.21
2018-09-26,4.2,4.24,4.11,4.21,186555,78040784.0,3.06,6.16,-0.94,-0.04
2018-09-27,4.18,4.57,4.16,4.24,261651,112697552.0,9.74,8.64,0.71,0.03
2018-09-28,4.22,4.66,4.21,4.66,225487,101054192.0,10.61,7.44,9.91,0.42
2018-10-08,4.6,5.06,4.52,4.68,470302,226050501.0,11.59,15.52,0.43,0.02
2018-10-09,4.75,4.94,4.54,4.7,281585,133549161.0,8.55,9.29,0.43,0.02
2018-10-10,4.59,4.77,4.44,4.53,247007,112298559.0,7.02,8.15,-3.62,-0.17
2018-10-11,4.35,4.45,4.08,4.08,205451,86738329.0,8.17,6.78,-9.93,-0.45
2018-10-12,4.0,4.35,3.95,4.27,214064,89527238.0,9.8,7.07,4.66,0.19
2018-10-15,4.45,4.54,4.11,4.13,190977,82292928.0,10.07,6.3,-3.28,-0.14
2018-10-16,4.14,4.28,4.12,4.19,141789,59367346.0,3.87,4.68,1.45,0.06
2018-10-17,4.28,4.28,3.77,3.96,191337,76348708.0,12.17,6.32,-5.49,-0.23
2018-10-18,3.86,4.11,3.68,3.81,146889,56603983.0,10.86,4.85,-3.79,-0.15
2018-10-19,3.7,3.88,3.62,3.87,98803,37433713.0,6.82,3.26,1.57,0.06
2018-10-22,3.92,4.2,3.92,4.13,162993,66260327.0,7.24,5.38,6.72,0.26
2018-10-23,4.09,4.54,4.0,4.38,399240,177048596.0,13.08,13.18,6.05,0.25
2018-10-24,4.27,4.54,4.12,4.4,299663,129200054.0,9.59,9.89,0.46,0.02
2018-10-25,4.2,4.31,4.15,4.26,157450,66638042.0,3.64,5.2,-3.18,-0.14
2018-10-26,4.29,4.5,4.23,4.32,162979,70542552.0,6.34,5.38,1.41,0.06
2018-10-29,4.28,4.28,4.02,4.07,115168,47711096.0,6.02,3.8,-5.79,-0.25
2018-10-30,4.11,4.23,4.04,4.17,97648,40430091.0,4.67,3.22,2.46,0.1
2018-10-31,4.14,4.39,4.13,4.33,150777,64837885.0,6.24,4.98,3.84,0.16
2018-11-01,4.32,4.43,4.3,4.43,136559,59466938.0,3.0,4.51,2.31,0.1
2018-11-02,4.39,4.49,4.36,4.41,156477,69083210.0,2.93,5.16,-0.45,-0.02
2018-11-05,4.44,4.53,4.28,4.38,173819,76389261.0,5.67,5.74,-0.68,-0.03
2018-11-06,4.33,4.51,4.28,4.48,170354,74535426.0,5.25,5.62,2.28,0.1
2018-11-07,4.43,4.47,4.35,4.36,130332,57354146.0,2.68,4.3,-2.68,-0.12
2018-11-08,4.38,4.75,4.37,4.5,274213,124408532.0,8.72,9.05,3.21,0.14
2018-11-09,4.46,4.52,4.35,4.39,137157,60614565.0,3.78,4.53,-2.44,-0.11
2018-11-12,4.37,4.61,4.31,4.59,167884,75521306.0,6.83,5.54,4.56,0.2
2018-11-13,4.53,5.05,4.51,5.05,252607,120040666.0,11.76,8.34,10.02,0.46
2018-11-14,5.2,5.23,4.81,4.84,348408,173080813.0,8.32,11.5,-4.16,-0.21
2018-11-15,4.84,5.02,4.75,4.87,209190,101909191.0,5.58,6.9,0.62,0.03
2018-11-16,4.88,5.05,4.81,4.96,226963,112483494.0,4.93,7.49,1.85,0.09
2018-11-19,4.99,5.23,4.95,5.0,212956,107595435.0,5.65,7.03,0.81,0.04
2018-11-20,5.0,5.01,4.73,4.74,161750,77988505.0,5.6,5.34,-5.2,-0.26
2018-11-21,4.71,4.89,4.66,4.89,135989,65443666.0,4.85,4.49,3.16,0.15
2018-11-22,4.9,4.96,4.8,4.84,89220,43414009.0,3.27,2.94,-1.02,-0.05
2018-11-23,4.84,4.85,4.5,4.53,127341,59206049.0,7.23,4.2,-6.4,-0.31
2018-11-26,4.46,4.64,4.46,4.56,67797,30959903.0,3.97,2.24,0.66,0.03
2018-11-27,4.6,4.66,4.57,4.62,83321,38489385.0,1.97,2.75,1.32,0.06
2018-11-28,4.65,4.72,4.5,4.69,90745,41905012.0,4.76,3.0,1.52,0.07
2018-11-29,4.72,4.78,4.54,4.57,86676,40568588.0,5.12,2.86,-2.56,-0.12
2018-11-30,4.55,4.65,4.5,4.65,68841,31540215.0,3.28,2.27,1.75,0.08
2018-12-03,4.77,5.12,4.66,5.12,184480,91513833.0,9.89,6.09,10.11,0.47
2018-12-04,5.13,5.4,4.97,5.29,383046,197042782.0,8.4,12.64,3.32,0.17
2018-12-05,5.07,5.68,5.07,5.32,333534,177796839.0,11.53,11.01,0.57,0.03
2018-12-06,5.3,5.5,5.18,5.34,271514,145485100.0,6.02,8.96,0.38,0.02
2018-12-07,5.34,5.6,5.19,5.27,289810,156407156.0,7.68,9.57,-1.31,-0.07
2018-12-10,5.23,5.38,5.11,5.27,171585,89749852.0,5.12,5.66,0.0,0.0
2018-12-11,5.22,5.55,5.16,5.48,315475,169779023.0,7.4,10.41,3.98,0.21
2018-12-12,5.47,5.56,5.37,5.38,222528,121008791.0,3.47,7.34,-1.82,-0.1
2018-12-13,5.34,5.41,5.25,5.39,134549,71826048.0,2.97,4.44,0.19,0.01
2018-12-14,5.37,5.48,5.04,5.15,225659,118162913.0,8.16,7.45,-4.45,-0.24
2018-12-17,5.13,5.22,5.02,5.17,155105,79345644.0,3.88,5.12,0.39,0.02
2018-12-18,5.12,5.12,4.69,4.81,206845,101018379.0,8.32,6.83,-6.96,-0.36
2018-12-19,4.82,4.86,4.72,4.77,104201,49969324.0,2.91,3.44,-0.83,-0.04
2018-12-20,4.77,4.82,4.72,4.79,84470,40295475.0,2.1,2.79,0.42,0.02
2018-12-21,4.8,4.92,4.7,4.85,134252,64726090.0,4.59,4.43,1.25,0.06
2018-12-24,4.77,4.83,4.73,4.79,86791,41412258.0,2.06,2.86,-1.24,-0.06
2018-12-25,4.69,4.71,4.42,4.6,100904,46080072.0,6.05,3.33,-3.97,-0.19
2018-12-26,4.6,4.64,4.51,4.51,65639,30007956.0,2.83,2.17,-1.96,-0.09
2018-12-27,4.63,4.65,4.35,4.35,76894,34628336.0,6.65,2.54,-3.55,-0.16
2018-12-28,4.37,4.44,4.33,4.36,58488,25652584.0,2.53,1.93,0.23,0.01
2019-01-02,4.39,4.7,4.36,4.49,89543,40555968.0,7.8,2.96,2.98,0.13
2019-01-03,4.49,4.6,4.45,4.58,84441,38339393.0,3.34,2.79,2.0,0.09
2019-01-04,4.43,4.7,4.4,4.66,110530,50729657.0,6.55,3.65,1.75,0.08
2019-01-07,4.74,4.84,4.69,4.71,128011,60850869.0,3.22,4.23,1.07,0.05
2019-01-08,4.68,4.79,4.63,4.76,88181,41607220.0,3.4,2.91,1.06,0.05
2019-01-09,4.73,5.01,4.71,4.81,149605,72225672.0,6.3,4.94,1.05,0.05
2019-01-10,4.79,4.85,4.65,4.67,90060,42705654.0,4.16,2.97,-2.91,-0.14
2019-01-11,4.72,4.87,4.68,4.83,117230,56370472.0,4.07,3.87,3.43,0.16
2019-01-14,4.84,4.9,4.75,4.79,76854,37045874.0,3.11,2.54,-0.83,-0.04
2019-01-15,4.78,4.84,4.69,4.83,69194,33053423.0,3.13,2.28,0.84,0.04
2019-01-16,4.84,4.89,4.76,4.82,83661,40382603.0,2.69,2.76,-0.21,-0.01
2019-01-17,4.81,4.81,4.69,4.69,67531,31935666.0,2.49,2.23,-2.7,-0.13
2019-01-18,4.71,4.75,4.62,4.68,50021,23400876.0,2.77,1.65,-0.21,-0.01
2019-01-21,4.71,4.78,4.65,4.73,40908,19299958.0,2.78,1.35,1.07,0.05
2019-01-22,4.73,4.74,4.57,4.59,50046,23190224.0,3.59,1.65,-2.96,-0.14
2019-01-23,4.59,4.67,4.59,4.65,36823,17092411.0,1.74,1.22,1.31,0.06
2019-01-24,4.65,4.66,4.59,4.62,34033,15737707.0,1.51,1.12,-0.65,-0.03
2019-01-25,4.6,4.71,4.57,4.59,47523,22070472.0,3.03,1.57,-0.65,-0.03
2019-01-28,4.59,4.62,4.42,4.43,54155,24433827.0,4.36,1.79,-3.49,-0.16
2019-01-29,4.41,4.48,4.28,4.37,39221,17175697.0,4.51,1.29,-1.35,-0.06
2019-01-30,4.44,4.44,4.2,4.21,40207,17351790.0,5.49,1.33,-3.66,-0.16
2019-01-31,4.18,4.25,3.92,4.04,64793,26530033.0,7.84,2.14,-4.04,-0.17
2019-02-01,4.04,4.19,4.04,4.17,28315,11699023.0,3.71,0.93,3.22,0.13
2019-02-11,4.18,4.29,4.17,4.27,39559,16751152.0,2.88,1.31,2.4,0.1
2019-02-12,4.28,4.44,4.24,4.34,53671,23290306.0,4.68,1.77,1.64,0.07
2019-02-13,4.35,4.49,4.29,4.42,67772,29786535.0,4.61,2.24,1.84,0.08
2019-02-14,4.39,4.52,4.34,4.46,67889,30186373.0,4.07,2.24,0.9,0.04
2019-02-15,4.46,4.62,4.42,4.56,109616,49624180.0,4.48,3.62,2.24,0.1
2019-02-18,4.65,4.74,4.56,4.68,131270,60944670.0,3.95,4.33,2.63,0.12
2019-02-19,4.9,5.02,4.64,4.74,225963,108824705.0,8.12,7.46,1.28,0.06
2019-02-20,4.65,4.68,4.53,4.62,119898,55274019.0,3.16,3.96,-2.53,-0.12
2019-02-21,4.61,4.73,4.55,4.59,122346,56795872.0,3.9,4.04,-0.65,-0.03
2019-02-22,4.59,4.76,4.59,4.71,110083,51653312.0,3.7,3.63,2.61,0.12
2019-02-25,4.71,4.97,4.7,4.91,181315,87768968.0,5.73,5.98,4.25,0.2
2019-02-26,4.95,5.17,4.8,4.9,174888,87148146.0,7.54,5.77,-0.2,-0.01
2019-02-27,5.0,5.15,4.9,5.02,150048,75217094.0,5.1,4.95,2.45,0.12
2019-02-28,4.99,5.08,4.92,5.05,124998,62579110.0,3.19,4.13,0.6,0.03
2019-03-01,5.02,5.05,4.84,4.93,101171,49795299.0,4.16,3.34,-2.38,-0.12
2019-03-04,4.94,5.07,4.91,4.97,135160,67514975.0,3.25,4.46,0.81,0.04
2019-03-05,4.99,5.13,4.93,5.13,151350,76555224.0,4.02,5.0,3.22,0.16
2019-03-06,5.11,5.24,5.0,5.23,172974,89158365.0,4.68,5.71,1.95,0.1
2019-03-07,5.22,5.41,5.14,5.25,166853,88101683.0,5.16,5.51,0.38,0.02
2019-03-08,5.15,5.19,4.83,4.85,150281,76081365.0,6.86,4.96,-7.62,-0.4
2019-03-11,4.96,5.34,4.91,5.34,97716,50910741.0,8.87,3.23,10.1,0.49
2019-03-12,5.68,5.87,5.47,5.74,477584,275991328.0,7.49,15.76,7.49,0.4
2019-03-13,5.69,5.7,5.35,5.44,314793,174313814.0,6.1,10.39,-5.23,-0.3
2019-03-14,5.38,5.46,5.05,5.19,180772,94071967.0,7.54,5.97,-4.6,-0.25
2019-03-15,5.28,5.71,5.23,5.56,358631,199585765.0,9.25,11.84,7.13,0.37
2019-03-18,5.44,5.6,5.4,5.55,239651,131526808.0,3.6,7.91,-0.18,-0.01
2019-03-19,5.49,5.5,5.38,5.4,139997,76151837.0,2.16,4.62,-2.7,-0.15
2019-03-20,5.43,5.59,5.34,5.54,165836,90832187.0,4.63,5.47,2.59,0.14
2019-03-21,5.5,5.75,5.48,5.6,212875,119941938.0,4.87,7.03,1.08,0.06
2019-03-22,5.58,5.68,5.47,5.65,159575,89047939.0,3.75,5.27,0.89,0.05
2019-03-25,5.47,6.22,5.4,5.92,362404,213306181.0,14.51,11.96,4.78,0.27
2019-03-26,5.81,5.84,5.4,5.43,252317,141352605.0,7.43,8.33,-8.28,-0.49
2019-03-27,5.5,5.52,5.22,5.33,108773,58195020.0,5.52,3.59,-1.84,-0.1
2019-03-28,5.26,5.42,5.21,5.24,96977,51699528.0,3.94,3.2,-1.69,-0.09
2019-03-29,5.25,5.42,5.23,5.38,114162,61011104.0,3.63,3.77,2.67,0.14
2019-04-01,5.38,5.56,5.38,5.5,138619,76053871.0,3.35,4.58,2.23,0.12
2019-04-02,5.51,5.62,5.46,5.47,126450,69811551.0,2.91,4.17,-0.55,-0.03
2019-04-03,5.5,5.67,5.41,5.63,164129,91512122.0,4.75,5.42,2.93,0.16
2019-04-04,5.65,5.66,5.48,5.57,119706,66490517.0,3.2,3.95,-1.07,-0.06
2019-04-08,5.58,5.62,5.36,5.48,112663,61803102.0,4.67,3.72,-1.62,-0.09
2019-04-09,5.46,5.52,5.38,5.46,105999,57794393.0,2.55,3.5,-0.36,-0.02
2019-04-10,5.44,5.56,5.38,5.48,96445,52815305.0,3.3,3.18,0.37,0.02
2019-04-11,5.47,5.88,5.45,5.48,185561,103683760.0,7.85,6.12,0.0,0.0
2019-04-12,5.43,5.47,5.29,5.39,112494,60350111.0,3.28,3.71,-1.64,-0.09
2019-04-15,5.4,5.54,5.29,5.29,93171,50721109.0,4.64,3.08,-1.86,-0.1
2019-04-16,5.27,5.41,5.2,5.37,88822,46995900.0,3.97,2.93,1.51,0.08
2019-04-17,5.35,5.44,5.33,5.39,79455,42895407.0,2.05,2.62,0.37,0.02
2019-04-18,5.4,5.43,5.32,5.36,73164,39374140.0,2.04,2.41,-0.56,-0.03
2019-04-19,5.36,5.5,5.23,5.42,100764,54055608.0,5.04,3.33,1.12,0.06
2019-04-22,5.37,5.56,5.33,5.53,170588,93451609.0,4.24,5.63,2.03,0.11
2019-04-23,5.46,5.49,5.18,5.23,126097,67194452.0,5.61,4.16,-5.42,-0.3
2019-04-24,5.22,5.29,5.14,5.24,69491,36214329.0,2.87,2.29,0.19,0.01
2019-04-25,5.23,5.23,4.9,4.91,85688,43434216.0,6.3,2.83,-6.3,-0.33
2019-04-26,4.89,5.0,4.84,4.88,41475,20336964.0,3.26,1.37,-0.61,-0.03
2019-04-29,4.88,4.93,4.46,4.64,58211,27534557.0,9.63,1.92,-4.92,-0.24
2019-04-30,4.66,4.8,4.6,4.74,38467,18170436.0,4.31,1.27,2.16,0.1
2019-05-06,4.51,4.68,4.34,4.35,65015,29139873.0,7.17,2.15,-8.23,-0.39
2019-05-07,4.39,4.53,4.36,4.43,39159,17383300.0,3.91,1.29,1.84,0.08
2019-05-08,4.38,4.47,4.33,4.4,32838,14463627.0,3.16,1.08,-0.68,-0.03
2019-05-09,4.39,4.45,4.34,4.35,31445,13833831.0,2.5,1.04,-1.14,-0.05
2019-05-10,4.38,4.53,4.31,4.5,59388,26430674.0,5.06,1.96,3.45,0.15
2019-05-13,4.49,4.57,4.45,4.52,43968,19855738.0,2.67,1.45,0.44,0.02
2019-05-14,4.44,4.56,4.43,4.45,37296,16696696.0,2.88,1.23,-1.55,-0.07
2019-05-15,4.47,4.57,4.46,4.55,38699,17531917.0,2.47,1.28,2.25,0.1
2019-05-16,4.55,4.66,4.51,4.61,35477,16310070.0,3.3,1.17,1.32,0.06
2019-05-17,4.62,4.64,4.28,4.34,55859,24966301.0,7.81,1.84,-5.86,-0.27
2019-05-20,4.34,4.37,4.1,4.28,35168,14882227.0,6.22,1.16,-1.38,-0.06
2019-05-21,4.27,4.44,4.26,4.39,37801,16568397.0,4.21,1.25,2.57,0.11
2019-05-22,4.42,4.46,4.3,4.35,29424,12879503.0,3.64,0.97,-0.91,-0.04
2019-05-23,4.35,4.42,4.18,4.21,35384,15164156.0,5.52,1.17,-3.22,-0.14
2019-05-24,4.18,4.28,4.18,4.23,27898,11812168.0,2.38,0.92,0.48,0.02
2019-05-27,4.3,4.65,4.23,4.65,117564,53653693.0,9.93,3.88,9.93,0.42
2019-05-28,4.54,4.76,4.48,4.6,164553,76157347.0,6.02,5.43,-1.08,-0.05
2019-05-29,4.51,4.62,4.47,4.6,83979,38171578.0,3.26,2.77,0.0,0.0
2019-05-30,4.54,4.55,4.44,4.51,61655,27654407.0,2.39,2.03,-1.96,-0.09
2019-05-31,4.48,4.55,4.38,4.43,49420,22039072.0,3.77,1.63,-1.77,-0.08
2019-06-03,4.36,4.5,4.34,4.39,40222,17658700.0,3.61,1.33,-0.9,-0.04
2019-06-04,4.36,4.43,4.21,4.27,42171,18106316.0,5.01,1.39,-2.73,-0.12
2019-06-05,4.31,4.37,4.27,4.3,32337,13955659.0,2.34,1.07,0.7,0.03
2019-06-06,4.31,4.31,4.05,4.07,53982,22404501.0,6.05,1.78,-5.35,-0.23
2019-06-10,4.14,4.18,4.07,4.17,30268,12536992.0,2.7,1.0,2.46,0.1
2019-06-11,4.16,4.33,4.15,4.32,41706,17804111.0,4.32,1.38,3.6,0.15
2019-06-12,4.31,4.75,4.31,4.75,131433,62306044.0,10.19,4.34,9.95,0.43
2019-06-13,4.6,4.75,4.52,4.56,166005,76459412.0,4.84,5.48,-4.0,-0.19
2019-06-14,4.61,4.64,4.47,4.47,88915,40589974.0,3.73,2.93,-1.97,-0.09
2019-06-17,4.46,4.55,4.42,4.51,56528,25381880.0,2.91,1.87,0.89,0.04
2019-06-18,4.47,4.53,4.44,4.48,33817,15159076.0,2.0,1.12,-0.67,-0.03
2019-06-19,4.56,4.62,4.46,4.48,49231,22320733.0,3.57,1.62,0.0,0.0
2019-06-20,4.44,4.58,4.43,4.53,47457,21527776.0,3.35,1.57,1.12,0.05
2019-06-21,4.69,4.74,4.6,4.62,73884,34275258.0,3.09,2.44,1.99,0.09
2019-06-24,4.62,4.68,4.52,4.68,62319,28771242.0,3.46,2.06,1.3,0.06
2019-06-25,4.65,4.67,4.49,4.56,56955,25990697.0,3.85,1.88,-2.56,-0.12
2019-06-26,4.54,4.57,4.48,4.53,31855,14432649.0,1.97,1.05,-0.66,-0.03
2019-06-27,4.64,4.64,4.51,4.52,33212,15185136.0,2.87,1.1,-0.22,-0.01
2019-06-28,4.52,4.53,4.42,4.47,26818,11967525.0,2.43,0.89,-1.11,-0.05
2019-07-01,4.51,4.65,4.51,4.61,57893,26576738.0,3.13,1.91,3.13,0.14
2019-07-02,4.58,4.62,4.55,4.61,32813,15038064.0,1.52,1.08,0.0,0.0
2019-07-03,4.61,4.61,4.49,4.51,27607,12497009.0,2.6,0.91,-2.17,-0.1
2019-07-04,4.5,4.57,4.49,4.53,23826,10768267.0,1.77,0.79,0.44,0.02
2019-07-05,4.53,4.53,4.45,4.5,18847,8474925.0,1.77,0.62,-0.66,-0.03
2019-07-08,4.46,4.59,4.28,4.36,50133,22056220.0,6.89,1.65,-3.11,-0.14
2019-07-09,4.35,4.35,4.27,4.34,20957,9025955.0,1.83,0.69,-0.46,-0.02
2019-07-10,4.34,4.34,4.28,4.29,12689,5464667.0,1.38,0.42,-1.15,-0.05
2019-07-11,4.3,4.36,4.24,4.26,13963,5998341.0,2.8,0.46,-0.7,-0.03
2019-07-12,4.21,4.34,4.21,4.32,16170,6955281.0,3.05,0.53,1.41,0.06
2019-07-15,4.29,4.42,4.25,4.37,25404,11040648.0,3.94,0.84,1.16,0.05
2019-07-16,4.37,4.42,4.34,4.4,16958,7447241.0,1.83,0.56,0.69,0.03
2019-07-17,4.39,4.48,4.37,4.4,24761,10953354.0,2.5,0.82,0.0,0.0
2019-07-18,4.37,4.4,4.27,4.29,21927,9467828.0,2.95,0.72,-2.5,-0.11
2019-07-19,4.29,4.72,4.29,4.43,81908,36865446.0,10.02,2.7,3.26,0.14
2019-07-22,4.41,4.41,4.18,4.22,57619,24608099.0,5.19,1.9,-4.74,-0.21
2019-07-23,4.21,4.51,4.21,4.31,41681,18020325.0,7.11,1.38,2.13,0.09
2019-07-24,4.29,4.5,4.29,4.5,66999,29746157.0,4.87,2.21,4.41,0.19
2019-07-25,4.45,4.47,4.38,4.45,53269,23535937.0,2.0,1.76,-1.11,-0.05
2019-07-26,4.41,4.53,4.41,4.44,42953,19165570.0,2.7,1.42,-0.22,-0.01
2019-07-29,4.41,4.43,4.3,4.34,38931,16954474.0,2.93,1.28,-2.25,-0.1
2019-07-30,4.31,4.37,4.3,4.36,19852,8618444.0,1.61,0.66,0.46,0.02
2019-07-31,4.34,4.36,4.24,4.29,24170,10357218.0,2.75,0.8,-1.61,-0.07
2019-08-01,4.25,4.32,4.24,4.28,16706,7145761.0,1.86,0.55,-0.23,-0.01
2019-08-02,4.22,4.26,4.15,4.21,24269,10182081.0,2.57,0.8,-1.64,-0.07
2019-08-05,4.2,4.24,4.1,4.11,22513,9371984.0,3.33,0.74,-2.38,-0.1
2019-08-06,4.04,4.04,3.81,3.96,43555,17086347.0,5.6,1.44,-3.65,-0.15
2019-08-07,3.95,3.98,3.89,3.9,28233,11096525.0,2.27,0.93,-1.52,-0.06
2019-08-08,3.92,3.94,3.89,3.9,26380,10323460.0,1.28,0.87,0.0,0.0
2019-08-09,3.91,3.95,3.85,3.86,18010,7007937.0,2.56,0.59,-1.03,-0.04
2019-08-12,3.88,3.98,3.81,3.97,25957,10188100.0,4.4,0.86,2.85,0.11
2019-08-13,3.97,4.0,3.93,3.95,25732,10178757.0,1.76,0.85,-0.5,-0.02
2019-08-14,3.98,4.01,3.95,3.95,18141,7220274.0,1.52,0.6,0.0,0.0
2019-08-15,3.81,3.96,3.8,3.96,23937,9320988.0,4.05,0.79,0.25,0.01
2019-08-16,3.94,4.22,3.94,4.06,60576,24721621.0,7.07,2.0,2.53,0.1
2019-08-19,4.47,4.47,4.44,4.47,92618,41397315.0,0.74,3.06,10.1,0.41
2019-08-20,4.8,4.92,4.62,4.92,191341,92634061.0,6.71,6.32,10.07,0.45
2019-08-21,5.41,5.41,5.41,5.41,56004,30298158.0,0.0,1.85,9.96,0.49
2019-08-22,5.95,5.95,5.6,5.91,913790,536216880.0,6.47,30.16,9.24,0.5
2019-08-23,5.58,5.64,5.32,5.32,661474,357381712.0,5.41,21.83,-9.98,-0.59
2019-08-26,4.92,5.32,4.92,5.1,467898,237438126.0,7.52,15.44,-4.14,-0.22
2019-08-27,5.0,5.4,4.97,5.16,458035,236740323.0,8.43,15.12,1.18,0.06
2019-08-28,5.24,5.68,5.2,5.68,577085,310829552.0,9.3,19.05,10.08,0.52
2019-08-29,5.84,6.25,5.45,6.25,787583,468168160.0,14.08,25.99,10.04,0.57
2019-08-30,6.1,6.28,5.63,5.63,629353,373014352.0,10.4,20.77,-9.92,-0.62
2019-09-02,5.47,6.19,5.21,6.19,617814,353802688.0,17.41,20.39,9.95,0.56
2019-09-03,6.06,6.49,5.9,5.91,664425,407701184.0,9.53,21.93,-4.52,-0.28
2019-09-04,5.66,5.97,5.56,5.77,433857,248680338.0,6.94,14.32,-2.37,-0.14
2019-09-05,5.69,5.85,5.61,5.62,353643,202089896.0,4.16,11.67,-2.6,-0.15
2019-09-06,5.56,5.81,5.5,5.59,265697,150033104.0,5.52,8.77,-0.53,-0.03
2019-09-09,5.63,5.65,5.1,5.56,227829,125116430.0,9.84,7.52,-0.54,-0.03
2019-09-10,5.67,5.67,5.46,5.48,193383,107376676.0,3.78,6.38,-1.44,-0.08
2019-09-11,5.46,5.52,5.28,5.31,177472,95816450.0,4.38,5.86,-3.1,-0.17
2019-09-12,5.36,5.42,5.32,5.34,100202,53730590.0,1.88,3.31,0.56,0.03
2019-09-16,5.39,5.39,5.3,5.35,100590,53665289.0,1.69,3.32,0.19,0.01
2019-09-17,5.3,5.59,5.3,5.41,241937,132278092.0,5.42,7.99,1.12,0.06
2019-09-18,5.32,5.42,5.18,5.19,157871,82925929.0,4.44,5.21,-4.07,-0.22
2019-09-19,5.12,5.2,4.97,5.14,144153,72976823.0,4.43,4.76,-0.96,-0.05
2019-09-20,5.12,5.15,5.05,5.09,77946,39718860.0,1.95,2.57,-0.97,-0.05
2019-09-23,5.05,5.14,4.97,5.12,93336,47096509.0,3.34,3.08,0.59,0.03
2019-09-24,5.09,5.15,5.02,5.06,92527,47011668.0,2.54,3.05,-1.17,-0.06
2019-09-25,5.06,5.12,4.98,5.04,83786,42224664.0,2.77,2.77,-0.4,-0.02
2019-09-26,5.01,5.03,4.72,4.74,109714,53048940.0,6.15,3.62,-5.95,-0.3
2019-09-27,4.76,4.93,4.71,4.87,95317,46309896.0,4.64,3.15,2.74,0.13
2019-09-30,4.91,4.98,4.77,4.77,52589,25442475.0,4.31,1.74,-2.05,-0.1
2019-10-08,4.8,4.9,4.75,4.79,58979,28558939.0,3.14,1.95,0.42,0.02
2019-10-09,4.74,4.89,4.73,4.86,66444,32110207.0,3.34,2.19,1.46,0.07
2019-10-10,4.9,4.9,4.82,4.87,56822,27590565.0,1.65,1.88,0.21,0.01
2019-10-11,4.89,4.92,4.81,4.9,66508,32440185.0,2.26,2.2,0.62,0.03
2019-10-14,4.95,5.04,4.89,4.98,82845,41181824.0,3.06,2.73,1.63,0.08
2019-10-15,4.91,5.18,4.81,5.05,163009,81243082.0,7.43,5.38,1.41,0.07
2019-10-16,4.97,5.0,4.82,4.85,93492,45795918.0,3.56,3.09,-3.96,-0.2
2019-10-17,4.8,4.88,4.72,4.75,59610,28531668.0,3.3,1.97,-2.06,-0.1
2019-10-18,4.73,4.8,4.62,4.62,57657,27051429.0,3.79,1.9,-2.74,-0.13
2019-10-21,4.79,4.79,4.6,4.65,61301,28678536.0,4.11,2.02,0.65,0.03
2019-10-22,4.64,4.65,4.51,4.65,58265,26703727.0,3.01,1.92,0.0,0.0
2019-10-23,4.64,4.65,4.53,4.53,38711,17749685.0,2.58,1.28,-2.58,-0.12
2019-10-24,4.57,4.58,4.48,4.52,33655,15203727.0,2.21,1.11,-0.22,-0.01
2019-10-25,4.53,4.58,4.46,4.56,38706,17506779.0,2.65,1.28,0.88,0.04
2019-10-28,4.54,4.64,4.51,4.6,61504,28259740.0,2.85,2.03,0.88,0.04
2019-10-29,4.58,4.63,4.45,4.47,54770,24917822.0,3.91,1.81,-2.83,-0.13
2019-10-30,4.47,4.57,4.41,4.44,45309,20324932.0,3.58,1.5,-0.67,-0.03
2019-10-31,4.43,4.49,4.31,4.31,52067,22731205.0,4.05,1.72,-2.93,-0.13
2019-11-01,4.31,4.41,4.28,4.39,43477,18982601.0,3.02,1.43,1.86,0.08
2019-11-04,4.41,4.45,4.36,4.38,33094,14574870.0,2.05,1.09,-0.23,-0.01
2019-11-05,4.37,4.4,4.31,4.35,29105,12715497.0,2.05,0.96,-0.68,-0.03
2019-11-06,4.38,4.39,4.25,4.31,44166,19083904.0,3.22,1.46,-0.92,-0.04
2019-11-07,4.3,4.39,4.28,4.37,40387,17572795.0,2.55,1.33,1.39,0.06
2019-11-08,4.38,4.42,4.33,4.34,30508,13289721.0,2.06,1.01,-0.69,-0.03
2019-11-11,4.31,4.32,4.16,4.18,45307,19085584.0,3.69,1.5,-3.69,-0.16
2019-11-12,4.2,4.38,4.18,4.33,62903,26936025.0,4.78,2.08,3.59,0.15
2019-11-13,4.33,4.4,4.3,4.4,60209,26322637.0,2.31,1.99,1.62,0.07
2019-11-14,4.39,4.45,4.31,4.34,57789,25289141.0,3.18,1.91,-1.36,-0.06
2019-11-15,4.34,4.4,4.25,4.39,59556,25800082.0,3.46,1.97,1.15,0.05
2019-11-18,4.34,4.52,4.19,4.43,87521,38806000.0,7.52,2.89,0.91,0.04
2019-11-19,4.42,4.49,4.36,4.47,63352,28106708.0,2.93,2.09,0.9,0.04
2019-11-20,4.43,4.54,4.42,4.47,75120,33720974.0,2.68,2.48,0.0,0.0
2019-11-21,4.44,4.62,4.44,4.61,87090,39568086.0,4.03,2.87,3.13,0.14
2019-11-22,4.61,4.63,4.4,4.43,88113,39658707.0,4.99,2.91,-3.9,-0.18
2019-11-25,4.39,4.42,4.28,4.3,54629,23601086.0,3.16,1.8,-2.93,-0.13
2019-11-26,4.31,4.34,4.26,4.33,39128,16842663.0,1.86,1.29,0.7,0.03
2019-11-27,4.35,4.59,4.27,4.44,85384,37919739.0,7.39,2.82,2.54,0.11
2019-11-28,4.41,4.44,4.3,4.31,55363,24151024.0,3.15,1.83,-2.93,-0.13
2019-11-29,4.3,4.32,4.23,4.26,36401,15534295.0,2.09,1.2,-1.16,-0.05
2019-12-02,4.26,4.31,4.25,4.29,25104,10750909.0,1.41,0.83,0.7,0.03
2019-12-03,4.28,4.36,4.25,4.33,32984,14228582.0,2.56,1.09,0.93,0.04
2019-12-04,4.31,4.44,4.31,4.39,45845,20092708.0,3.0,1.51,1.39,0.06
2019-12-05,4.38,4.44,4.36,4.42,38570,17012663.0,1.82,1.27,0.68,0.03
2019-12-06,4.44,4.47,4.42,4.47,37529,16696475.0,1.13,1.24,1.13,0.05
2019-12-09,4.45,4.5,4.43,4.46,31837,14202503.0,1.57,1.05,-0.22,-0.01
2019-12-10,4.44,4.52,4.43,4.48,46884,20956716.0,2.02,1.55,0.45,0.02
2019-12-11,4.49,4.77,4.39,4.53,98042,44366886.0,8.48,3.24,1.12,0.05
2019-12-12,4.44,4.5,4.39,4.4,72550,32158587.0,2.43,2.39,-2.87,-0.13
2019-12-13,4.43,4.46,4.4,4.44,42313,18737182.0,1.36,1.4,0.91,0.04
2019-12-16,4.45,4.52,4.42,4.51,59633,26764108.0,2.25,1.97,1.58,0.07
2019-12-17,4.49,4.61,4.49,4.59,89210,40815873.0,2.66,2.94,1.77,0.08
2019-12-18,4.59,4.67,4.58,4.62,87279,40322885.0,1.96,2.88,0.65,0.03
2019-12-19,4.61,4.69,4.57,4.69,69731,32385287.0,2.6,2.3,1.52,0.07
2019-12-20,4.7,4.74,4.55,4.56,58467,27048564.0,4.05,1.93,-2.77,-0.13
2019-12-23,4.54,4.6,4.44,4.44,42015,19014549.0,3.51,1.39,-2.63,-0.12
2019-12-24,4.46,4.57,4.45,4.56,42271,19084493.0,2.7,1.4,2.7,0.12
2019-12-25,4.56,4.61,4.48,4.54,45925,20897393.0,2.85,1.52,-0.44,-0.02
2019-12-26,4.57,4.61,4.52,4.59,44934,20540362.0,1.98,1.48,1.1,0.05
2019-12-27,4.6,4.64,4.55,4.55,49640,22819462.0,1.96,1.64,-0.87,-0.04
2019-12-30,4.5,4.55,4.35,4.49,51754,23092849.0,4.4,1.71,-1.32,-0.06
2019-12-31,4.48,4.56,4.45,4.52,34744,15667742.0,2.45,1.15,0.67,0.03
2020-01-02,4.53,4.61,4.51,4.58,60576,27683095.0,2.21,2.0,1.33,0.06
2020-01-03,4.59,4.63,4.55,4.6,52726,24203947.0,1.75,1.74,0.44,0.02
2020-01-06,4.56,4.65,4.52,4.61,61255,28164910.0,2.83,2.02,0.22,0.01
2020-01-07,4.61,4.69,4.6,4.69,74589,34729837.0,1.95,2.46,1.74,0.08
2020-01-08,4.67,4.67,4.53,4.56,71864,33106110.0,2.99,2.37,-2.77,-0.13
2020-01-09,4.59,4.67,4.59,4.63,49411,22854517.0,1.75,1.63,1.54,0.07
2020-01-10,4.65,4.82,4.62,4.66,136493,64171921.0,4.32,4.51,0.65,0.03
2020-01-13,4.6,4.62,4.51,4.59,67523,30766009.0,2.36,2.23,-1.5,-0.07
2020-01-14,4.59,4.63,4.55,4.63,61841,28416251.0,1.74,2.04,0.87,0.04
2020-01-15,4.6,4.6,4.51,4.52,60183,27326487.0,1.94,1.99,-2.38,-0.11
2020-01-16,4.54,4.54,4.4,4.42,67953,30240091.0,3.1,2.24,-2.21,-0.1
2020-01-17,4.43,4.46,4.37,4.37,31045,13681823.0,2.04,1.02,-1.13,-0.05
2020-01-20,4.4,4.41,4.34,4.38,34628,15173937.0,1.6,1.14,0.23,0.01
2020-01-21,4.41,4.41,4.28,4.3,43346,18727739.0,2.97,1.43,-1.83,-0.08
2020-01-22,4.3,4.33,4.22,4.31,33393,14290549.0,2.56,1.1,0.23,0.01
2020-01-23,3.88,4.08,3.88,4.0,95725,38311926.0,4.64,3.16,-7.19,-0.31
2020-02-03,3.6,3.6,3.6,3.6,13776,4959360.0,0.0,0.45,-10.0,-0.4
2020-02-04,3.25,3.48,3.25,3.4,82100,27724645.0,6.39,2.71,-5.56,-0.2
2020-02-05,3.42,3.54,3.4,3.53,57622,20147292.0,4.12,1.9,3.82,0.13
2020-02-06,3.55,3.56,3.47,3.53,70142,24590458.0,2.55,2.32,0.0,0.0
2020-02-07,3.52,3.59,3.49,3.58,59572,21041992.0,2.83,1.97,1.42,0.05
2020-02-10,3.56,3.69,3.53,3.65,59898,21646966.0,4.47,1.98,1.96,0.07
2020-02-11,3.7,4.02,3.7,4.02,72795,28505199.0,8.77,2.4,10.14,0.37
2020-02-12,4.02,4.2,3.87,3.95,182973,72964098.0,8.21,6.04,-1.74,-0.07
2020-02-13,3.83,3.92,3.76,3.8,106044,40476635.0,4.05,3.5,-3.8,-0.15
2020-02-14,3.77,3.81,3.7,3.77,55661,20983577.0,2.89,1.84,-0.79,-0.03
2020-02-17,3.84,3.87,3.78,3.86,62396,24026565.0,2.39,2.06,2.39,0.09
2020-02-18,3.83,3.93,3.82,3.92,67860,26369509.0,2.85,2.24,1.55,0.06
2020-02-19,3.92,3.94,3.87,3.9,56549,22095814.0,1.79,1.87,-0.51,-0.02
2020-02-20,3.9,3.96,3.85,3.95,66075,25859956.0,2.82,2.18,1.28,0.05
2020-02-21,3.93,4.09,3.91,4.01,78556,31407475.0,4.56,2.59,1.52,0.06
2020-02-24,3.99,3.99,3.91,3.96,54218,21415554.0,2.0,1.79,-1.25,-0.05
2020-02-25,3.9,3.9,3.74,3.86,72032,27584184.0,4.04,2.38,-2.53,-0.1
2020-02-26,3.86,4.05,3.82,3.93,71491,28181715.0,5.96,2.36,1.81,0.07
2020-02-27,3.91,3.94,3.86,3.93,48116,18785417.0,2.04,1.59,0.0,0.0
2020-02-28,3.83,3.85,3.7,3.7,60821,22971833.0,3.82,2.01,-5.85,-0.23
2020-03-02,3.71,3.83,3.69,3.83,39940,15149475.0,3.78,1.32,3.51,0.13
2020-03-03,3.85,4.21,3.8,4.21,107438,43059363.0,10.7,3.55,9.92,0.38
2020-03-04,4.2,4.54,3.96,4.36,229599,96931504.0,13.78,7.58,3.56,0.15
2020-03-05,4.2,4.53,4.2,4.34,172927,75321299.0,7.57,5.71,-0.46,-0.02
2020-03-06,4.25,4.48,4.18,4.37,133189,57732056.0,6.91,4.4,0.69,0.03
2020-03-09,4.29,4.48,4.25,4.32,136566,59824873.0,5.26,4.51,-1.14,-0.05
2020-03-10,4.2,4.29,4.0,4.28,110276,46305733.0,6.71,3.64,-0.93,-0.04
2020-03-11,4.3,4.66,4.22,4.48,204800,91097923.0,10.28,6.76,4.67,0.2
2020-03-12,4.4,4.7,4.3,4.68,240671,109227451.0,8.93,7.94,4.46,0.2
2020-03-13,4.46,5.15,4.46,5.15,347231,174372583.0,14.74,11.46,10.04,0.47
2020-03-16,5.32,5.43,4.64,4.64,474294,234530846.0,15.34,15.65,-9.9,-0.51
2020-03-17,4.25,4.46,4.18,4.29,241297,103827410.0,6.03,7.96,-7.54,-0.35
2020-03-18,4.3,4.37,3.9,3.92,183368,76433196.0,10.96,6.05,-8.62,-0.37
2020-03-19,3.82,3.96,3.69,3.79,134577,51227568.0,6.89,4.44,-3.32,-0.13
2020-03-20,3.8,3.87,3.72,3.83,90701,34510679.0,3.96,2.99,1.06,0.04
2020-03-23,3.72,3.81,3.53,3.57,92460,33922491.0,7.31,3.05,-6.79,-0.26
2020-03-24,3.61,3.68,3.52,3.67,69896,25319229.0,4.48,2.31,2.8,0.1
2020-03-25,3.74,3.82,3.71,3.8,63173,23836371.0,3.0,2.09,3.54,0.13
2020-03-26,3.76,3.92,3.72,3.79,71254,27235580.0,5.26,2.35,-0.26,-0.01
2020-03-27,3.84,3.84,3.72,3.74,58146,21920179.0,3.17,1.92,-1.32,-0.05
2020-03-30,3.7,3.7,3.54,3.58,54321,19511576.0,4.28,1.79,-4.28,-0.16
2020-03-31,3.59,3.63,3.54,3.55,43300,15471590.0,2.51,1.43,-0.84,-0.03
2020-04-01,3.55,3.57,3.41,3.47,59252,20733158.0,4.51,1.96,-2.25,-0.08
2020-04-02,3.46,3.55,3.42,3.54,44250,15431296.0,3.75,1.46,2.02,0.07
2020-04-03,3.54,3.89,3.51,3.89,168122,63389270.0,10.73,5.55,9.89,0.35
2020-04-07,3.79,3.98,3.77,3.9,202928,78595836.0,5.4,6.7,0.26,0.01
2020-04-08,3.88,3.88,3.76,3.76,115859,43969987.0,3.08,3.82,-3.59,-0.14
2020-04-09,3.77,3.9,3.76,3.82,92147,35279698.0,3.72,3.04,1.6,0.06
2020-04-10,3.78,3.8,3.71,3.74,65787,24679978.0,2.36,2.17,-2.09,-0.08
2020-04-13,3.72,3.73,3.58,3.6,57305,20753285.0,4.01,1.89,-3.74,-0.14
2020-04-14,3.65,3.67,3.6,3.65,34032,12375938.0,1.94,1.12,1.39,0.05
2020-04-15,3.63,3.67,3.56,3.57,47521,17160244.0,3.01,1.57,-2.19,-0.08
2020-04-16,3.56,3.63,3.55,3.6,40877,14732814.0,2.24,1.35,0.84,0.03
2020-04-17,3.63,3.64,3.57,3.61,48655,17549395.0,1.94,1.61,0.28,0.01
2020-04-20,3.6,3.96,3.6,3.79,124268,47311832.0,9.97,4.1,4.99,0.18
2020-04-21,3.8,4.17,3.73,4.02,270310,109047446.0,11.61,8.92,6.07,0.23
2020-04-22,3.86,4.07,3.66,3.88,232817,88557893.0,10.2,7.68,-3.48,-0.14
2020-04-23,3.84,3.86,3.72,3.72,120103,45426489.0,3.61,3.96,-4.12,-0.16
2020-04-24,3.68,3.77,3.61,3.62,90721,33378633.0,4.3,2.99,-2.69,-0.1
2020-04-27,3.58,3.65,3.5,3.53,92588,33155081.0,4.14,3.06,-2.49,-0.09
2020-04-29,3.35,3.35,3.35,3.35,4155,1391925.0,0.0,0.14,-5.1,-0.18
2020-04-30,3.18,3.18,3.18,3.18,6497,2066046.0,0.0,0.21,-5.07,-0.17
2020-05-06,3.02,3.02,3.02,3.02,5185,1565870.0,0.0,0.17,-5.03,-0.16
2020-05-07,2.87,2.87,2.87,2.87,20984,6022408.0,0.0,0.69,-4.97,-0.15
2020-05-08,2.73,2.87,2.73,2.77,234360,64798030.0,4.88,7.74,-3.48,-0.1
2020-05-11,2.74,2.78,2.63,2.65,150280,40164846.0,5.42,4.96,-4.33,-0.12
2020-05-12,2.66,2.67,2.52,2.52,125923,32132550.0,5.66,4.16,-4.91,-0.13
2020-05-13,2.47,2.56,2.39,2.52,125202,30643116.0,6.75,4.13,0.0,0.0
2020-05-14,2.5,2.58,2.46,2.52,84466,21442923.0,4.76,2.79,0.0,0.0
2020-05-15,2.56,2.61,2.46,2.58,94546,24061223.0,5.95,3.12,2.38,0.06
2020-05-18,2.59,2.64,2.5,2.5,61013,15669739.0,5.43,2.01,-3.1,-0.08
2020-05-19,2.49,2.52,2.4,2.46,54813,13543826.0,4.8,1.81,-1.6,-0.04
2020-05-20,2.45,2.46,2.34,2.34,83822,19805789.0,4.88,2.77,-4.88,-0.12
2020-05-21,2.3,2.32,2.22,2.22,84620,18911456.0,4.27,2.79,-5.13,-0.12
2020-05-22,2.19,2.21,2.11,2.11,56287,11977199.0,4.5,1.86,-4.95,-0.11
2020-05-25,2.04,2.17,2.0,2.11,121196,24911078.0,8.06,4.0,0.0,0.0
2020-05-26,2.07,2.18,2.04,2.14,86236,18221147.0,6.64,2.85,1.42,0.03
2020-05-27,2.14,2.25,2.12,2.18,86152,18910316.0,6.07,2.84,1.87,0.04
2020-05-28,2.15,2.19,2.14,2.14,45177,9741873.0,2.29,1.49,-1.83,-0.04
2020-05-29,2.17,2.25,2.15,2.25,53826,11882709.0,4.67,1.78,5.14,0.11
2020-06-01,2.25,2.33,2.22,2.29,70366,16081892.0,4.89,2.32,1.78,0.04
2020-06-02,2.27,2.39,2.26,2.31,57873,13502270.0,5.68,1.91,0.87,0.02
2020-06-03,2.3,2.36,2.3,2.33,43363,10126551.0,2.6,1.43,0.87,0.02
2020-06-04,2.34,2.45,2.3,2.43,122519,29322351.0,6.44,4.04,4.29,0.1
2020-06-05,2.45,2.54,2.41,2.49,123469,30524382.0,5.35,4.08,2.47,0.06
2020-06-08,2.49,2.5,2.37,2.38,95769,22957534.0,5.22,3.16,-4.42,-0.11
2020-06-09,2.37,2.46,2.3,2.44,70885,16982245.0,6.72,2.34,2.52,0.06
2020-06-10,2.42,2.44,2.32,2.34,56939,13521078.0,4.92,1.88,-4.1,-0.1
2020-06-11,2.33,2.38,2.3,2.31,49360,11518378.0,3.42,1.63,-1.28,-0.03
2020-06-12,2.24,2.32,2.23,2.3,36219,8265645.0,3.9,1.2,-0.43,-0.01
2020-06-15,2.31,2.33,2.25,2.26,43006,9836528.0,3.48,1.42,-1.74,-0.04
2020-06-16,2.27,2.31,2.25,2.3,33804,7700820.0,2.65,1.12,1.77,0.04
2020-06-17,2.31,2.42,2.27,2.42,93963,22328690.0,6.52,3.1,5.22,0.12
2020-06-18,2.46,2.46,2.37,2.39,52198,12526351.0,3.72,1.72,-1.24,-0.03
2020-06-19,2.39,2.43,2.35,2.38,44563,10665392.0,3.35,1.47,-0.42,-0.01
2020-06-22,2.39,2.4,2.35,2.39,33479,7945527.0,2.1,1.1,0.42,0.01
2020-06-23,2.4,2.4,2.33,2.34,29896,7042361.0,2.93,0.99,-2.09,-0.05
2020-06-24,2.34,2.34,2.27,2.32,44096,10157188.0,2.99,1.46,-0.85,-0.02
2020-06-29,2.3,2.31,2.27,2.3,24663,5654401.0,1.72,0.81,-0.86,-0.02
2020-06-30,2.3,2.33,2.29,2.3,26478,6119121.0,1.74,0.87,0.0,0.0
2020-07-01,2.3,2.37,2.29,2.32,36868,8585303.0,3.48,1.22,0.87,0.02
2020-07-02,2.32,2.37,2.3,2.35,45696,10712167.0,3.02,1.51,1.29,0.03
2020-07-03,2.39,2.4,2.34,2.36,40668,9602534.0,2.55,1.34,0.43,0.01
2020-07-06,2.36,2.44,2.35,2.42,111382,26732326.0,3.81,3.68,2.54,0.06
2020-07-07,2.42,2.44,2.38,2.4,64704,15556970.0,2.48,2.14,-0.83,-0.02
2020-07-08,2.39,2.52,2.38,2.52,132573,32888639.0,5.83,4.38,5.0,0.12
2020-07-09,2.52,2.65,2.48,2.58,117012,29900951.0,6.75,3.86,2.38,0.06
2020-07-10,2.54,2.7,2.54,2.62,108226,28315671.0,6.2,3.57,1.55,0.04
2020-07-13,2.75,2.75,2.68,2.75,53768,14761431.0,2.67,1.77,4.96,0.13
2020-07-14,2.85,2.89,2.74,2.82,217525,61915210.0,5.45,7.18,2.55,0.07
2020-07-15,2.82,2.84,2.68,2.68,126861,34249435.0,5.67,4.19,-4.96,-0.14
2020-07-16,2.65,2.65,2.55,2.55,78103,20253006.0,3.73,2.58,-4.85,-0.13
2020-07-17,2.55,2.58,2.5,2.53,46458,11776559.0,3.14,1.53,-0.78,-0.02
2020-07-20,2.53,2.66,2.52,2.64,51337,13457883.0,5.53,1.69,4.35,0.11
2020-07-21,2.67,2.69,2.6,2.68,50100,13241832.0,3.41,1.65,1.52,0.04
2020-07-22,2.63,2.68,2.62,2.64,39163,10403568.0,2.24,1.29,-1.49,-0.04
2020-07-23,2.64,2.64,2.52,2.56,48239,12372582.0,4.55,1.59,-3.03,-0.08
2020-07-24,2.54,2.61,2.51,2.53,35693,9104447.0,3.91,1.18,-1.17,-0.03
2020-07-27,2.54,2.57,2.5,2.51,27614,6956347.0,2.77,0.91,-0.79,-0.02
2020-07-28,2.5,2.64,2.5,2.64,41165,10814258.0,5.58,1.36,5.18,0.13
2020-07-29,2.65,2.69,2.58,2.66,57175,15070424.0,4.17,1.89,0.76,0.02
2020-07-30,2.64,2.67,2.62,2.65,40266,10634916.0,1.88,1.33,-0.38,-0.01
2020-07-31,2.66,2.77,2.65,2.76,83248,22752702.0,4.53,2.75,4.15,0.11
2020-08-03,2.77,2.88,2.73,2.81,73926,20718922.0,5.43,2.44,1.81,0.05
2020-08-04,2.82,2.93,2.75,2.84,93722,26669133.0,6.41,3.09,1.07,0.03
2020-08-05,2.84,2.84,2.77,2.77,66099,18497698.0,2.46,2.18,-2.46,-0.07
2020-08-06,2.77,2.82,2.73,2.78,65601,18246089.0,3.25,2.17,0.36,0.01
2020-08-07,2.78,2.8,2.64,2.69,88965,23869546.0,5.76,2.94,-3.24,-0.09
2020-08-10,2.67,2.73,2.64,2.71,55168,14855208.0,3.35,1.82,0.74,0.02
2020-08-11,2.73,2.8,2.68,2.72,59519,16338069.0,4.43,1.96,0.37,0.01
2020-08-12,2.7,2.77,2.69,2.76,53551,14611756.0,2.94,1.77,1.47,0.04
2020-08-13,2.74,2.81,2.74,2.77,35957,9941820.0,2.54,1.19,0.36,0.01
2020-08-14,2.77,2.77,2.68,2.74,41239,11286069.0,3.25,1.36,-1.08,-0.03
2020-08-17,2.74,2.77,2.68,2.75,38939,10652346.0,3.28,1.29,0.36,0.01
2020-08-18,2.79,2.81,2.75,2.79,69776,19431410.0,2.18,2.3,1.45,0.04
2020-08-19,2.78,2.79,2.74,2.74,37818,10438794.0,1.79,1.25,-1.79,-0.05
2020-08-20,2.74,2.74,2.65,2.66,45470,12234507.0,3.28,1.5,-2.92,-0.08
2020-08-21,2.68,2.7,2.65,2.68,32855,8787007.0,1.88,1.08,0.75,0.02
2020-08-24,2.66,2.68,2.63,2.66,44709,11829103.0,1.87,1.48,-0.75,-0.02
2020-08-25,2.66,2.71,2.65,2.69,37505,10054617.0,2.26,1.24,1.13,0.03
2020-08-26,2.69,2.69,2.64,2.66,34119,9093077.0,1.86,1.13,-1.12,-0.03
2020-08-27,2.66,2.68,2.63,2.67,32811,8722969.0,1.88,1.08,0.38,0.01
2020-08-28,2.69,2.69,2.58,2.61,54306,14168072.0,4.12,1.79,-2.25,-0.06
2020-08-31,2.6,2.64,2.59,2.59,29903,7828385.0,1.92,0.99,-0.77,-0.02
2020-09-01,2.59,2.63,2.59,2.62,25629,6689145.0,1.54,0.85,1.16,0.03
2020-09-02,2.6,2.63,2.6,2.61,33402,8720104.0,1.15,1.1,-0.38,-0.01
2020-09-03,2.6,2.63,2.59,2.6,28072,7316886.0,1.53,0.93,-0.38,-0.01
2020-09-04,2.57,2.63,2.55,2.62,23399,6079136.0,3.08,0.77,0.77,0.02
2020-09-07,2.62,2.67,2.61,2.63,37484,9885826.0,2.29,1.24,0.38,0.01
2020-09-08,2.65,2.67,2.61,2.67,31880,8414221.0,2.28,1.05,1.52,0.04
2020-09-09,2.66,2.67,2.62,2.62,28082,7401583.0,1.87,0.93,-1.87,-0.05
2020-09-10,2.62,2.64,2.49,2.49,50454,12798963.0,5.73,1.67,-4.96,-0.13
2020-09-11,2.5,2.5,2.42,2.5,22749,5613295.0,3.21,0.75,0.4,0.01
2020-09-14,2.51,2.53,2.46,2.48,20700,5168930.0,2.8,0.68,-0.8,-0.02
2020-09-15,2.5,2.5,2.47,2.49,12546,3119047.0,1.21,0.41,0.4,0.01
2020-09-16,2.49,2.52,2.48,2.49,16325,4078212.0,1.61,0.54,0.0,0.0
2020-09-17,2.49,2.5,2.46,2.48,16975,4211299.0,1.61,0.56,-0.4,-0.01
2020-09-18,2.47,2.58,2.46,2.53,31267,7864093.0,4.84,1.03,2.02,0.05
2020-09-21,2.51,2.53,2.48,2.49,16038,4021690.0,1.98,0.53,-1.58,-0.04
2020-09-22,2.52,2.55,2.49,2.52,31484,7953102.0,2.41,1.04,1.2,0.03
2020-09-23,2.52,2.53,2.48,2.53,25607,6418393.0,1.98,0.85,0.4,0.01
2020-09-24,2.51,2.53,2.46,2.46,20905,5207518.0,2.77,0.69,-2.77,-0.07
2020-09-25,2.49,2.49,2.46,2.48,12165,3015024.0,1.22,0.4,0.81,0.02
2020-09-28,2.49,2.49,2.46,2.46,10763,2660657.0,1.21,0.36,-0.81,-0.02
2020-09-29,2.46,2.48,2.45,2.45,10738,2642777.0,1.22,0.35,-0.41,-0.01
2020-09-30,2.44,2.46,2.35,2.41,17123,4134627.0,4.49,0.57,-1.63,-0.04
2020-10-09,2.41,2.46,2.41,2.45,18084,4417544.0,2.07,0.6,1.66,0.04
2020-10-12,2.49,2.57,2.49,2.55,37385,9529563.0,3.27,1.23,4.08,0.1
2020-10-13,2.55,2.55,2.52,2.55,19066,4832246.0,1.18,0.63,0.0,0.0
2020-10-14,2.55,2.55,2.5,2.52,16760,4222310.0,1.96,0.55,-1.18,-0.03
2020-10-15,2.53,2.56,2.52,2.54,24973,6336134.0,1.59,0.82,0.79,0.02
2020-10-16,2.55,2.56,2.51,2.52,17712,4477048.0,1.97,0.58,-0.79,-0.02
2020-10-19,2.53,2.53,2.51,2.51,12773,3218004.0,0.79,0.42,-0.4,-0.01
2020-10-20,2.52,2.53,2.5,2.53,12546,3154839.0,1.2,0.41,0.8,0.02
2020-10-21,2.52,2.59,2.51,2.55,33651,8570378.0,3.16,1.11,0.79,0.02
2020-10-22,2.55,2.63,2.53,2.58,41119,10616216.0,3.92,1.36,1.18,0.03
2020-10-23,2.6,2.71,2.57,2.7,120353,32144586.0,5.43,3.97,4.65,0.12
2020-10-26,2.67,2.69,2.57,2.58,85712,22298624.0,4.44,2.83,-4.44,-0.12
2020-10-27,2.55,2.61,2.53,2.59,34559,8889988.0,3.1,1.14,0.39,0.01
2020-10-28,2.58,2.62,2.57,2.62,31417,8162665.0,1.93,1.04,1.16,0.03
2020-10-29,2.61,2.68,2.58,2.59,40868,10697437.0,3.82,1.35,-1.15,-0.03
2020-10-30,2.59,2.59,2.47,2.48,33528,8487172.0,4.63,1.11,-4.25,-0.11
2020-11-02,2.48,2.5,2.39,2.4,32935,8005504.0,4.44,1.09,-3.23,-0.08
2020-11-03,2.41,2.46,2.38,2.45,25317,6151561.0,3.33,0.84,2.08,0.05
2020-11-04,2.44,2.47,2.43,2.46,16495,4049385.0,1.63,0.54,0.41,0.01
2020-11-05,2.47,2.52,2.46,2.51,21684,5406563.0,2.44,0.72,2.03,0.05
2020-11-06,2.5,2.52,2.46,2.49,19521,4846576.0,2.39,0.64,-0.8,-0.02
2020-11-09,2.53,2.56,2.49,2.53,21258,5372065.0,2.81,0.7,1.61,0.04
2020-11-10,2.55,2.56,2.51,2.52,16913,4267370.0,1.98,0.56,-0.4,-0.01
2020-11-11,2.51,2.56,2.5,2.53,24548,6216950.0,2.38,0.81,0.4,0.01
2020-11-12,2.63,2.64,2.56,2.56,41308,10735405.0,3.16,1.36,1.19,0.03
2020-11-13,2.56,2.64,2.53,2.6,38349,9963429.0,4.3,1.27,1.56,0.04
2020-11-16,2.62,2.63,2.57,2.61,31948,8314885.0,2.31,1.05,0.38,0.01
2020-11-17,2.6,2.64,2.59,2.6,30638,8011722.0,1.92,1.01,-0.38,-0.01
2020-11-18,2.61,2.64,2.6,2.64,27354,7173958.0,1.54,0.9,1.54,0.04
2020-11-19,2.69,2.77,2.69,2.77,136993,37819373.0,3.03,4.52,4.92,0.13
2020-11-20,2.8,2.9,2.69,2.74,156902,43944810.0,7.58,5.18,-1.08,-0.03
2020-11-23,2.72,2.72,2.61,2.66,85008,22507783.0,4.01,2.81,-2.92,-0.08
2020-11-24,2.65,2.72,2.65,2.69,45982,12354621.0,2.63,1.52,1.13,0.03
2020-11-25,2.7,2.7,2.63,2.67,40347,10714110.0,2.6,1.33,-0.74,-0.02
2020-11-26,2.66,2.66,2.6,2.62,36032,9476059.0,2.25,1.19,-1.87,-0.05
2020-11-27,2.61,2.64,2.5,2.52,63516,16200313.0,5.34,2.1,-3.82,-0.1
2020-11-30,2.5,2.54,2.42,2.51,42203,10459501.0,4.76,1.39,-0.4,-0.01
2020-12-01,2.48,2.55,2.48,2.53,15196,3837119.0,2.79,0.5,0.8,0.02
2020-12-02,2.53,2.6,2.51,2.58,35351,9048464.0,3.56,1.17,1.98,0.05
2020-12-03,2.57,2.61,2.55,2.59,19561,5051405.0,2.33,0.65,0.39,0.01
2020-12-04,2.63,2.65,2.52,2.57,44046,11384095.0,5.02,1.45,-0.77,-0.02
2020-12-07,2.55,2.63,2.54,2.61,19730,5112766.0,3.5,0.65,1.56,0.04
2020-12-08,2.6,2.64,2.58,2.64,20072,5237649.0,2.3,0.66,1.15,0.03
2020-12-09,2.65,2.65,2.58,2.59,26012,6782288.0,2.65,0.86,-1.89,-0.05
2020-12-10,2.58,2.59,2.55,2.56,19783,5079754.0,1.54,0.65,-1.16,-0.03
2020-12-11,2.58,2.58,2.47,2.5,23011,5760252.0,4.3,0.76,-2.34,-0.06
2020-12-14,2.5,2.63,2.5,2.63,56253,14741948.0,5.2,1.86,5.2,0.13
2020-12-15,2.63,2.71,2.57,2.61,62753,16510690.0,5.32,2.07,-0.76,-0.02
2020-12-16,2.55,2.6,2.52,2.54,35937,9188877.0,3.07,1.19,-2.68,-0.07
2020-12-17,2.51,2.56,2.49,2.56,30482,7680634.0,2.76,1.01,0.79,0.02
2020-12-18,2.56,2.57,2.53,2.54,15935,4058918.0,1.56,0.53,-0.78,-0.02
2020-12-21,2.55,2.56,2.51,2.52,20289,5122820.0,1.97,0.67,-0.79,-0.02
2020-12-22,2.52,2.53,2.42,2.44,28588,7109090.0,4.37,0.94,-3.17,-0.08
2020-12-23,2.45,2.52,2.45,2.52,19794,4919733.0,2.87,0.65,3.28,0.08
2020-12-24,2.54,2.54,2.39,2.42,34258,8349075.0,5.95,1.13,-3.97,-0.1
2020-12-25,2.42,2.46,2.39,2.44,18290,4440405.0,2.89,0.6,0.83,0.02
2020-12-28,2.43,2.46,2.41,2.43,11424,2770702.0,2.05,0.38,-0.41,-0.01
2020-12-29,2.45,2.45,2.41,2.43,13855,3363288.0,1.65,0.46,0.0,0.0
2020-12-30,2.41,2.44,2.41,2.42,10413,2527866.0,1.23,0.34,-0.41,-0.01
2020-12-31,2.44,2.45,2.37,2.41,36637,8812944.0,3.31,1.21,-0.41,-0.01
2021-01-04,2.4,2.45,2.39,2.42,38616,9333640.0,2.49,1.27,0.41,0.01
2021-01-05,2.42,2.42,2.4,2.41,17974,4331034.0,0.83,0.59,-0.41,-0.01
2021-01-06,2.42,2.42,2.3,2.33,31057,7293832.0,4.98,1.03,-3.32,-0.08
2021-01-07,2.33,2.43,2.3,2.38,40536,9687995.0,5.58,1.34,2.15,0.05
2021-01-08,2.38,2.38,2.32,2.34,22390,5256852.0,2.52,0.74,-1.68,-0.04
2021-01-11,2.36,2.36,2.22,2.23,29400,6610713.0,5.98,0.97,-4.7,-0.11
2021-01-12,2.23,2.25,2.2,2.22,15645,3470046.0,2.24,0.52,-0.45,-0.01
2021-01-13,2.24,2.24,2.11,2.12,24949,5328226.0,5.86,0.82,-4.5,-0.1
2021-01-14,2.12,2.14,2.08,2.13,19044,4018394.0,2.83,0.63,0.47,0.01
2021-01-15,2.12,2.24,2.09,2.24,27335,5973220.0,7.04,0.9,5.16,0.11
2021-01-18,2.29,2.31,2.21,2.26,25170,5733585.0,4.46,0.83,0.89,0.02
2021-01-19,2.25,2.37,2.25,2.37,42444,9954398.0,5.31,1.4,4.87,0.11
2021-01-20,2.39,2.39,2.31,2.36,29237,6848208.0,3.38,0.96,-0.42,-0.01
2021-01-21,2.37,2.43,2.33,2.37,27270,6517549.0,4.24,0.9,0.42,0.01
2021-01-22,2.36,2.39,2.32,2.35,20108,4728337.0,2.95,0.66,-0.84,-0.02
2021-01-25,2.35,2.41,2.25,2.35,11750,2743077.0,6.81,0.39,0.0,0.0
2021-01-26,2.33,2.37,2.32,2.34,13245,3102635.0,2.13,0.44,-0.43,-0.01
2021-01-27,2.33,2.46,2.31,2.46,50284,12142645.0,6.41,1.66,5.13,0.12
2021-01-28,2.43,2.46,2.35,2.41,26945,6481342.0,4.47,0.89,-2.03,-0.05
2021-01-29,2.45,2.48,2.35,2.39,30994,7456329.0,5.39,1.02,-0.83,-0.02
2021-02-01,2.4,2.41,2.33,2.33,32425,7680007.0,3.35,1.07,-2.51,-0.06
2021-02-02,2.32,2.38,2.32,2.36,11563,2722247.0,2.58,0.38,1.29,0.03
2021-02-03,2.33,2.4,2.3,2.34,24674,5771529.0,4.24,0.81,-0.85,-0.02
2021-02-04,2.32,2.35,2.22,2.23,25145,5651178.0,5.56,0.83,-4.7,-0.11
2021-02-05,2.19,2.26,2.19,2.2,14658,3255075.0,3.14,0.48,-1.35,-0.03
2021-02-08,2.19,2.29,2.17,2.21,27702,6158854.0,5.45,0.91,0.45,0.01
2021-02-09,2.2,2.23,2.17,2.22,15732,3464924.0,2.71,0.52,0.45,0.01
2021-02-10,2.22,2.27,2.21,2.26,18008,4039218.0,2.7,0.59,1.8,0.04
2021-02-18,2.27,2.32,2.27,2.3,20090,4599109.0,2.21,0.66,1.77,0.04
2021-02-19,2.29,2.38,2.29,2.37,19894,4655325.0,3.91,0.66,3.04,0.07
2021-02-22,2.35,2.42,2.35,2.4,41301,9879455.0,2.95,1.36,1.27,0.03
2021-02-23,2.41,2.41,2.35,2.38,23358,5552273.0,2.5,0.77,-0.83,-0.02
2021-02-24,2.37,2.4,2.36,2.39,19000,4521832.0,1.68,0.63,0.42,0.01
2021-02-25,2.4,2.47,2.37,2.45,33221,7991410.0,4.18,1.1,2.51,0.06
2021-02-26,2.44,2.45,2.38,2.41,23597,5705780.0,2.86,0.78,-1.63,-0.04
2021-03-01,2.43,2.46,2.41,2.43,22052,5367573.0,2.07,0.73,0.83,0.02
2021-03-02,2.44,2.44,2.38,2.41,19018,4589167.0,2.47,0.63,-0.82,-0.02
2021-03-03,2.43,2.48,2.4,2.45,31049,7609221.0,3.32,1.02,1.66,0.04
2021-03-04,2.45,2.57,2.43,2.49,39541,9906993.0,5.71,1.31,1.63,0.04
2021-03-05,2.48,2.61,2.46,2.61,56657,14614879.0,6.02,1.87,4.82,0.12
2021-03-08,2.7,2.74,2.53,2.55,119463,31813813.0,8.05,3.94,-2.3,-0.06
2021-03-09,2.51,2.68,2.43,2.65,102949,26774746.0,9.8,3.4,3.92,0.1
2021-03-10,2.61,2.65,2.52,2.53,74277,19104419.0,4.91,2.45,-4.53,-0.12
2021-03-11,2.53,2.6,2.5,2.55,37814,9648104.0,3.95,1.25,0.79,0.02
2021-03-12,2.51,2.55,2.49,2.52,30928,7760484.0,2.35,1.02,-1.18,-0.03
2021-03-15,2.54,2.65,2.52,2.62,51623,13514968.0,5.16,1.7,3.97,0.1
2021-03-16,2.6,2.75,2.59,2.75,103108,28141162.0,6.11,3.4,4.96,0.13
2021-03-17,2.8,2.83,2.65,2.73,79571,21798357.0,6.55,2.63,-0.73,-0.02
2021-03-18,2.72,2.76,2.68,2.74,51060,13899383.0,2.93,1.69,0.37,0.01
2021-03-19,2.7,2.88,2.7,2.88,89044,25199352.0,6.57,2.94,5.11,0.14
2021-03-22,2.91,3.02,2.85,3.02,95036,28055390.0,5.9,3.14,4.86,0.14
2021-03-23,3.1,3.17,2.99,3.09,159048,49300650.0,5.96,5.25,2.32,0.07
2021-03-24,3.1,3.1,2.94,2.98,96290,28901483.0,5.18,3.18,-3.56,-0.11
2021-03-25,2.94,3.09,2.87,3.01,72721,21644820.0,7.38,2.4,1.01,0.03
2021-03-26,2.97,3.01,2.89,2.95,68261,20119591.0,3.99,2.25,-1.99,-0.06
2021-03-29,2.97,2.97,2.8,2.83,70847,20285559.0,5.76,2.34,-4.07,-0.12
2021-03-30,2.9,2.9,2.77,2.84,40382,11405676.0,4.59,1.33,0.35,0.01
2021-03-31,2.78,2.96,2.78,2.89,38143,10897963.0,6.34,1.26,1.76,0.05
2021-04-01,2.9,3.0,2.88,2.94,34051,10008686.0,4.15,1.12,1.73,0.05
2021-04-02,2.93,2.93,2.84,2.87,35213,10085625.0,3.06,1.16,-2.38,-0.07
2021-04-06,2.89,2.97,2.85,2.92,33314,9703045.0,4.18,1.1,1.74,0.05
2021-04-07,2.91,2.95,2.88,2.9,26733,7782413.0,2.4,0.88,-0.68,-0.02
2021-04-08,2.87,2.9,2.83,2.83,26274,7501116.0,2.41,0.87,-2.41,-0.07
2021-04-09,2.85,2.88,2.79,2.86,30832,8718969.0,3.18,1.02,1.06,0.03
2021-04-12,2.87,2.94,2.85,2.87,35701,10388326.0,3.15,1.18,0.35,0.01
2021-04-13,2.88,2.88,2.8,2.81,31260,8863782.0,2.79,1.03,-2.09,-0.06
2021-04-14,2.8,2.87,2.79,2.87,15542,4423892.0,2.85,0.51,2.14,0.06
2021-04-15,2.85,2.87,2.81,2.83,18952,5368921.0,2.09,0.63,-1.39,-0.04
2021-04-16,2.84,2.89,2.82,2.88,18632,5334148.0,2.47,0.61,1.77,0.05
2021-04-19,2.88,2.91,2.85,2.9,22299,6432309.0,2.08,0.74,0.69,0.02
2021-04-20,2.9,2.93,2.86,2.86,23404,6767413.0,2.41,0.77,-1.38,-0.04
2021-04-21,2.87,2.9,2.84,2.88,15494,4449020.0,2.1,0.51,0.7,0.02
2021-04-22,2.89,2.93,2.83,2.88,18948,5451593.0,3.47,0.63,0.0,0.0
2021-04-23,2.87,2.89,2.83,2.85,20507,5845113.0,2.08,0.68,-1.04,-0.03
2021-04-26,2.84,2.87,2.78,2.78,22344,6308653.0,3.16,0.74,-2.46,-0.07
2021-04-27,2.79,2.83,2.64,2.65,51215,13710119.0,6.83,1.69,-4.68,-0.13
2021-04-28,2.64,2.65,2.6,2.64,17873,4697563.0,1.89,0.59,-0.38,-0.01
2021-04-29,2.64,2.72,2.63,2.66,17877,4766794.0,3.41,0.59,0.76,0.02
2021-04-30,2.72,2.73,2.63,2.72,23510,6344054.0,3.76,0.78,2.26,0.06
2021-05-06,2.74,2.85,2.72,2.81,41961,11767612.0,4.78,1.38,3.31,0.09
2021-05-07,2.83,2.89,2.81,2.88,39304,11191813.0,2.85,1.3,2.49,0.07
2021-05-10,2.88,2.98,2.85,2.97,45871,13419669.0,4.51,1.51,3.13,0.09
2021-05-11,2.95,3.0,2.91,2.96,29814,8838582.0,3.03,0.98,-0.34,-0.01
2021-05-12,2.92,2.96,2.88,2.91,28852,8435146.0,2.7,0.95,-1.69,-0.05
2021-05-13,2.89,2.96,2.87,2.93,39060,11387981.0,3.09,1.29,0.69,0.02
2021-05-14,2.95,3.07,2.95,3.04,43912,13312545.0,4.1,1.45,3.75,0.11
2021-05-17,2.95,2.95,2.89,2.89,36323,10520871.0,1.97,1.2,-4.93,-0.15
2021-05-18,2.89,3.0,2.89,2.98,24566,7247108.0,3.81,0.81,3.11,0.09
2021-05-19,2.92,2.95,2.83,2.84,70397,20309934.0,4.03,2.32,-4.7,-0.14
2021-05-20,2.85,2.86,2.75,2.78,32736,9148754.0,3.87,1.08,-2.11,-0.06
2021-05-21,2.8,2.87,2.77,2.86,23970,6739678.0,3.6,0.79,2.88,0.08
2021-05-24,2.85,2.94,2.85,2.91,29388,8546138.0,3.15,0.97,1.75,0.05
2021-05-25,2.92,2.96,2.91,2.95,31812,9318350.0,1.72,1.05,1.37,0.04
2021-05-26,2.9,2.94,2.88,2.91,38575,11233735.0,2.03,1.27,-1.36,-0.04
2021-05-27,2.9,3.04,2.9,3.0,48319,14421631.0,4.81,1.59,3.09,0.09
2021-05-28,3.01,3.02,2.96,3.02,30969,9273928.0,2.0,1.02,0.67,0.02
2021-05-31,3.01,3.01,2.94,2.96,34131,10111168.0,2.32,1.13,-1.99,-0.06
2021-06-01,2.96,3.09,2.94,3.07,43103,13080186.0,5.07,1.42,3.72,0.11
2021-06-02,3.14,3.15,3.04,3.07,41446,12782980.0,3.58,1.37,0.0,0.0
2021-06-03,3.03,3.22,3.03,3.22,44262,14040607.0,6.19,1.46,4.89,0.15
2021-06-04,3.23,3.38,3.23,3.35,95095,31749915.0,4.66,3.14,4.04,0.13
2021-06-07,3.28,3.52,3.23,3.51,124578,42459524.0,8.66,4.11,4.78,0.16
2021-06-08,3.57,3.69,3.52,3.69,73433,26641156.0,4.84,2.42,5.13,0.18
2021-06-09,3.8,3.87,3.61,3.61,224074,84346189.0,7.05,7.4,-2.17,-0.08
2021-06-10,3.6,3.66,3.46,3.55,146111,51656406.0,5.54,4.82,-1.66,-0.06
2021-06-11,3.5,3.73,3.47,3.72,93205,33746273.0,7.32,3.08,4.79,0.17
2021-06-15,3.64,3.67,3.53,3.53,58000,20648802.0,3.76,1.91,-5.11,-0.19
2021-06-16,3.5,3.56,3.42,3.45,57479,20035854.0,3.97,1.9,-2.27,-0.08
2021-06-17,3.45,3.52,3.4,3.5,44215,15395496.0,3.48,1.46,1.45,0.05
2021-06-18,3.47,3.65,3.47,3.54,38425,13645422.0,5.14,1.27,1.14,0.04
2021-06-22,3.77,3.89,3.72,3.89,79658,30314443.0,4.8,2.63,9.89,0.35
2021-06-23,4.28,4.28,3.72,3.77,442574,180605870.0,14.4,14.61,-3.08,-0.12
2021-06-24,3.62,3.7,3.48,3.56,257114,91902514.0,5.84,8.49,-5.57,-0.21
2021-06-25,3.52,3.68,3.47,3.51,146239,51914928.0,5.9,4.83,-1.4,-0.05
2021-06-28,3.49,3.5,3.35,3.38,123520,42080834.0,4.27,4.08,-3.7,-0.13
2021-06-29,3.4,3.67,3.35,3.48,147479,51580622.0,9.47,4.87,2.96,0.1
2021-06-30,3.48,3.65,3.45,3.53,117289,41612664.0,5.75,3.87,1.44,0.05
2021-07-01,3.58,3.61,3.49,3.5,95541,33982397.0,3.4,3.15,-0.85,-0.03
2021-07-02,3.47,3.57,3.35,3.42,88567,30532637.0,6.29,2.92,-2.29,-0.08
2021-07-05,3.41,3.62,3.41,3.57,122834,43519835.0,6.14,4.05,4.39,0.15
2021-07-06,3.58,3.69,3.54,3.57,96654,34721089.0,4.2,3.19,0.0,0.0
2021-07-07,3.57,3.63,3.55,3.61,59499,21370753.0,2.24,1.96,1.12,0.04
2021-07-08,3.64,3.97,3.61,3.97,129835,49575608.0,9.97,4.29,9.97,0.36
2021-07-09,4.19,4.37,4.11,4.37,243793,105132276.0,6.55,8.05,10.08,0.4
2021-07-12,4.22,4.81,4.17,4.62,706091,324128896.0,14.65,23.3,5.72,0.25
2021-07-13,4.26,4.51,4.16,4.26,465900,199690868.0,7.58,15.38,-7.79,-0.36
2021-07-14,4.13,4.19,4.01,4.08,268532,109503910.0,4.23,8.86,-4.23,-0.18
2021-07-15,4.08,4.21,4.02,4.15,215478,88891479.0,4.66,7.11,1.72,0.07
2021-07-16,4.13,4.14,3.98,4.0,173368,70144939.0,3.86,5.72,-3.61,-0.15
2021-07-19,4.0,4.13,3.95,4.08,152454,62022180.0,4.5,5.03,2.0,0.08
2021-07-20,4.06,4.49,4.0,4.49,287183,124245518.0,12.01,9.48,10.05,0.41
2021-07-21,4.64,4.64,4.35,4.53,312366,139646843.0,6.46,10.31,0.89,0.04
2021-07-22,4.51,4.57,4.4,4.51,188721,84379011.0,3.75,6.23,-0.44,-0.02
2021-07-23,4.53,4.63,4.27,4.31,201175,89059934.0,7.98,6.64,-4.43,-0.2
2021-07-26,4.3,4.43,4.21,4.36,132480,57324573.0,5.1,4.37,1.16,0.05
2021-07-27,4.36,4.39,4.07,4.09,129092,54484074.0,7.34,4.26,-6.19,-0.27
2021-07-28,4.02,4.15,3.92,3.99,93386,37478062.0,5.62,3.08,-2.44,-0.1
2021-07-29,4.01,4.24,4.01,4.2,93898,39114524.0,5.76,3.1,5.26,0.21
2021-07-30,4.36,4.36,4.06,4.12,85756,35568974.0,7.14,2.83,-1.9,-0.08
2021-08-02,4.17,4.21,4.08,4.21,68040,28359585.0,3.16,2.25,2.18,0.09
2021-08-03,4.21,4.41,4.14,4.36,99341,42776386.0,6.41,3.28,3.56,0.15
2021-08-04,4.53,4.7,4.17,4.26,168371,72812396.0,12.16,5.56,-2.29,-0.1
2021-08-05,4.21,4.25,4.06,4.1,102665,42330823.0,4.46,3.39,-3.76,-0.16
2021-08-06,4.02,4.1,4.02,4.09,60047,24319164.0,1.95,1.98,-0.24,-0.01
2021-08-09,4.05,4.13,4.04,4.07,46475,18949818.0,2.2,1.53,-0.49,-0.02
2021-08-10,4.05,4.09,4.0,4.01,58699,23688909.0,2.21,1.94,-1.47,-0.06
2021-08-11,4.01,4.04,4.0,4.0,49988,20075807.0,1.0,1.65,-0.25,-0.01
2021-08-12,4.03,4.03,3.85,3.91,76811,30215670.0,4.5,2.54,-2.25,-0.09
2021-08-13,3.9,3.93,3.8,3.84,75347,29037381.0,3.32,2.49,-1.79,-0.07
2021-08-16,3.84,3.87,3.8,3.86,43691,16761086.0,1.82,1.44,0.52,0.02
2021-08-17,3.86,3.87,3.69,3.7,62159,23492993.0,4.66,2.05,-4.15,-0.16
2021-08-18,3.7,3.75,3.65,3.74,76712,28427463.0,2.7,2.53,1.08,0.04
2021-08-19,3.75,3.79,3.62,3.7,52120,19193695.0,4.55,1.72,-1.07,-0.04
2021-08-20,3.7,3.74,3.6,3.63,52289,19047672.0,3.78,1.73,-1.89,-0.07
2021-08-23,3.67,3.75,3.62,3.72,52494,19525462.0,3.58,1.73,2.48,0.09
2021-08-24,3.72,3.78,3.69,3.71,43887,16446300.0,2.42,1.45,-0.27,-0.01
2021-08-25,3.71,3.83,3.69,3.81,58041,21836066.0,3.77,1.92,2.7,0.1
2021-08-26,3.81,3.96,3.77,3.96,79281,30684525.0,4.99,2.62,3.94,0.15
2021-08-27,3.95,4.12,3.77,3.94,137561,53728566.0,8.84,4.54,-0.51,-0.02
2021-08-30,3.88,3.91,3.78,3.8,52495,20180645.0,3.3,1.73,-3.55,-0.14
2021-08-31,3.78,3.83,3.7,3.75,41403,15576811.0,3.42,1.37,-1.32,-0.05
2021-09-01,3.75,3.79,3.7,3.71,35045,13098562.0,2.4,1.16,-1.07,-0.04
2021-09-02,3.7,3.78,3.66,3.78,35211,13159251.0,3.23,1.16,1.89,0.07
2021-09-03,3.77,3.88,3.76,3.76,40477,15409679.0,3.17,1.34,-0.53,-0.02
2021-09-06,3.76,3.83,3.71,3.79,38679,14551740.0,3.19,1.28,0.8,0.03
2021-09-07,3.79,3.84,3.74,3.84,35511,13542951.0,2.64,1.17,1.32,0.05
2021-09-08,3.87,3.96,3.82,3.95,75123,29440275.0,3.65,2.48,2.86,0.11
2021-09-09,3.94,4.04,3.93,3.97,62968,25155429.0,2.78,2.08,0.51,0.02
2021-09-10,3.98,4.0,3.85,3.99,76033,29817341.0,3.78,2.51,0.5,0.02
2021-09-13,3.99,4.04,3.87,3.94,86063,33918229.0,4.26,2.84,-1.25,-0.05
2021-09-14,3.95,3.95,3.82,3.83,41508,16108630.0,3.3,1.37,-2.79,-0.11
2021-09-15,3.85,3.89,3.81,3.83,65115,24979055.0,2.09,2.15,0.0,0.0
2021-09-16,3.86,3.91,3.73,3.81,89319,34107414.0,4.7,2.95,-0.52,-0.02
2021-09-17,3.85,3.85,3.69,3.72,54597,20439656.0,4.2,1.8,-2.36,-0.09
2021-09-22,3.68,3.8,3.63,3.79,53911,20055677.0,4.57,1.78,1.88,0.07
2021-09-23,3.75,3.89,3.75,3.77,65775,25154406.0,3.69,2.17,-0.53,-0.02
2021-09-24,3.78,3.79,3.67,3.67,56098,21001358.0,3.18,1.85,-2.65,-0.1
2021-09-27,3.67,3.74,3.58,3.68,85901,31462838.0,4.36,2.84,0.27,0.01
2021-09-28,3.72,3.72,3.58,3.58,53397,19386850.0,3.8,1.76,-2.72,-0.1
2021-09-29,3.55,3.58,3.43,3.43,36695,12856165.0,4.19,1.21,-4.19,-0.15
2021-09-30,3.48,3.54,3.43,3.5,32389,11235182.0,3.21,1.07,2.04,0.07
2021-10-08,3.5,3.64,3.49,3.6,36854,13223136.0,4.29,1.22,2.86,0.1
2021-10-11,3.6,3.64,3.56,3.6,21055,7559869.0,2.22,0.69,0.0,0.0
2021-10-12,3.6,3.61,3.52,3.55,22875,8138515.0,2.5,0.75,-1.39,-0.05
2021-10-13,3.53,3.59,3.48,3.51,21974,7748296.0,3.1,0.73,-1.13,-0.04
2021-10-14,3.5,3.57,3.45,3.52,23752,8334503.0,3.42,0.78,0.28,0.01
2021-10-15,3.53,3.57,3.48,3.52,19983,7070686.0,2.56,0.66,0.0,0.0
2021-10-18,3.55,3.56,3.49,3.53,15688,5534603.0,1.99,0.52,0.28,0.01
2021-10-19,3.52,3.56,3.52,3.53,15181,5370742.0,1.13,0.5,0.0,0.0
2021-10-20,3.53,3.56,3.48,3.49,16759,5878564.0,2.27,0.55,-1.13,-0.04
2021-10-21,3.49,3.51,3.44,3.44,13724,4764789.0,2.01,0.45,-1.43,-0.05
2021-10-22,3.43,3.47,3.35,3.35,18806,6395705.0,3.49,0.62,-2.62,-0.09
2021-10-25,3.37,3.38,3.23,3.29,33119,10871379.0,4.48,1.09,-1.79,-0.06
2021-10-26,3.33,3.42,3.25,3.4,42812,14413645.0,5.17,1.41,3.34,0.11
2021-10-27,3.34,3.41,3.26,3.29,24294,8039357.0,4.41,0.8,-3.24,-0.11
2021-10-28,3.27,3.39,3.23,3.31,34515,11474982.0,4.86,1.14,0.61,0.02
2021-10-29,3.27,3.37,3.24,3.35,19227,6345744.0,3.93,0.63,1.21,0.04
2021-11-01,3.4,3.4,3.31,3.35,16745,5609145.0,2.69,0.55,0.0,0.0
2021-11-02,3.34,3.37,3.24,3.27,21258,6997637.0,3.88,0.7,-2.39,-0.08
2021-11-03,3.27,3.3,3.24,3.26,15994,5220276.0,1.83,0.53,-0.31,-0.01
2021-11-04,3.28,3.28,3.25,3.26,17705,5774311.0,0.92,0.58,0.0,0.0
2021-11-05,3.26,3.33,3.16,3.29,40378,13109573.0,5.21,1.33,0.92,0.03
2021-11-08,3.29,3.47,3.29,3.41,41383,13986050.0,5.47,1.37,3.65,0.12
2021-11-09,3.41,3.43,3.36,3.39,22370,7597262.0,2.05,0.74,-0.59,-0.02
2021-11-10,3.4,3.5,3.37,3.48,31093,10725919.0,3.83,1.03,2.65,0.09
2021-11-11,3.48,3.54,3.45,3.5,32686,11449802.0,2.59,1.08,0.57,0.02
2021-11-12,3.54,3.68,3.5,3.61,50143,18114615.0,5.14,1.65,3.14,0.11
2021-11-15,3.64,3.68,3.57,3.65,30659,11168364.0,3.05,1.01,1.11,0.04
2021-11-16,3.67,3.67,3.53,3.53,36074,12954703.0,3.84,1.19,-3.29,-0.12
2021-11-17,3.52,3.85,3.52,3.75,87646,32677097.0,9.35,2.89,6.23,0.22
2021-11-18,3.78,3.83,3.67,3.7,62010,23176097.0,4.27,2.05,-1.33,-0.05
2021-11-19,3.68,3.74,3.64,3.69,34214,12609858.0,2.7,1.13,-0.27,-0.01
2021-11-22,3.66,3.75,3.65,3.66,27700,10211454.0,2.71,0.91,-0.81,-0.03
2021-11-23,3.65,3.71,3.63,3.65,26308,9608039.0,2.19,0.87,-0.27,-0.01
2021-11-24,3.65,3.69,3.62,3.66,31249,11435416.0,1.92,1.03,0.27,0.01
2021-11-25,3.66,3.71,3.64,3.64,16459,6025358.0,1.91,0.54,-0.55,-0.02
2021-11-26,3.67,3.69,3.61,3.62,18643,6783112.0,2.2,0.62,-0.55,-0.02
2021-11-29,3.62,3.62,3.53,3.56,20662,7349237.0,2.49,0.68,-1.66,-0.06
2021-11-30,3.56,3.64,3.54,3.58,24934,8945864.0,2.81,0.82,0.56,0.02
2021-12-01,3.59,3.67,3.55,3.64,26399,9559185.0,3.35,0.87,1.68,0.06
2021-12-02,3.64,3.67,3.59,3.6,24278,8806919.0,2.2,0.8,-1.1,-0.04
2021-12-03,3.64,3.64,3.54,3.59,24207,8668664.0,2.78,0.8,-0.28,-0.01
2021-12-06,3.63,3.63,3.51,3.52,26279,9338887.0,3.34,0.87,-1.95,-0.07
2021-12-07,3.55,3.58,3.46,3.51,19120,6695472.0,3.41,0.63,-0.28,-0.01
2021-12-08,3.53,3.53,3.49,3.51,12934,4540100.0,1.14,0.43,0.0,0.0
2021-12-09,3.51,3.58,3.51,3.54,27533,9789395.0,1.99,0.91,0.85,0.03
2021-12-10,3.55,3.63,3.53,3.61,38751,13902969.0,2.82,1.28,1.98,0.07
2021-12-13,3.55,3.64,3.55,3.62,36373,13081240.0,2.49,1.2,0.28,0.01
2021-12-14,3.62,3.62,3.57,3.57,30264,10874959.0,1.38,1.0,-1.38,-0.05
2021-12-15,3.57,3.64,3.57,3.62,29486,10629366.0,1.96,0.97,1.4,0.05
2021-12-16,3.65,3.73,3.59,3.71,62295,22859624.0,3.87,2.06,2.49,0.09
2021-12-17,3.71,3.71,3.63,3.64,34959,12799549.0,2.16,1.15,-1.89,-0.07
2021-12-20,3.62,3.67,3.55,3.61,59492,21507747.0,3.3,1.96,-0.82,-0.03
2021-12-21,3.61,3.96,3.61,3.79,137578,51911956.0,9.7,4.54,4.99,0.18
2021-12-22,3.79,3.88,3.73,3.75,100305,37809797.0,3.96,3.31,-1.06,-0.04
2021-12-23,3.75,3.76,3.61,3.62,71095,26056298.0,4.0,2.35,-3.47,-0.13
2021-12-24,3.6,3.65,3.48,3.48,60674,21487365.0,4.7,2.0,-3.87,-0.14
2021-12-27,3.48,3.51,3.43,3.48,34582,11999339.0,2.3,1.14,0.0,0.0
2021-12-28,3.49,3.53,3.47,3.48,30170,10544681.0,1.72,1.0,0.0,0.0
2021-12-29,3.48,3.5,3.41,3.45,36831,12728801.0,2.59,1.22,-0.86,-0.03
2021-12-30,3.5,3.53,3.46,3.49,36161,12666049.0,2.03,1.19,1.16,0.04
2021-12-31,3.49,3.66,3.48,3.57,70503,25105032.0,5.16,2.33,2.29,0.08
2022-01-04,3.57,3.71,3.56,3.69,87501,31997504.0,4.2,2.89,3.36,0.12
2022-01-05,3.71,3.72,3.62,3.66,44430,16259097.0,2.71,1.47,-0.81,-0.03
2022-01-06,3.64,3.72,3.64,3.7,43996,16246898.0,2.19,1.45,1.09,0.04
2022-01-07,3.72,3.74,3.62,3.63,41459,15229106.0,3.24,1.37,-1.89,-0.07
2022-01-10,3.61,3.69,3.57,3.65,28683,10467296.0,3.31,0.95,0.55,0.02
2022-01-11,3.65,3.74,3.63,3.65,31894,11735411.0,3.01,1.05,0.0,0.0
2022-01-12,3.65,3.78,3.65,3.74,54474,20347377.0,3.56,1.8,2.47,0.09
2022-01-13,3.74,3.78,3.71,3.74,33501,12545777.0,1.87,1.11,0.0,0.0
2022-01-14,3.74,3.77,3.65,3.66,43424,16125284.0,3.21,1.43,-2.14,-0.08
2022-01-17,3.65,3.74,3.65,3.73,31545,11724090.0,2.46,1.04,1.91,0.07
2022-01-18,3.75,3.76,3.59,3.62,47768,17547402.0,4.56,1.58,-2.95,-0.11
2022-01-19,3.61,3.69,3.6,3.66,26386,9640187.0,2.49,0.87,1.1,0.04
2022-01-20,3.67,3.68,3.46,3.48,44542,15770792.0,6.01,1.47,-4.92,-0.18
2022-01-21,3.46,3.55,3.46,3.47,25491,8908826.0,2.59,0.84,-0.29,-0.01
2022-01-24,3.48,3.49,3.38,3.46,27849,9592411.0,3.17,0.92,-0.29,-0.01
2022-01-25,3.45,3.47,3.31,3.33,32742,11135629.0,4.62,1.08,-3.76,-0.13
2022-01-26,3.38,3.4,3.31,3.38,31301,10505752.0,2.7,1.03,1.5,0.05
2022-01-27,3.38,3.38,3.28,3.3,31499,10475162.0,2.96,1.04,-2.37,-0.08
2022-01-28,3.3,3.4,3.29,3.35,28643,9599008.0,3.33,0.95,1.52,0.05
2022-02-07,3.4,3.43,3.33,3.39,25349,8565624.0,2.99,0.84,1.19,0.04
2022-02-08,3.37,3.54,3.36,3.53,36879,12818352.0,5.31,1.22,4.13,0.14
2022-02-09,3.53,3.57,3.5,3.52,19627,6911337.0,1.98,0.65,-0.28,-0.01
2022-02-10,3.5,3.53,3.46,3.51,24901,8706650.0,1.99,0.82,-0.28,-0.01
2022-02-11,3.53,3.53,3.41,3.43,23472,8086726.0,3.42,0.77,-2.28,-0.08
2022-02-14,3.4,3.49,3.38,3.43,21371,7364990.0,3.21,0.71,0.0,0.0
2022-02-15,3.47,3.47,3.33,3.37,35713,12053026.0,4.08,1.18,-1.75,-0.06
2022-02-16,3.34,3.45,3.34,3.43,29016,9915699.0,3.26,0.96,1.78,0.06
2022-02-17,3.44,3.45,3.38,3.39,32263,11016585.0,2.04,1.06,-1.17,-0.04
2022-02-18,3.41,3.49,3.37,3.47,32150,11066366.0,3.54,1.06,2.36,0.08
2022-02-21,3.48,3.51,3.44,3.49,37284,12935926.0,2.02,1.23,0.58,0.02
2022-02-22,3.47,3.73,3.45,3.54,87235,31030159.0,8.02,2.88,1.43,0.05
2022-02-23,3.52,3.56,3.44,3.56,63996,22444032.0,3.39,2.11,0.56,0.02
2022-02-24,3.54,3.92,3.52,3.92,221187,85250716.0,11.24,7.3,10.11,0.36
2022-02-25,3.9,4.3,3.82,4.0,476217,191673624.0,12.24,15.72,2.04,0.08
2022-02-28,3.73,3.87,3.64,3.69,282148,105657002.0,5.75,9.31,-7.75,-0.31
2022-03-01,3.7,3.75,3.62,3.69,155499,57202836.0,3.52,5.13,0.0,0.0
2022-03-02,3.69,3.73,3.63,3.73,121774,45104894.0,2.71,4.02,1.08,0.04
2022-03-03,3.7,3.74,3.64,3.66,102287,37606309.0,2.68,3.38,-1.88,-0.07
2022-03-04,3.65,3.68,3.57,3.58,86997,31356970.0,3.01,2.87,-2.19,-0.08
2022-03-07,3.61,3.65,3.58,3.59,77616,28105440.0,1.96,2.56,0.28,0.01
2022-03-08,3.59,3.6,3.38,3.44,76351,26489404.0,6.13,2.52,-4.18,-0.15
2022-03-09,3.46,3.65,3.37,3.55,117095,41144858.0,8.14,3.86,3.2,0.11
2022-03-10,3.55,3.7,3.51,3.59,119273,42957229.0,5.35,3.94,1.13,0.04
2022-03-11,3.51,3.59,3.43,3.55,85469,29924313.0,4.46,2.82,-1.11,-0.04
2022-03-14,3.55,3.66,3.5,3.65,104192,37606091.0,4.51,3.44,2.82,0.1
2022-03-15,3.61,3.62,3.31,3.33,119959,41358969.0,8.49,3.96,-8.77,-0.32
2022-03-16,3.35,3.43,3.26,3.39,85386,28795019.0,5.11,2.82,1.8,0.06
2022-03-17,3.38,3.47,3.36,3.4,72999,24978489.0,3.24,2.41,0.29,0.01
2022-03-18,3.38,3.49,3.36,3.46,58244,20136597.0,3.82,1.92,1.76,0.06
2022-03-21,3.46,3.5,3.41,3.45,41146,14190473.0,2.6,1.36,-0.29,-0.01
2022-03-22,3.45,3.54,3.41,3.52,57644,20078417.0,3.77,1.9,2.03,0.07
2022-03-23,3.5,3.53,3.45,3.47,31482,10965961.0,2.27,1.04,-1.42,-0.05
2022-03-24,3.45,3.51,3.4,3.41,37275,12848729.0,3.17,1.23,-1.73,-0.06
2022-03-25,3.4,3.48,3.4,3.42,35473,12226320.0,2.35,1.17,0.29,0.01
2022-03-28,3.39,3.43,3.34,3.4,31969,10821784.0,2.63,1.06,-0.58,-0.02
2022-03-29,3.4,3.42,3.3,3.36,71050,23745240.0,3.53,2.35,-1.18,-0.04
2022-03-30,3.41,3.41,3.3,3.36,40058,13388193.0,3.27,1.32,0.0,0.0
2022-03-31,3.37,3.39,3.34,3.36,37207,12527174.0,1.49,1.23,0.0,0.0
2022-04-01,3.34,3.37,3.25,3.32,33844,11205819.0,3.57,1.12,-1.19,-0.04
2022-04-06,3.34,3.46,3.33,3.45,65551,22475864.0,3.92,2.16,3.92,0.13
2022-04-07,3.46,3.46,3.37,3.37,39199,13334700.0,2.61,1.29,-2.32,-0.08
2022-04-08,3.44,3.45,3.32,3.4,46244,15704774.0,3.86,1.53,0.89,0.03
2022-04-11,3.4,3.4,3.29,3.31,37751,12631576.0,3.24,1.25,-2.65,-0.09
2022-04-12,3.3,3.39,3.26,3.39,29962,9974731.0,3.93,0.99,2.42,0.08
2022-04-13,3.39,3.39,3.32,3.33,20443,6828526.0,2.06,0.67,-1.77,-0.06
2022-04-14,3.33,3.37,3.32,3.34,23757,7955606.0,1.5,0.78,0.3,0.01
2022-04-15,3.32,3.36,3.2,3.23,40848,13282075.0,4.79,1.35,-3.29,-0.11
2022-04-18,3.22,3.27,3.12,3.23,30904,9957550.0,4.64,1.02,0.0,0.0
2022-04-19,3.25,3.26,3.18,3.2,24715,7934342.0,2.48,0.82,-0.93,-0.03
2022-04-20,3.2,3.29,3.15,3.18,36837,11843487.0,4.38,1.22,-0.63,-0.02
2022-04-21,3.16,3.18,2.98,3.01,48012,14759813.0,6.29,1.58,-5.35,-0.17
2022-04-22,3.01,3.11,3.0,3.03,37106,11357235.0,3.65,1.22,0.66,0.02
2022-04-25,3.04,3.04,2.79,2.79,47767,13908443.0,8.25,1.58,-7.92,-0.24
2022-04-26,2.86,2.86,2.69,2.7,26577,7399942.0,6.09,0.88,-3.23,-0.09
2022-04-27,2.75,2.75,2.56,2.73,50183,13366318.0,7.04,1.66,1.11,0.03
2022-04-28,2.74,2.81,2.62,2.65,43582,11761180.0,6.96,1.44,-2.93,-0.08
2022-04-29,2.65,2.84,2.64,2.79,55169,15120439.0,7.55,1.82,5.28,0.14
2022-05-05,2.75,2.86,2.74,2.81,36869,10379464.0,4.3,1.22,0.72,0.02
2022-05-06,2.77,2.84,2.76,2.81,28654,8048483.0,2.85,0.95,0.0,0.0
2022-05-09,2.83,2.91,2.81,2.91,27354,7867060.0,3.56,0.9,3.56,0.1
2022-05-10,2.89,2.97,2.81,2.95,30673,8924835.0,5.5,1.01,1.37,0.04
2022-05-11,2.92,2.97,2.87,2.89,26449,7738703.0,3.39,0.87,-2.03,-0.06
2022-05-12,2.89,2.95,2.85,2.95,29947,8757791.0,3.46,0.99,2.08,0.06
2022-05-13,2.95,3.01,2.93,2.98,33605,9992205.0,2.71,1.11,1.02,0.03
2022-05-16,2.99,3.06,2.98,3.02,35603,10753547.0,2.68,1.18,1.34,0.04
2022-05-17,3.02,3.19,2.96,3.11,65312,20190721.0,7.62,2.16,2.98,0.09
2022-05-18,3.09,3.42,3.04,3.42,169202,56269300.0,12.22,5.58,9.97,0.31
2022-05-19,3.66,3.76,3.64,3.76,133557,49894434.0,3.51,4.41,9.94,0.34
2022-05-20,3.59,3.75,3.39,3.48,426974,149915459.0,9.57,14.09,-7.45,-0.28
2022-05-23,3.36,3.49,3.35,3.4,234201,79567495.0,4.02,7.73,-2.3,-0.08
2022-05-24,3.36,3.47,3.19,3.19,184262,61253343.0,8.24,6.08,-6.18,-0.21
2022-05-25,3.24,3.35,3.2,3.24,140622,46058229.0,4.7,4.64,1.57,0.05
2022-05-26,3.25,3.56,3.25,3.56,110325,38848099.0,9.57,3.64,9.88,0.32
2022-05-27,3.42,3.92,3.37,3.68,493343,181619008.0,15.45,16.28,3.37,0.12
2022-05-30,3.62,3.78,3.43,3.51,340966,121345178.0,9.51,11.25,-4.62,-0.17
2022-05-31,3.47,3.5,3.38,3.39,180446,61627916.0,3.42,5.96,-3.42,-0.12
2022-06-01,3.46,3.49,3.35,3.4,143548,48959647.0,4.13,4.74,0.29,0.01
2022-06-02,3.39,3.45,3.33,3.43,128126,43522642.0,3.53,4.23,0.88,0.03
2022-06-06,3.45,3.7,3.44,3.52,155784,55210776.0,7.58,5.14,2.62,0.09
2022-06-07,3.49,3.54,3.4,3.44,111087,38291336.0,3.98,3.67,-2.27,-0.08
2022-06-08,3.42,3.48,3.3,3.37,105878,35640688.0,5.23,3.49,-2.03,-0.07
2022-06-09,3.38,3.38,3.25,3.3,67989,22483531.0,3.86,2.24,-2.08,-0.07
2022-06-10,3.3,3.42,3.28,3.32,69699,23201569.0,4.24,2.3,0.61,0.02
2022-06-13,3.31,3.42,3.29,3.35,71561,24032929.0,3.92,2.36,0.9,0.03
2022-06-14,3.31,3.35,3.22,3.32,66991,22029706.0,3.88,2.21,-0.9,-0.03
2022-06-15,3.58,3.65,3.58,3.65,90631,33024970.0,2.11,2.99,9.94,0.33
2022-06-16,3.71,4.02,3.65,4.02,566474,220591519.0,10.14,18.7,10.14,0.37
2022-06-17,4.04,4.42,4.04,4.42,373037,160592574.0,9.45,12.31,9.95,0.4
2022-06-20,4.78,4.86,4.6,4.86,198510,95109819.0,5.88,6.55,9.95,0.44
2022-06-21,5.35,5.35,4.37,4.99,1040760,524343888.0,20.16,34.35,2.67,0.13
2022-06-22,4.49,5.49,4.49,5.49,970636,470337520.0,20.04,32.04,10.02,0.5
2022-06-23,5.11,6.04,5.11,6.04,811763,460703568.0,16.94,26.79,10.02,0.55
2022-06-24,5.8,6.63,5.65,5.75,1096915,672563456.0,16.23,36.2,-4.8,-0.29
2022-06-27,5.4,6.0,5.35,5.37,821566,461207440.0,11.3,27.12,-6.61,-0.38
2022-06-28,5.22,5.34,4.98,5.07,660280,337271760.0,6.7,21.79,-5.59,-0.3
2022-06-29,4.96,4.96,4.56,4.56,580778,273470256.0,7.89,19.17,-10.06,-0.51
2022-06-30,4.52,4.57,4.38,4.43,360244,160249797.0,4.17,11.89,-2.85,-0.13
2022-07-01,4.46,4.6,4.43,4.46,327274,147491382.0,3.84,10.8,0.68,0.03
2022-07-04,4.46,4.51,4.25,4.29,274309,118154831.0,5.83,9.05,-3.81,-0.17
2022-07-05,4.35,4.36,4.21,4.31,196629,84298021.0,3.5,6.49,0.47,0.02
2022-07-06,4.25,4.37,4.19,4.31,180517,77710841.0,4.18,5.96,0.0,0.0
2022-07-07,4.3,4.45,4.24,4.42,228245,99805298.0,4.87,7.53,2.55,0.11
2022-07-08,4.37,4.42,4.25,4.27,161740,69562280.03,3.85,5.34,-3.39,-0.15
2022-07-11,4.16,4.29,4.11,4.18,137593,57499261.66,4.22,4.54,-2.11,-0.09
2022-07-12,4.21,4.27,4.11,4.12,116214,48543709.65,3.83,3.84,-1.44,-0.06
2022-07-13,4.13,4.27,4.13,4.23,122027,51442728.0,3.4,4.03,2.67,0.11
2022-07-14,4.27,4.57,4.22,4.37,281169,123172745.68,8.27,9.28,3.31,0.14
2022-07-15,4.29,4.31,4.03,4.03,225614,93390867.7,6.41,7.45,-7.78,-0.34
2022-07-18,4.03,4.35,4.03,4.23,196668,83199422.1,7.94,6.49,4.96,0.2
2022-07-19,4.26,4.29,4.17,4.22,108462,45679566.3,2.84,3.58,-0.24,-0.01
2022-07-20,4.24,4.39,4.21,4.37,143667,61894974.48,4.27,4.74,3.55,0.15
2022-07-21,4.32,4.36,4.23,4.25,119948,51184496.16,2.97,3.96,-2.75,-0.12
2022-07-22,4.33,4.53,4.27,4.41,240474,105552644.76,6.12,7.94,3.76,0.16
2022-07-25,4.35,4.5,4.28,4.34,159854,69613969.28,4.99,5.28,-1.59,-0.07
2022-07-26,4.38,4.39,4.24,4.29,100570,43069180.0,3.46,3.32,-1.15,-0.05
2022-07-27,4.28,4.38,4.26,4.37,114254,49554032.0,2.8,3.77,1.86,0.08
2022-07-28,4.42,4.43,4.31,4.31,95307,41350866.0,2.75,3.15,-1.37,-0.06
2022-07-29,4.33,4.45,4.3,4.35,111827,48912022.68,3.48,3.69,0.93,0.04
2022-08-01,4.36,4.41,4.31,4.33,79672,34555128.08,2.3,2.63,-0.46,-0.02
2022-08-02,4.32,4.32,4.05,4.14,149867,62432732.21,6.24,4.95,-4.39,-0.19
2022-08-03,4.16,4.24,4.06,4.07,73703,30667040.0,4.35,2.43,-1.69,-0.07
2022-08-04,4.11,4.26,4.11,4.22,84343,35418470.03,3.69,2.78,3.69,0.15
2022-08-05,4.23,4.26,4.15,4.25,64907,27301427.0,2.61,2.14,0.71,0.03
2022-08-08,4.28,4.4,4.22,4.35,81488,35255918.5,4.24,2.69,2.35,0.1
2022-08-09,4.39,4.79,4.36,4.79,156523,72548215.9,9.89,5.17,10.11,0.44
2022-08-10,5.0,5.17,4.71,4.83,538184,263260155.6,9.6,17.76,0.84,0.04
2022-08-11,4.79,4.85,4.63,4.7,324044,153244769.54,4.55,10.7,-2.69,-0.13
2022-08-12,4.65,4.68,4.57,4.62,178981,82535913.17,2.34,5.91,-1.7,-0.08
2022-08-15,4.66,4.86,4.64,4.68,193948,91225088.96,4.76,6.4,1.3,0.06
2022-08-16,4.68,4.74,4.54,4.59,137730,63237334.56,4.27,4.55,-1.92,-0.09
2022-08-17,4.59,4.63,4.54,4.55,95751,43847195.0,1.96,3.16,-0.87,-0.04
2022-08-18,4.57,4.63,4.48,4.55,144726,65887363.0,3.3,4.78,0.0,0.0
2022-08-19,4.54,4.55,4.42,4.42,109565,48957483.0,2.86,3.62,-2.86,-0.13
2022-08-22,4.4,4.54,4.31,4.47,95726,42828202.74,5.2,3.16,1.13,0.05
2022-08-23,4.49,4.71,4.42,4.68,219035,101285939.88,6.49,7.23,4.7,0.21
2022-08-24,4.64,4.66,4.42,4.44,154405,69879541.32,5.13,5.1,-5.13,-0.24
2022-08-25,4.46,4.52,4.26,4.31,108220,47050567.54,5.86,3.57,-2.93,-0.13
2022-08-26,4.31,4.43,4.28,4.32,78540,34233581.4,3.48,2.59,0.23,0.01
2022-08-29,4.2,4.4,4.12,4.37,70423,30453928.35,6.48,2.32,1.16,0.05
2022-08-30,4.41,4.43,4.27,4.3,72163,31283154.36,3.66,2.38,-1.6,-0.07
2022-08-31,4.33,4.35,4.17,4.2,81368,34359251.4,4.19,2.69,-2.33,-0.1
2022-09-01,4.23,4.35,4.18,4.25,66824,28528745.0,4.05,2.21,1.19,0.05
2022-09-02,4.22,4.37,4.2,4.34,77575,33472659.0,4.0,2.56,2.12,0.09
2022-09-05,4.34,4.42,4.28,4.33,55690,24167258.14,3.23,1.84,-0.23,-0.01
2022-09-06,4.35,4.36,4.26,4.34,52123,22515097.0,2.31,1.72,0.23,0.01
2022-09-07,4.35,4.38,4.3,4.33,44962,19439443.0,1.84,1.48,-0.23,-0.01
2022-09-08,4.34,4.35,4.22,4.23,55239,23571755.74,3.0,1.82,-2.31,-0.1
2022-09-09,4.21,4.28,4.16,4.21,49160,20621206.0,2.84,1.62,-0.47,-0.02
2022-09-13,4.25,4.27,4.21,4.25,37938,16064332.0,1.43,1.25,0.95,0.04
2022-09-14,4.23,4.24,4.16,4.2,40526,17006748.0,1.88,1.34,-1.18,-0.05
2022-09-15,4.22,4.23,4.01,4.06,64314,26316886.0,5.24,2.12,-3.33,-0.14
2022-09-16,4.07,4.07,3.9,3.93,48964,19477520.0,4.19,1.62,-3.2,-0.13
2022-09-19,3.9,3.93,3.82,3.87,53067,20485623.0,2.8,1.75,-1.53,-0.06
2022-09-20,3.9,3.98,3.87,3.92,43645,17157148.0,2.84,1.44,1.29,0.05
2022-09-21,3.92,4.1,3.86,4.04,67398,26902960.0,6.12,2.22,3.06,0.12
2022-09-22,4.0,4.44,4.0,4.44,106068,46292231.1,10.89,3.5,9.9,0.4
2022-09-23,4.6,4.72,4.28,4.35,459166,207734769.11,9.91,15.15,-2.03,-0.09
2022-09-26,4.22,4.55,4.15,4.31,358861,155435487.47,9.2,11.84,-0.92,-0.04
2022-09-27,4.28,4.35,4.17,4.32,237749,101239697.96,4.18,7.85,0.23,0.01
2022-09-28,4.24,4.32,4.15,4.23,139913,59183791.54,3.94,4.62,-2.08,-0.09
2022-09-29,4.35,4.4,3.94,3.97,189113,77825250.26,10.87,6.24,-6.15,-0.26
2022-09-30,3.97,4.08,3.71,3.76,152647,58440329.89,9.32,5.04,-5.29,-0.21
2022-10-10,3.7,3.76,3.58,3.6,83816,30831074.64,4.79,2.77,-4.26,-0.16
2022-10-11,3.61,3.67,3.5,3.63,59433,21308400.89,4.72,1.96,0.83,0.03
2022-10-12,3.63,3.99,3.63,3.99,57457,22596783.0,9.92,1.9,9.92,0.36
2022-10-13,4.16,4.21,4.03,4.1,271477,111872179.96,4.51,8.96,2.76,0.11
2022-10-14,4.08,4.19,4.06,4.08,158795,65076811.8,3.17,5.24,-0.49,-0.02
2022-10-17,4.02,4.12,4.02,4.11,86134,35185810.0,2.45,2.84,0.74,0.03
2022-10-18,4.12,4.26,4.08,4.09,83621,34521810.4,4.38,2.76,-0.49,-0.02
2022-10-19,4.11,4.24,4.04,4.17,139109,57939687.0,4.89,4.59,1.96,0.08
2022-10-20,4.17,4.2,4.1,4.12,77848,32243888.34,2.4,2.57,-1.2,-0.05
2022-10-21,4.12,4.21,4.11,4.2,75417,31467240.95,2.43,2.49,1.94,0.08
2022-10-24,4.23,4.4,4.18,4.26,145686,62503227.28,5.24,4.81,1.43,0.06
2022-10-25,4.21,4.26,4.11,4.22,97256,40712105.46,3.52,3.21,-0.94,-0.04
2022-10-26,4.27,4.38,4.24,4.34,111052,48018433.8,3.32,3.67,2.84,0.12
2022-10-27,4.28,4.46,4.21,4.21,82848,35494888.0,5.76,2.73,-3.0,-0.13
2022-10-28,4.17,4.23,4.06,4.1,85153,35226047.12,4.04,2.81,-2.61,-0.11
2022-10-31,4.05,4.17,4.03,4.17,60272,24891039.4,3.41,1.99,1.71,0.07
2022-11-01,4.18,4.33,4.18,4.32,76370,32642615.8,3.6,2.52,3.6,0.15
2022-11-02,4.31,4.37,4.28,4.37,76902,33177232.2,2.08,2.54,1.16,0.05
2022-11-03,4.35,4.38,4.31,4.31,55050,23883492.0,1.6,1.82,-1.37,-0.06
2022-11-04,4.35,4.7,4.31,4.54,170280,76457190.02,9.05,5.62,5.34,0.23
2022-11-07,4.53,4.76,4.52,4.61,189929,87965364.74,5.29,6.27,1.54,0.07
2022-11-08,4.63,4.63,4.49,4.57,89930,40899432.56,3.04,2.97,-0.87,-0.04
2022-11-09,4.6,4.76,4.52,4.7,153860,71279734.42,5.25,5.08,2.84,0.13
2022-11-10,4.63,4.67,4.52,4.6,151402,69405352.0,3.19,5.0,-2.13,-0.1
2022-11-11,4.67,4.98,4.49,4.66,250822,117214213.33,10.65,8.28,1.3,0.06
2022-11-14,4.66,4.7,4.44,4.46,189373,85997009.0,5.58,6.25,-4.29,-0.2
2022-11-15,4.51,4.61,4.4,4.48,132979,59463370.76,4.71,4.39,0.45,0.02
2022-11-16,4.48,4.5,4.39,4.41,86717,38478959.28,2.46,2.86,-1.56,-0.07
2022-11-17,4.41,4.48,4.35,4.44,70316,31051238.0,2.95,2.32,0.68,0.03
2022-11-18,4.44,4.49,4.36,4.36,69970,30888929.4,2.93,2.31,-1.8,-0.08
2022-11-21,4.31,4.4,4.28,4.39,54284,23634090.0,2.75,1.79,0.69,0.03
2022-11-22,4.39,4.5,4.33,4.41,79088,35002675.48,3.87,2.61,0.46,0.02
2022-11-23,4.37,4.39,4.23,4.31,76337,32820295.52,3.63,2.52,-2.27,-0.1
2022-11-24,4.34,4.47,4.3,4.35,75443,32992451.0,3.94,2.49,0.93,0.04
2022-11-25,4.32,4.42,4.31,4.33,64166,28024582.68,2.53,2.12,-0.46,-0.02
2022-11-28,4.33,4.41,4.21,4.33,70193,30328103.5,4.62,2.32,0.0,0.0
2022-11-29,4.6,4.76,4.5,4.76,270856,125761231.36,6.0,8.94,9.93,0.43
2022-11-30,4.95,4.96,4.56,4.59,437337,205992323.26,8.4,14.43,-3.57,-0.17
2022-12-01,4.65,4.73,4.53,4.58,200487,92138037.26,4.36,6.62,-0.22,-0.01
2022-12-02,4.59,4.61,4.48,4.56,135041,61267098.58,2.84,4.46,-0.44,-0.02
2022-12-05,4.55,4.64,4.52,4.63,142576,65580898.8,2.63,4.71,1.54,0.07
2022-12-06,4.6,4.6,4.5,4.58,115317,52381941.0,2.16,3.81,-1.08,-0.05
2022-12-07,4.59,5.04,4.55,5.04,468075,229549801.1,10.7,15.45,10.04,0.46
2022-12-08,5.04,5.54,4.96,5.54,304945,163501056.32,11.51,10.06,9.92,0.5
2022-12-09,5.58,5.73,5.0,5.03,716556,374205061.91,13.18,23.65,-9.21,-0.51
2022-12-12,4.98,5.35,4.98,5.18,528564,272386229.41,7.36,17.45,2.98,0.15
2022-12-13,4.98,5.15,4.87,5.06,326528,163896135.06,5.41,10.78,-2.32,-0.12
2022-12-14,4.99,5.05,4.86,4.91,244238,120521089.49,3.75,8.06,-2.96,-0.15
2022-12-15,4.86,4.94,4.78,4.92,167988,81675991.76,3.26,5.54,0.2,0.01
2022-12-16,4.83,4.87,4.75,4.83,126419,60840162.0,2.44,4.17,-1.83,-0.09
2022-12-19,4.83,4.94,4.76,4.9,198022,96135135.98,3.73,6.54,1.45,0.07
2022-12-20,4.84,4.85,4.53,4.64,178918,83520208.68,6.53,5.91,-5.31,-0.26
2022-12-21,4.65,4.8,4.57,4.78,163928,77178169.17,4.96,5.41,3.02,0.14
2022-12-22,4.76,4.84,4.55,4.59,172304,80263139.0,6.07,5.69,-3.97,-0.19
2022-12-23,4.64,4.64,4.45,4.51,117965,53345676.0,4.14,3.89,-1.74,-0.08
2022-12-26,4.55,4.64,4.53,4.62,89637,41134976.0,2.44,2.96,2.44,0.11
2022-12-27,4.65,4.69,4.5,4.67,102433,47308697.0,4.11,3.38,1.08,0.05
2022-12-28,4.65,4.65,4.48,4.54,96524,43799429.0,3.64,3.19,-2.78,-0.13
2022-12-29,4.52,4.78,4.47,4.71,178102,83006643.0,6.83,5.88,3.74,0.17
2022-12-30,4.84,4.91,4.53,4.76,308001,146135530.8,8.07,10.17,1.06,0.05
2023-01-03,4.75,5.09,4.72,4.9,243795,118743145.35,7.77,8.05,2.94,0.14
2023-01-04,4.92,5.02,4.79,4.95,212395,104683231.8,4.69,7.01,1.02,0.05
2023-01-05,4.9,5.02,4.83,4.94,162990,80341902.0,3.84,5.38,-0.2,-0.01
2023-01-06,4.94,5.13,4.85,4.98,203312,101592934.0,5.67,6.71,0.81,0.04
2023-01-09,4.95,5.1,4.89,4.92,157968,78471023.0,4.22,5.21,-1.2,-0.06
2023-01-10,4.93,5.07,4.9,4.95,150925,75084882.0,3.46,4.98,0.61,0.03
2023-01-11,4.96,4.97,4.87,4.92,118790,58469074.74,2.02,3.92,-0.61,-0.03
2023-01-12,4.9,4.94,4.81,4.87,112762,54955067.66,2.64,3.72,-1.02,-0.05
2023-01-13,4.88,4.9,4.78,4.8,78744,37999580.96,2.46,2.6,-1.44,-0.07
2023-01-16,4.77,4.84,4.75,4.76,70170,33520504.14,1.88,2.32,-0.83,-0.04
2023-01-17,4.75,4.79,4.68,4.69,57082,26871388.0,2.31,1.88,-1.47,-0.07
2023-01-18,4.68,4.79,4.68,4.75,43917,20854831.44,2.35,1.45,1.28,0.06
2023-01-19,4.77,4.78,4.64,4.66,77783,36400144.07,2.95,2.57,-1.89,-0.09
2023-01-20,4.68,4.78,4.68,4.74,62269,29525716.0,2.15,2.06,1.72,0.08
2023-01-30,4.75,4.92,4.75,4.89,146397,71121537.78,3.59,4.83,3.16,0.15
2023-01-31,4.84,4.86,4.73,4.76,131431,62890585.69,2.66,4.34,-2.66,-0.13
2023-02-01,4.76,4.84,4.68,4.83,124107,59122482.87,3.36,4.1,1.47,0.07
2023-02-02,4.86,4.89,4.75,4.79,116164,55875091.6,2.9,3.83,-0.83,-0.04
2023-02-03,4.75,4.77,4.59,4.66,119240,55678249.0,3.76,3.94,-2.71,-0.13
2023-02-06,4.64,4.69,4.57,4.58,82136,37947895.0,2.58,2.71,-1.72,-0.08
2023-02-07,4.59,4.63,4.54,4.63,63196,29056882.0,1.97,2.09,1.09,0.05
2023-02-08,4.66,4.88,4.62,4.79,162907,77550395.2,5.62,5.38,3.46,0.16
2023-02-09,4.78,4.79,4.65,4.7,127965,60080808.0,2.92,4.22,-1.88,-0.09
2023-02-10,4.7,4.71,4.61,4.65,75006,34944689.0,2.13,2.48,-1.06,-0.05
2023-02-13,4.65,5.12,4.63,5.12,184330,92449430.68,10.54,6.08,10.11,0.47
2023-02-14,5.25,5.25,5.0,5.04,493809,250167002.62,4.88,16.3,-1.56,-0.08
2023-02-15,5.08,5.11,4.97,5.02,224840,112926738.0,2.78,7.42,-0.4,-0.02
2023-02-16,5.02,5.1,4.83,4.93,270891,135190945.0,5.38,8.94,-1.79,-0.09
2023-02-17,4.9,5.0,4.87,4.95,160268,79213480.8,2.64,5.29,0.41,0.02
2023-02-20,4.95,4.98,4.85,4.98,127036,62491891.06,2.63,4.19,0.61,0.03
2023-02-21,4.98,5.08,4.93,5.04,211153,106238685.82,3.01,6.97,1.2,0.06
2023-02-22,4.98,5.08,4.96,5.0,115780,58004177.0,2.38,3.82,-0.79,-0.04
2023-02-23,5.0,5.07,4.93,4.97,97888,48783135.0,2.8,3.23,-0.6,-0.03
2023-02-24,4.94,4.98,4.9,4.96,65670,32446245.0,1.61,2.17,-0.2,-0.01
2023-02-27,4.95,4.95,4.8,4.82,92015,44587903.0,3.02,3.04,-2.82,-0.14
2023-02-28,4.85,4.88,4.78,4.84,75847,36567621.0,2.07,2.5,0.41,0.02
2023-03-01,4.84,4.87,4.8,4.87,55257,26712658.0,1.45,1.82,0.62,0.03
2023-03-02,4.86,4.88,4.76,4.79,84771,40724584.0,2.46,2.8,-1.64,-0.08
2023-03-03,4.82,4.82,4.73,4.8,48201,22999791.0,1.88,1.59,0.21,0.01
2023-03-06,4.82,4.87,4.78,4.85,80192,38755029.0,1.88,2.65,1.04,0.05
2023-03-07,4.86,4.86,4.66,4.67,78323,37183921.0,4.12,2.59,-3.71,-0.18
2023-03-08,4.63,4.73,4.62,4.72,36074,16912244.2,2.36,1.19,1.07,0.05
2023-03-09,4.69,4.73,4.63,4.67,36428,16995830.0,2.12,1.2,-1.06,-0.05
2023-03-10,4.63,4.65,4.57,4.61,39528,18193291.0,1.71,1.3,-1.28,-0.06
2023-03-13,4.61,4.65,4.48,4.54,54776,24914306.0,3.69,1.81,-1.52,-0.07
2023-03-14,4.57,4.99,4.54,4.81,363487,177831089.3,9.91,12.0,5.95,0.27
2023-03-15,4.61,4.72,4.51,4.68,257620,119266439.49,4.37,8.5,-2.7,-0.13
2023-03-16,4.61,4.94,4.59,4.75,206640,98298324.34,7.48,6.82,1.5,0.07
2023-03-17,4.71,4.75,4.62,4.72,139675,65272572.42,2.74,4.61,-0.63,-0.03
2023-03-20,4.77,5.15,4.64,4.97,328938,160474201.8,10.81,10.86,5.3,0.25
2023-03-21,4.94,5.03,4.87,4.9,273019,134760560.73,3.22,9.01,-1.41,-0.07
2023-03-22,4.86,4.9,4.84,4.89,148485,72251839.26,1.22,4.9,-0.2,-0.01
2023-03-23,4.88,4.88,4.79,4.83,113537,54695389.45,1.84,3.75,-1.23,-0.06
2023-03-24,4.82,4.87,4.81,4.82,71765,34723576.76,1.24,2.37,-0.21,-0.01
2023-03-27,4.78,4.83,4.68,4.74,105407,49973875.65,3.11,3.48,-1.66,-0.08
2023-03-28,4.73,4.73,4.6,4.62,77734,36177270.19,2.74,2.57,-2.53,-0.12
2023-03-29,4.65,4.65,4.57,4.57,55037,25282137.13,1.73,1.82,-1.08,-0.05
2023-03-30,4.58,4.62,4.51,4.61,66661,30395944.0,2.41,2.2,0.88,0.04
2023-03-31,4.59,4.64,4.58,4.62,41780,19280122.0,1.3,1.38,0.22,0.01
2023-04-03,4.59,4.64,4.58,4.63,42186,19452389.83,1.3,1.39,0.22,0.01
2023-04-04,4.62,4.67,4.55,4.64,64350,29658641.84,2.59,2.12,0.22,0.01
2023-04-06,4.64,4.87,4.63,4.71,124931,59253506.75,5.17,4.12,1.51,0.07
2023-04-07,4.68,4.68,4.58,4.62,87936,40615506.36,2.12,2.9,-1.91,-0.09
2023-04-10,4.62,4.62,4.4,4.42,101162,45410819.4,4.76,3.34,-4.33,-0.2
2023-04-11,4.42,4.48,4.31,4.47,49306,21651520.0,3.85,1.63,1.13,0.05
2023-04-12,4.44,4.5,4.42,4.42,34715,15431645.0,1.79,1.15,-1.12,-0.05
2023-04-13,4.43,4.43,4.35,4.36,43117,18894930.66,1.81,1.42,-1.36,-0.06
2023-04-14,4.41,4.41,4.34,4.37,45142,19723545.0,1.61,1.49,0.23,0.01
2023-04-17,4.37,4.37,4.29,4.31,42433,18315365.0,1.83,1.4,-1.37,-0.06
2023-04-18,4.32,4.32,4.2,4.21,52088,22051501.0,2.78,1.72,-2.32,-0.1
2023-04-19,4.2,4.31,4.18,4.25,37258,15789799.0,3.09,1.23,0.95,0.04
2023-04-20,4.25,4.3,4.23,4.29,44795,19087309.0,1.65,1.48,0.94,0.04
2023-04-21,4.28,4.34,4.21,4.23,39254,16790012.0,3.03,1.3,-1.4,-0.06
2023-04-24,4.23,4.24,4.05,4.11,36719,15139056.0,4.49,1.21,-2.84,-0.12
2023-04-25,4.16,4.16,3.97,4.0,44461,17913262.41,4.62,1.47,-2.68,-0.11
2023-04-26,4.0,4.23,4.0,4.15,51043,21071246.42,5.75,1.68,3.75,0.15
2023-04-27,4.14,4.19,4.1,4.1,30782,12721651.11,2.17,1.02,-1.2,-0.05
2023-04-28,4.15,4.28,4.11,4.26,44317,18809306.0,4.15,1.46,3.9,0.16
2023-05-04,4.25,4.37,4.25,4.35,44643,19339482.98,2.82,1.47,2.11,0.09
2023-05-05,4.37,4.37,4.28,4.34,37397,16161854.0,2.07,1.23,-0.23,-0.01
2023-05-08,4.34,4.37,4.3,4.31,31928,13815088.0,1.61,1.05,-0.69,-0.03
2023-05-09,4.31,4.36,4.27,4.28,32346,13961290.0,2.09,1.07,-0.7,-0.03
2023-05-10,4.28,4.34,4.26,4.29,23216,9969966.0,1.87,0.77,0.23,0.01
2023-05-11,4.32,4.37,4.28,4.35,31553,13680310.0,2.1,1.04,1.4,0.06
2023-05-12,4.36,4.43,4.35,4.36,39162,17183564.82,1.84,1.29,0.23,0.01
2023-05-15,4.36,4.43,4.32,4.39,37876,16529843.16,2.52,1.25,0.69,0.03
2023-05-16,4.42,4.42,4.32,4.34,24933,10832679.08,2.28,0.82,-1.14,-0.05
2023-05-17,4.34,4.4,4.33,4.39,25096,10964382.88,1.61,0.83,1.15,0.05
2023-05-18,4.39,4.43,4.37,4.38,26850,11794070.0,1.37,0.89,-0.23,-0.01
2023-05-19,4.38,4.41,4.32,4.4,25757,11293755.0,2.05,0.85,0.46,0.02
2023-05-22,4.42,4.45,4.38,4.4,18900,8337872.0,1.59,0.62,0.0,0.0
2023-05-23,4.42,4.43,4.37,4.38,19998,8795237.0,1.36,0.66,-0.45,-0.02
2023-05-24,4.35,4.41,4.34,4.38,19152,8390599.0,1.6,0.63,0.0,0.0
2023-05-25,4.38,4.4,4.3,4.38,33014,14333776.0,2.28,1.09,0.0,0.0
2023-05-26,4.37,4.41,4.3,4.4,36371,15847105.4,2.51,1.2,0.46,0.02
2023-05-29,4.38,4.4,4.28,4.28,33600,14544817.0,2.73,1.11,-2.73,-0.12
2023-05-30,4.27,4.33,4.21,4.3,26012,11112433.0,2.8,0.86,0.47,0.02
2023-05-31,4.32,4.32,4.21,4.22,30109,12787865.0,2.56,0.99,-1.86,-0.08
2023-06-01,4.22,4.28,4.18,4.24,27506,11657743.0,2.37,0.91,0.47,0.02
2023-06-02,4.24,4.29,4.22,4.27,30531,13003657.61,1.65,1.01,0.71,0.03
2023-06-05,4.27,4.39,4.25,4.37,43958,19062181.0,3.28,1.45,2.34,0.1
2023-06-06,4.35,4.36,4.25,4.3,30284,13064067.0,2.52,1.0,-1.6,-0.07
2023-06-07,4.29,4.38,4.26,4.35,31030,13441631.6,2.79,1.02,1.16,0.05
2023-06-08,4.35,4.37,4.3,4.31,26474,11458525.96,1.61,0.87,-0.92,-0.04
2023-06-09,4.28,4.37,4.28,4.29,24321,10480730.0,2.09,0.8,-0.46,-0.02
2023-06-12,4.3,4.39,4.25,4.37,53180,23052062.21,3.26,1.76,1.86,0.08
2023-06-13,4.38,4.46,4.36,4.43,40391,17859271.18,2.29,1.33,1.37,0.06
2023-06-14,4.43,4.45,4.39,4.43,36624,16199750.0,1.35,1.21,0.0,0.0
2023-06-15,4.41,4.44,4.36,4.37,27539,12054808.04,1.81,0.91,-1.35,-0.06
2023-06-16,4.37,4.43,4.35,4.4,31636,13937752.0,1.83,1.04,0.69,0.03
2023-06-19,4.4,4.43,4.34,4.35,30779,13424705.0,2.05,1.02,-1.14,-0.05
2023-06-20,4.37,4.38,4.28,4.28,34837,15013426.58,2.3,1.15,-1.61,-0.07
2023-06-21,4.3,4.34,4.18,4.18,30149,12757757.68,3.74,1.0,-2.34,-0.1
2023-06-26,4.12,4.18,4.08,4.08,31705,13081464.0,2.39,1.05,-2.39,-0.1
2023-06-27,4.08,4.23,4.07,4.2,39399,16509433.0,3.92,1.3,2.94,0.12
2023-06-28,4.2,4.25,4.11,4.21,27913,11669228.64,3.33,0.92,0.24,0.01
2023-06-29,4.25,4.26,4.2,4.2,26783,11320957.0,1.43,0.88,-0.24,-0.01
2023-06-30,4.23,4.33,4.18,4.32,39784,17078721.36,3.57,1.31,2.86,0.12
2023-07-03,4.4,4.44,4.35,4.38,45448,19912492.0,2.08,1.5,1.39,0.06
2023-07-04,4.37,4.45,4.37,4.4,37855,16689483.0,1.83,1.25,0.46,0.02
2023-07-05,4.4,4.42,4.36,4.39,27648,12161914.0,1.36,0.91,-0.23,-0.01
2023-07-06,4.36,4.42,4.35,4.38,22124,9687232.11,1.59,0.73,-0.23,-0.01
2023-07-07,4.4,4.44,4.36,4.44,40236,17753521.12,1.83,1.33,1.37,0.06
2023-07-10,4.39,4.77,4.37,4.54,181826,82844018.34,9.01,6.0,2.25,0.1
2023-07-11,4.55,4.7,4.45,4.63,180610,83338044.42,5.51,5.96,1.98,0.09
2023-07-12,4.65,4.76,4.61,4.61,155770,72669239.0,3.24,5.14,-0.43,-0.02
2023-07-13,4.63,4.7,4.6,4.62,76659,35558481.0,2.17,2.53,0.22,0.01
2023-07-14,4.6,4.66,4.6,4.62,66999,30992399.4,1.3,2.21,0.0,0.0
2023-07-17,4.59,4.64,4.57,4.6,38975,17901002.0,1.52,1.29,-0.43,-0.02
2023-07-18,4.6,4.62,4.55,4.58,35184,16115149.0,1.52,1.16,-0.43,-0.02
2023-07-19,4.57,4.65,4.57,4.64,42649,19719309.55,1.75,1.41,1.31,0.06
2023-07-20,4.64,4.68,4.58,4.62,48769,22569716.0,2.16,1.61,-0.43,-0.02
2023-07-21,4.62,4.66,4.57,4.63,41902,19364872.0,1.95,1.38,0.22,0.01
2023-07-24,4.59,4.65,4.59,4.59,37008,17067659.56,1.3,1.22,-0.86,-0.04
2023-07-25,4.61,4.69,4.61,4.63,44193,20511241.84,1.74,1.46,0.87,0.04
2023-07-26,4.62,4.66,4.6,4.63,27886,12921506.16,1.3,0.92,0.0,0.0
2023-07-27,4.63,4.68,4.61,4.62,35772,16611369.0,1.51,1.18,-0.22,-0.01
2023-07-28,4.6,4.69,4.57,4.67,64715,30125597.98,2.6,2.14,1.08,0.05
2023-07-31,4.67,4.8,4.66,4.77,70021,33041832.5,3.0,2.31,2.14,0.1
2023-08-01,4.77,4.77,4.68,4.71,50830,24006135.5,1.89,1.68,-1.26,-0.06
2023-08-02,4.71,4.75,4.65,4.69,32425,15201979.5,2.12,1.07,-0.42,-0.02
2023-08-03,4.7,4.7,4.62,4.64,27814,12915412.12,1.71,0.92,-1.07,-0.05
2023-08-04,4.64,4.66,4.57,4.57,33525,15407729.0,1.94,1.11,-1.51,-0.07
2023-08-07,4.58,4.61,4.5,4.58,36337,16599654.38,2.41,1.2,0.22,0.01
2023-08-08,4.54,4.6,4.54,4.59,23682,10831279.0,1.31,0.78,0.22,0.01
2023-08-09,4.59,4.59,4.48,4.49,35273,15908748.0,2.4,1.16,-2.18,-0.1
2023-08-10,4.52,4.57,4.48,4.54,26706,12093522.5,2.0,0.88,1.11,0.05
2023-08-11,4.54,4.66,4.5,4.5,39275,17952633.0,3.52,1.3,-0.88,-0.04
2023-08-14,4.53,4.53,4.42,4.51,34529,15488311.0,2.44,1.14,0.22,0.01
2023-08-15,4.5,4.54,4.46,4.52,28641,12870788.5,1.77,0.95,0.22,0.01
2023-08-16,4.52,4.53,4.46,4.46,28877,12966283.67,1.55,0.95,-1.33,-0.06
2023-08-17,4.47,4.6,4.44,4.6,42748,19372265.5,3.59,1.41,3.14,0.14
2023-08-18,4.6,4.61,4.52,4.52,27729,12660188.0,1.96,0.92,-1.74,-0.08
2023-08-21,4.52,4.58,4.47,4.51,32796,14878101.5,2.43,1.08,-0.22,-0.01
2023-08-22,4.52,4.56,4.38,4.44,43326,19249022.0,3.99,1.43,-1.55,-0.07
2023-08-23,4.44,4.45,4.36,4.36,26998,11884989.0,2.03,0.89,-1.8,-0.08
2023-08-24,4.43,4.44,4.33,4.4,34046,14931400.0,2.52,1.12,0.92,0.04
2023-08-25,4.37,4.47,4.33,4.36,41707,18279540.0,3.18,1.38,-0.91,-0.04
2023-08-28,4.67,4.67,4.41,4.42,65664,29597363.44,5.96,2.17,1.38,0.06
2023-08-29,4.44,4.6,4.4,4.57,62952,28626500.02,4.52,2.08,3.39,0.15
2023-08-30,4.62,4.62,4.51,4.56,42063,19166656.0,2.41,1.39,-0.22,-0.01
2023-08-31,4.56,4.58,4.48,4.5,32839,14822212.0,2.19,1.08,-1.32,-0.06
2023-09-01,4.54,4.58,4.49,4.52,35135,15862315.5,2.0,1.16,0.44,0.02
2023-09-04,4.52,4.62,4.5,4.62,48009,21992586.22,2.65,1.58,2.21,0.1
2023-09-05,4.61,4.63,4.54,4.56,30483,13922061.0,1.95,1.01,-1.3,-0.06
2023-09-06,4.56,4.67,4.55,4.63,41693,19255916.1,2.63,1.38,1.54,0.07
2023-09-07,4.65,4.66,4.57,4.57,34746,16012030.41,1.94,1.15,-1.3,-0.06
2023-09-08,4.62,4.65,4.57,4.59,33793,15554408.64,1.75,1.12,0.44,0.02
2023-09-11,4.59,4.62,4.51,4.56,30361,13823295.0,2.4,1.0,-0.65,-0.03
2023-09-12,4.56,4.6,4.52,4.55,32425,14767675.98,1.75,1.07,-0.22,-0.01
2023-09-13,4.57,4.58,4.47,4.48,28766,12970618.0,2.42,0.95,-1.54,-0.07
2023-09-14,4.52,4.52,4.42,4.46,24885,11101485.0,2.23,0.82,-0.45,-0.02
2023-09-15,4.46,4.58,4.45,4.52,34992,15829624.08,2.91,1.15,1.35,0.06
2023-09-18,4.5,4.63,4.48,4.63,67411,30967761.22,3.32,2.22,2.43,0.11
2023-09-19,4.66,4.66,4.52,4.53,43131,19632198.0,3.02,1.42,-2.16,-0.1
2023-09-20,4.51,4.55,4.44,4.45,56585,25301432.0,2.43,1.87,-1.77,-0.08
2023-09-21,4.45,4.47,4.37,4.38,30603,13483182.4,2.25,1.01,-1.57,-0.07
2023-09-22,4.38,4.44,4.35,4.43,22252,9797372.0,2.05,0.73,1.14,0.05
2023-09-25,4.45,4.47,4.34,4.35,30957,13556881.0,2.93,1.02,-1.81,-0.08
2023-09-26,4.37,4.39,4.3,4.35,45327,19682883.68,2.07,1.5,0.0,0.0
2023-09-27,4.33,4.39,4.29,4.37,34533,15071344.84,2.3,1.14,0.46,0.02
2023-09-28,4.39,4.46,4.36,4.44,28792,12730814.36,2.29,0.95,1.6,0.07
2023-10-09,4.44,4.56,4.33,4.33,52096,22959870.88,5.18,1.72,-2.48,-0.11
2023-10-10,4.38,4.4,4.31,4.34,37550,16319186.32,2.08,1.24,0.23,0.01
2023-10-11,4.34,4.37,4.27,4.28,38077,16420741.46,2.3,1.26,-1.38,-0.06
2023-10-12,4.28,4.3,4.2,4.22,61281,25949024.0,2.34,2.02,-1.4,-0.06
2023-10-13,4.2,4.2,4.09,4.11,60365,24875001.0,2.61,1.99,-2.61,-0.11
2023-10-16,4.13,4.22,4.12,4.18,47624,19847502.35,2.43,1.57,1.7,0.07
2023-10-17,4.2,4.24,4.15,4.16,34947,14654617.0,2.15,1.15,-0.48,-0.02
2023-10-18,4.16,4.18,4.08,4.1,31229,12849290.0,2.4,1.03,-1.44,-0.06
2023-10-19,4.12,4.15,4.05,4.08,28230,11574080.41,2.44,0.93,-0.49,-0.02
2023-10-20,4.08,4.13,4.05,4.07,33592,13699566.0,1.96,1.11,-0.25,-0.01
2023-10-23,4.05,4.09,3.94,3.95,45569,18179686.0,3.69,1.5,-2.95,-0.12
2023-10-24,3.98,4.13,3.95,4.12,45883,18689725.0,4.56,1.51,4.3,0.17
2023-10-25,4.17,4.2,4.13,4.19,38411,16015072.0,1.7,1.27,1.7,0.07
2023-10-26,4.17,4.2,4.12,4.16,26172,10856240.36,1.91,0.86,-0.72,-0.03
2023-10-27,4.16,4.3,4.14,4.29,52850,22451909.56,3.85,1.74,3.13,0.13
2023-10-30,4.28,4.34,4.21,4.31,54436,23447200.21,3.03,1.8,0.47,0.02
2023-10-31,4.31,4.34,4.26,4.3,34585,14851344.0,1.86,1.14,-0.23,-0.01
2023-11-01,4.28,4.33,4.26,4.32,41092,17686446.0,1.63,1.36,0.47,0.02
2023-11-02,4.3,4.36,4.28,4.31,41416,17908356.04,1.85,1.37,-0.23,-0.01
2023-11-03,4.35,4.36,4.29,4.33,33351,14468986.0,1.62,1.1,0.46,0.02
2023-11-06,4.39,4.43,4.35,4.41,37990,16689500.84,1.85,1.25,1.85,0.08
2023-11-07,4.45,4.46,4.37,4.44,40331,17836272.0,2.04,1.33,0.68,0.03
2023-11-08,4.44,4.48,4.4,4.44,35248,15680346.4,1.8,1.16,0.0,0.0
2023-11-09,4.44,4.45,4.39,4.39,39622,17461375.45,1.35,1.31,-1.13,-0.05
2023-11-10,4.4,4.42,4.36,4.38,37074,16287017.1,1.37,1.22,-0.23,-0.01
2023-11-13,4.39,4.45,4.39,4.45,36491,16152783.0,1.37,1.2,1.6,0.07
2023-11-14,4.46,4.47,4.4,4.42,33829,14956890.0,1.57,1.12,-0.67,-0.03
2023-11-15,4.44,4.46,4.39,4.4,33144,14630037.0,1.58,1.09,-0.45,-0.02
2023-11-16,4.41,4.42,4.37,4.37,33781,14838691.0,1.14,1.11,-0.68,-0.03
2023-11-17,4.37,4.43,4.36,4.41,37274,16426966.0,1.6,1.23,0.92,0.04
2023-11-20,4.47,4.5,4.38,4.43,42534,18795802.54,2.72,1.4,0.45,0.02
2023-11-21,4.43,4.48,4.43,4.44,34779,15494171.96,1.13,1.15,0.23,0.01
2023-11-22,4.42,4.53,4.42,4.48,70799,31788300.15,2.48,2.34,0.9,0.04
2023-11-23,4.5,4.5,4.42,4.48,61432,27387411.77,1.79,2.03,0.0,0.0
2023-11-24,4.47,4.51,4.42,4.43,40424,17970224.5,2.01,1.33,-1.12,-0.05
2023-11-27,4.46,4.46,4.38,4.44,45064,19949741.02,1.81,1.49,0.23,0.01
2023-11-28,4.44,4.48,4.39,4.44,35196,15647598.0,2.03,1.16,0.0,0.0
2023-11-29,4.45,4.55,4.44,4.48,61341,27464587.06,2.48,2.02,0.9,0.04
2023-11-30,4.5,4.5,4.39,4.43,47380,20989273.0,2.46,1.56,-1.12,-0.05
2023-12-01,4.45,4.47,4.41,4.44,36311,16154063.0,1.35,1.2,0.23,0.01
2023-12-04,4.46,4.5,4.43,4.46,39862,17823548.13,1.58,1.32,0.45,0.02
2023-12-05,4.45,4.5,4.39,4.39,38256,16996197.7,2.47,1.26,-1.57,-0.07
2023-12-06,4.39,4.5,4.36,4.47,53896,24007383.0,3.19,1.78,1.82,0.08
2023-12-07,4.45,4.51,4.4,4.42,57215,25334058.0,2.46,1.89,-1.12,-0.05
2023-12-08,4.44,4.47,4.27,4.28,63105,27267848.0,4.52,2.08,-3.17,-0.14
2023-12-11,4.28,4.37,4.22,4.34,73519,31779992.0,3.5,2.43,1.4,0.06
2023-12-12,4.37,4.47,4.36,4.45,73981,32732832.0,2.53,2.44,2.53,0.11
2023-12-13,4.49,4.5,4.41,4.43,56685,25291050.43,2.02,1.87,-0.45,-0.02
2023-12-14,4.45,4.52,4.45,4.48,60395,27086544.53,1.58,1.99,1.13,0.05
2023-12-15,4.48,4.49,4.42,4.44,41995,18680454.0,1.56,1.39,-0.89,-0.04
2023-12-18,4.46,4.48,4.39,4.39,49435,21910869.43,2.03,1.63,-1.13,-0.05
2023-12-19,4.41,4.42,4.35,4.39,39122,17153175.0,1.59,1.29,0.0,0.0
2023-12-20,4.39,4.45,4.36,4.37,39802,17499985.74,2.05,1.31,-0.46,-0.02
2023-12-21,4.36,4.44,4.31,4.44,48213,21124593.56,2.97,1.59,1.6,0.07
2023-12-22,4.45,4.46,4.31,4.33,52474,22880131.0,3.38,1.73,-2.48,-0.11
2023-12-25,4.32,4.36,4.22,4.25,42946,18277576.0,3.23,1.42,-1.85,-0.08
2023-12-26,4.25,4.27,4.22,4.22,34391,14577281.0,1.18,1.14,-0.71,-0.03
2023-12-27,4.23,4.26,4.15,4.22,40841,17183173.96,2.61,1.35,0.0,0.0
2023-12-28,4.22,4.32,4.18,4.27,46834,19944424.0,3.32,1.55,1.18,0.05
2023-12-29,4.3,4.36,4.25,4.35,39195,16933880.0,2.58,1.29,1.87,0.08
2024-01-02,4.35,4.44,4.31,4.43,60291,26529772.0,2.99,1.99,1.84,0.08
2024-01-03,4.41,4.57,4.39,4.5,104406,47008132.06,4.06,3.45,1.58,0.07
2024-01-04,4.49,4.57,4.49,4.57,87223,39522787.76,1.78,2.88,1.56,0.07
2024-01-05,4.59,4.6,4.44,4.46,59058,26621505.0,3.5,1.95,-2.41,-0.11
2024-01-08,4.46,4.64,4.44,4.47,76195,34357516.0,4.48,2.51,0.22,0.01
2024-01-09,4.49,4.92,4.49,4.92,191292,91608078.27,9.62,6.31,10.07,0.45
2024-01-10,5.16,5.41,5.13,5.41,155772,83346702.72,5.69,5.14,9.96,0.49
2024-01-11,5.95,5.95,5.95,5.95,68522,40770304.4,0.0,2.26,9.98,0.54
2024-01-12,6.55,6.55,6.55,6.55,56385,36932410.8,0.0,1.86,10.08,0.6
2024-01-15,6.67,7.21,6.61,7.21,436850,306144404.55,9.16,14.42,10.08,0.66
2024-01-16,7.93,7.93,7.93,7.93,50929,40386649.42,0.0,1.68,9.99,0.72
2024-01-17,8.6,8.72,8.49,8.72,391886,339203344.75,2.9,12.93,9.96,0.79
2024-01-18,9.16,9.59,8.4,9.59,1479726,1372583540.7,13.65,48.84,9.98,0.87
2024-01-19,9.59,10.55,9.5,10.55,1198321,1217823316.63,10.95,39.55,10.01,0.96
2024-01-22,10.98,11.61,10.68,11.61,540293,610380263.12,8.82,17.83,10.05,1.06
2024-01-23,12.34,12.77,11.4,12.77,1109967,1375429200.81,11.8,36.63,9.99,1.16
2024-01-24,13.42,14.05,12.2,12.3,1403371,1856065948.9,14.49,46.32,-3.68,-0.47
2024-01-25,12.75,13.53,12.5,13.53,1385524,1801477756.92,8.37,45.73,10.0,1.23
2024-01-26,13.98,14.88,12.5,12.8,1584471,2203203226.73,17.59,52.3,-5.4,-0.73
2024-01-29,12.31,13.1,11.88,12.6,1146938,1430687473.1,9.53,37.85,-1.56,-0.2
2024-01-30,12.6,13.18,12.22,12.99,1183266,1516729516.1,7.62,39.05,3.1,0.39
2024-01-31,11.69,11.96,11.69,11.69,214816,251314199.0,2.08,7.09,-10.01,-1.3
2024-02-01,10.62,11.58,10.62,11.27,1159496,1278469741.59,8.21,38.27,-3.59,-0.42
2024-02-02,11.5,12.08,10.28,10.45,1376163,1573367123.96,15.97,45.42,-7.28,-0.82
2024-02-05,10.5,11.5,10.5,11.5,1327434,1500875712.83,9.57,43.81,10.05,1.05
2024-02-06,11.5,11.88,10.35,10.88,1466120,1584735572.56,13.3,48.39,-5.39,-0.62
2024-02-07,11.2,11.28,10.55,10.65,1048334,1142402322.72,6.71,34.6,-2.11,-0.23
2024-02-08,10.2,10.47,9.59,9.59,1120167,1080806667.63,8.26,36.97,-9.95,-1.06
2024-02-19,9.35,10.07,9.0,10.06,1139402,1096014618.95,11.16,37.61,4.9,0.47
2024-02-20,9.88,11.07,9.79,11.07,989907,1034613501.1,12.72,32.67,10.04,1.01
2024-02-21,11.07,12.18,10.9,12.18,1135205,1329326389.44,11.56,37.47,10.03,1.11
2024-02-22,12.54,12.7,10.96,11.68,1535376,1822610964.39,14.29,50.68,-4.11,-0.5
2024-02-23,11.67,11.88,11.31,11.62,1094359,1272357230.56,4.88,36.12,-0.51,-0.06
2024-02-26,11.19,12.78,11.04,12.78,1231052,1499474320.06,14.97,40.63,9.98,1.16
2024-02-27,12.78,12.78,11.68,12.33,1207773,1477171244.25,8.61,39.86,-3.52,-0.45
2024-02-28,12.23,13.2,11.1,11.11,1387475,1723308418.33,17.03,45.79,-9.89,-1.22
2024-02-29,10.0,10.83,10.0,10.7,1055244,1096390565.57,7.47,34.83,-3.69,-0.41
2024-03-01,10.48,10.99,10.29,10.68,842071,893660874.05,6.54,27.79,-0.19,-0.02
2024-03-04,10.43,10.65,10.01,10.14,661095,676767720.84,5.99,21.82,-5.06,-0.54
2024-03-05,10.14,10.42,10.14,10.24,594243,611023825.97,2.76,19.61,0.99,0.1
2024-03-06,10.24,10.35,9.83,9.84,598315,594602377.7,5.08,19.75,-3.91,-0.4
2024-03-07,9.77,10.44,9.67,10.4,850842,866779430.32,7.83,28.08,5.69,0.56
2024-03-08,10.21,10.27,9.69,9.93,633876,624946230.58,5.58,20.92,-4.52,-0.47
2024-03-11,9.82,9.87,9.51,9.75,505685,489154132.39,3.63,16.69,-1.81,-0.18
2024-03-12,9.75,9.92,9.7,9.73,376904,368018584.87,2.26,12.44,-0.21,-0.02
2024-03-13,9.65,9.88,9.6,9.81,428847,419073424.3,2.88,14.15,0.82,0.08
2024-03-14,9.82,9.86,9.18,9.44,585922,553436728.0,6.93,19.34,-3.77,-0.37
2024-03-15,9.38,9.5,9.25,9.38,300954,281715145.36,2.65,9.93,-0.64,-0.06
2024-03-18,9.44,9.47,9.34,9.47,344708,324536005.75,1.39,11.38,0.96,0.09
2024-03-19,9.47,9.68,9.44,9.65,479311,457831871.0,2.53,15.82,1.9,0.18
2024-03-20,9.69,10.49,9.54,10.07,911437,916508701.49,9.84,30.08,4.35,0.42
2024-03-21,9.86,10.54,9.69,10.21,848232,853923909.56,8.44,28.0,1.39,0.14
2024-03-22,10.05,10.36,9.64,9.66,645996,647328268.49,7.05,21.32,-5.39,-0.55
2024-03-25,9.26,9.59,8.9,9.26,498588,462485432.81,7.14,16.46,-4.14,-0.4
2024-03-26,9.12,9.17,8.81,8.9,415044,371894563.39,3.89,13.7,-3.89,-0.36
2024-03-27,8.84,8.95,8.37,8.43,374235,322698305.0,6.52,12.35,-5.28,-0.47
2024-03-28,8.47,8.72,8.44,8.62,260308,223855562.0,3.32,8.59,2.25,0.19
2024-03-29,8.57,8.86,8.57,8.75,268567,234450511.53,3.36,8.86,1.51,0.13
2024-04-01,8.8,9.1,8.8,9.0,315043,282319606.37,3.43,10.4,2.86,0.25
2024-04-02,9.0,9.33,8.82,8.88,398482,359447410.2,5.67,13.15,-1.33,-0.12
2024-04-03,9.02,9.45,8.81,8.86,542346,494232439.03,7.21,17.9,-0.23,-0.02
2024-04-08,8.68,9.26,8.58,8.94,462304,412008664.68,7.67,15.26,0.9,0.08
2024-04-09,8.72,9.1,8.6,9.06,405525,361376395.51,5.59,13.38,1.34,0.12
2024-04-10,9.02,9.97,9.02,9.97,552642,538668506.0,10.49,18.24,10.04,0.91
2024-04-11,10.34,10.6,9.68,9.68,1265095,1292917184.02,9.23,41.75,-2.91,-0.29
2024-04-12,9.65,10.26,9.35,9.98,899553,881639736.94,9.4,29.69,3.1,0.3
2024-04-15,9.06,9.13,8.98,8.98,139777,125871757.0,1.5,4.61,-10.02,-1.0
2024-04-16,8.08,8.08,8.08,8.08,33291,26899128.0,0.0,1.1,-10.02,-0.9
2024-04-17,7.27,8.39,7.27,7.85,823529,639332528.6,13.86,27.18,-2.85,-0.23
2024-04-18,7.4,7.79,7.2,7.64,589441,444028100.98,7.52,19.45,-2.68,-0.21
2024-04-19,7.53,7.93,7.48,7.7,438455,338242013.91,5.89,14.47,0.79,0.06
2024-04-22,7.66,7.73,7.02,7.04,488615,351808295.49,9.22,16.13,-8.57,-0.66
2024-04-23,7.03,7.1,6.8,6.91,321227,222896434.83,4.26,10.6,-1.85,-0.13
2024-04-24,6.92,7.08,6.86,7.05,239039,167292236.0,3.18,7.89,2.03,0.14
2024-04-25,6.99,7.09,6.87,6.95,248369,173039058.7,3.12,8.2,-1.42,-0.1
2024-04-26,6.96,7.17,6.91,7.15,322435,228247197.16,3.74,10.64,2.88,0.2
2024-04-29,7.18,7.4,7.11,7.38,339058,247832564.12,4.06,11.19,3.22,0.23
2024-04-30,7.38,7.49,7.07,7.12,296261,213699246.28,5.69,9.78,-3.52,-0.26
