d,o,h,l,c,v,e,zf,hs,zd,zde
1991-04-06,49.0,49.0,48.28,48.28,13,64000.0,1.8,0.0,20.7,8.28
1991-04-13,48.04,48.04,46.84,46.84,34,161000.0,2.49,0.01,-2.98,-1.44
1991-04-20,46.38,46.38,45.46,45.46,14,63615.0,1.96,0.0,-2.95,-1.38
1991-04-26,45.0,45.0,44.34,44.34,67,300000.0,1.45,0.02,-2.46,-1.12
1991-05-04,43.9,43.9,43.02,43.02,13,57000.0,1.98,0.0,-2.98,-1.32
1991-05-11,43.02,43.02,41.75,41.75,161,681038.0,2.95,0.04,-2.95,-1.27
1991-05-18,41.54,41.54,40.51,40.51,1483,6066000.0,2.47,0.4,-2.97,-1.24
1991-05-24,40.31,40.31,39.51,39.51,177,708000.0,1.97,0.05,-2.47,-1.0
1991-06-01,39.11,39.11,38.34,38.53,69,266000.0,1.95,0.02,-2.48,-0.98
1991-06-08,37.96,37.96,37.01,37.01,19,70497.0,2.47,0.01,-3.94,-1.52
1991-06-15,36.82,36.82,35.92,35.92,110,399000.0,2.43,0.03,-2.95,-1.09
1991-06-22,35.74,35.74,34.84,34.84,120,423000.0,2.51,0.03,-3.01,-1.08
1991-06-28,34.67,34.67,33.99,33.99,47,163000.0,1.95,0.01,-2.44,-0.85
1991-07-06,33.65,33.65,32.81,32.81,18,59594.0,2.47,0.0,-3.47,-1.18
1991-07-11,32.65,32.65,32.17,32.17,16,51217.0,1.46,0.0,-1.95,-0.64
1991-07-20,31.69,31.69,30.89,30.89,7,22000.0,2.49,0.0,-3.98,-1.28
1991-07-26,30.44,30.44,30.14,30.14,5,15000.0,0.97,0.0,-2.43,-0.75
1991-08-02,29.84,29.84,29.24,29.24,23,68000.0,1.99,0.01,-2.99,-0.9
1991-08-17,15.0,15.8,14.75,15.8,328,499000.0,3.59,0.07,-45.96,-13.44
1991-08-24,16.0,16.3,14.3,15.6,19052,29288000.0,12.66,3.95,-1.27,-0.2
1991-08-31,15.6,15.6,14.85,15.0,13043,19764000.0,4.81,2.7,-3.85,-0.6
1991-09-07,15.0,15.0,13.4,13.85,18542,26584000.0,10.67,3.84,-7.67,-1.15
1991-09-14,13.7,14.5,13.7,14.45,29672,41892000.0,5.78,6.15,4.33,0.6
1991-09-21,14.3,14.35,14.0,14.1,15662,22105000.0,2.42,3.25,-2.42,-0.35
1991-09-29,14.05,14.65,14.05,14.6,9459,13481000.0,4.26,1.96,3.55,0.5
1991-10-05,14.65,16.1,14.65,15.9,7828,12177000.0,9.93,1.62,8.9,1.3
1991-10-12,16.0,27.85,16.0,24.3,35086,78125000.0,74.53,7.27,52.83,8.4
1991-10-19,24.4,25.1,22.1,24.0,24880,59690000.0,12.35,5.16,-1.23,-0.3
1991-10-26,24.0,24.4,23.25,23.95,20426,48739000.0,4.79,4.24,-0.21,-0.05
1991-11-02,24.0,29.5,23.95,28.9,26710,70954000.0,23.17,5.54,20.67,4.95
1991-11-09,29.0,32.6,28.95,32.3,40817,125953000.0,12.63,8.46,11.76,3.4
1991-11-16,32.5,37.2,32.5,34.5,28685,103444905.0,14.55,5.95,6.81,2.2
1991-11-23,34.85,34.85,29.0,31.7,23729,75881000.0,16.96,4.92,-8.12,-2.8
1991-11-30,31.95,31.95,27.4,27.5,19399,56716000.0,14.35,4.02,-13.25,-4.2
1991-12-07,27.6,28.55,26.8,27.9,12540,34490000.0,6.36,2.6,1.45,0.4
1991-12-14,28.0,28.8,27.1,27.5,8233,23077000.0,6.09,1.71,-1.43,-0.4
1991-12-21,27.4,27.8,27.4,27.6,5520,15231550.0,1.45,1.14,0.36,0.1
1991-12-28,27.7,30.0,27.0,29.25,9728,27901000.0,10.87,2.02,5.98,1.65
1992-01-03,29.3,29.4,28.8,29.1,5916,17221000.0,2.05,1.19,-0.51,-0.15
1992-01-10,29.1,30.2,29.05,29.8,10553,31316000.0,3.95,2.12,2.41,0.7
1992-01-17,29.8,29.8,28.35,28.8,7680,22438120.0,4.87,1.54,-3.36,-1.0
1992-01-24,28.8,29.8,28.8,29.6,8057,23602000.0,3.47,1.62,2.78,0.8
1992-02-02,29.55,32.7,29.3,32.32,15007,45760120.0,11.49,3.02,9.19,2.72
1992-02-07,31.15,32.7,31.15,32.35,2963,9403000.0,4.8,0.6,0.09,0.03
1992-02-14,32.3,32.5,30.9,31.8,8698,27616000.0,4.95,1.75,-1.7,-0.55
1992-02-21,31.7,32.0,30.7,31.65,8464,26484000.0,4.09,1.7,-0.47,-0.15
1992-02-28,31.65,31.75,30.5,31.55,8423,26141000.0,3.95,1.69,-0.32,-0.1
1992-03-06,31.7,32.3,31.55,32.1,15568,49547000.0,2.38,3.13,1.74,0.55
1992-03-13,32.25,32.9,31.9,32.3,14322,46209000.0,3.12,2.88,0.62,0.2
1992-03-20,32.45,33.0,32.2,32.45,18924,61913000.0,2.48,3.8,0.46,0.15
1992-03-27,21.5,24.6,21.5,23.9,34460,79346000.0,9.55,4.62,-26.35,-8.55
1992-04-03,23.9,27.1,23.8,25.95,37346,96873000.0,13.81,5.0,8.58,2.05
1992-04-10,26.1,29.9,26.1,29.6,45119,129121000.0,14.64,6.05,14.07,3.65
1992-04-17,29.75,34.5,29.75,32.0,45143,146286316.0,16.05,6.05,8.11,2.4
1992-04-24,32.15,34.3,31.0,34.0,36372,119010000.0,10.31,4.87,6.25,2.0
1992-05-03,34.15,42.7,33.5,41.15,43946,160088000.0,27.06,5.89,21.03,7.15
1992-05-08,41.3,48.55,40.9,42.6,52144,232380476.0,18.59,6.99,3.52,1.45
1992-05-15,42.75,47.5,41.5,45.35,44383,200722000.0,14.08,5.95,6.46,2.75
1992-05-22,45.5,47.65,43.6,44.4,41835,189805000.0,8.93,5.61,-2.09,-0.95
1992-05-29,44.55,47.2,44.2,45.2,41188,188147000.0,6.76,5.52,1.8,0.8
1992-06-05,45.35,46.6,38.6,41.9,41833,180965866.0,17.7,5.6,-7.3,-3.3
1992-06-12,42.05,42.05,37.9,38.5,29971,118332000.0,9.9,4.02,-8.11,-3.4
1992-06-19,38.5,38.55,32.3,36.2,41403,151130092.0,16.23,5.55,-5.97,-2.3
1992-06-26,36.05,37.6,33.8,37.1,32011,113016000.0,10.5,4.29,2.49,0.9
1992-07-03,37.25,42.85,37.25,40.95,55187,224102000.0,15.09,7.39,10.38,3.85
1992-07-10,41.1,42.6,39.1,39.6,39536,160489000.0,8.55,5.3,-3.3,-1.35
1992-07-17,39.45,42.4,39.2,42.3,35168,143902000.0,8.08,4.71,6.82,2.7
1992-07-24,42.45,46.0,42.45,45.85,50001,223990000.0,8.39,6.7,8.39,3.55
1992-07-31,46.0,47.2,45.4,45.6,37151,171939000.0,3.93,4.98,-0.55,-0.25
1992-08-07,45.6,46.6,42.0,45.0,31087,136409642.0,10.09,4.17,-1.32,-0.6
1992-08-14,45.15,46.5,41.65,43.7,36424,158554000.0,10.78,4.88,-2.89,-1.3
1992-08-21,43.85,45.35,42.9,43.05,31128,136278000.0,5.61,4.17,-1.49,-0.65
1992-08-28,42.9,42.9,40.3,41.8,29643,123205000.0,6.04,3.97,-2.9,-1.25
1992-09-04,41.65,41.65,38.7,38.8,27278,109098000.0,7.06,3.65,-7.18,-3.0
1992-09-11,38.65,43.4,36.5,43.3,59994,244648460.0,17.78,8.04,11.6,4.5
1992-09-18,43.45,44.4,41.5,42.6,42260,181819000.0,6.7,5.66,-1.62,-0.7
1992-09-25,42.5,46.2,42.4,45.3,59404,264766890.0,8.92,7.96,6.34,2.7
1992-10-04,45.3,45.35,44.4,44.8,26562,119254000.0,2.1,3.56,-1.1,-0.5
1992-10-09,44.8,44.9,43.5,44.55,17382,76687000.0,3.13,2.33,-0.56,-0.25
1992-10-16,44.7,45.35,43.3,43.9,18271,80993000.0,4.6,2.45,-1.46,-0.65
1992-10-23,43.9,44.1,40.5,40.8,30722,129551000.0,8.2,4.12,-7.06,-3.1
1992-10-30,40.65,40.65,37.15,39.95,57551,222388000.0,8.58,7.71,-2.08,-0.85
1992-11-06,40.0,40.0,37.4,38.0,24115,92190000.0,6.51,3.23,-4.88,-1.95
1992-11-13,37.85,38.0,33.7,34.1,22682,81890000.0,11.32,3.04,-10.26,-3.9
1992-11-20,33.95,33.95,29.0,31.2,57953,180825000.0,14.52,7.76,-8.5,-2.9
1992-11-27,31.05,35.1,29.75,34.75,38819,123829362.0,17.15,5.2,11.38,3.55
1992-12-04,34.9,40.0,34.9,39.0,75527,290461000.0,14.68,10.12,12.23,4.25
1992-12-11,39.15,41.85,38.7,40.3,70405,285056000.0,8.08,9.43,3.33,1.3
1992-12-18,40.45,41.45,39.8,41.4,33934,137614000.0,4.09,4.55,2.73,1.1
1992-12-25,41.55,42.0,41.0,41.85,32388,134685000.0,2.42,4.34,1.09,0.45
1993-01-03,42.0,45.5,41.85,45.45,46229,204415000.0,8.72,6.19,8.6,3.6
1993-01-08,45.5,46.25,44.8,46.25,40823,185884000.0,3.19,5.47,1.76,0.8
1993-01-15,46.4,48.0,46.3,47.2,43103,202688000.0,3.68,5.77,2.05,0.95
1993-01-19,47.05,49.25,47.05,48.9,25237,122448000.0,4.66,3.38,3.6,1.7
1993-02-05,49.0,54.9,49.0,52.8,54732,290206000.0,12.07,7.33,7.98,3.9
1993-02-12,52.95,55.0,51.95,53.1,76998,415466504.0,5.78,10.31,0.57,0.3
1993-02-19,53.1,58.8,53.1,58.8,73604,414434000.0,10.73,9.86,10.73,5.7
1993-02-26,58.8,61.6,56.9,58.9,72757,430295752.0,7.99,9.75,0.17,0.1
1993-03-05,58.95,62.0,56.0,56.0,87405,516975248.0,10.19,11.71,-4.92,-2.9
1993-03-12,56.0,59.0,56.0,59.0,55953,324648000.0,5.36,7.5,5.36,3.0
1993-03-19,59.0,59.0,56.8,57.9,46097,266540000.0,3.73,6.18,-1.86,-1.1
1993-03-26,58.0,58.0,54.8,57.1,44004,248838000.0,5.53,5.89,-1.38,-0.8
1993-04-02,57.2,57.8,56.45,57.4,22445,128415000.0,2.36,3.01,0.53,0.3
1993-04-09,57.4,58.7,56.6,58.25,27486,159057000.0,3.66,3.68,1.48,0.85
1993-04-16,58.4,61.15,58.4,60.9,63720,386242000.0,4.72,8.54,4.55,2.65
1993-04-23,61.0,61.0,58.8,59.2,28254,169573000.0,3.61,3.78,-2.79,-1.7
1993-05-02,59.2,59.35,57.75,58.0,23041,135190975.0,2.7,3.09,-2.03,-1.2
1993-05-07,58.8,58.8,52.8,55.0,43574,240983840.0,10.34,5.84,-5.17,-3.0
1993-05-14,55.0,57.6,54.0,57.0,37122,207234000.0,6.55,4.97,3.64,2.0
1993-05-21,57.0,57.2,54.1,54.4,28129,156834000.0,5.44,3.77,-4.56,-2.6
1993-05-28,28.6,28.65,26.6,28.3,93056,259040000.0,3.77,6.74,-47.98,-26.1
1993-06-04,28.45,29.5,28.4,29.1,76140,220450600.0,3.89,5.51,2.83,0.8
1993-06-11,29.0,29.05,27.65,27.75,30046,85389000.0,4.81,2.18,-4.64,-1.35
1993-06-18,27.75,27.8,26.8,27.75,35853,97515000.0,3.6,2.6,0.0,0.0
1993-06-25,27.9,28.2,26.9,27.05,37074,101424000.0,4.68,2.68,-2.52,-0.7
1993-07-02,27.0,27.15,25.25,26.2,34543,90808000.0,7.02,2.5,-3.14,-0.85
1993-07-09,26.2,27.4,24.75,24.8,38813,99193000.0,10.11,2.17,-5.34,-1.4
1993-07-16,24.8,24.8,22.0,22.0,37644,86395000.0,11.29,2.1,-11.29,-2.8
1993-07-23,22.0,22.1,19.45,21.85,60480,125110550.0,12.05,3.38,-0.68,-0.15
1993-07-30,22.0,25.5,21.9,24.6,104096,250415200.0,16.48,5.81,12.59,2.75
1993-08-06,24.75,25.35,23.95,24.5,51652,126561900.0,5.69,2.88,-0.41,-0.1
1993-08-13,24.5,27.05,24.4,26.85,107027,278956000.0,10.82,5.98,9.59,2.35
1993-08-20,27.0,29.2,23.9,24.0,131094,346361000.0,19.74,7.32,-10.61,-2.85
1993-08-27,23.85,24.8,22.4,23.25,59323,139889000.0,10.0,3.31,-3.13,-0.75
1993-09-03,23.1,24.2,23.0,23.7,22554,52897921.0,5.16,1.26,1.94,0.45
1993-09-10,23.85,24.0,23.0,23.15,15634,36725000.0,4.22,0.87,-2.32,-0.55
1993-09-16,23.0,23.0,21.9,21.95,20395,45529000.0,4.75,1.14,-5.18,-1.2
1993-09-24,21.8,23.2,21.3,22.05,27122,61001000.0,8.66,1.51,0.46,0.1
1993-09-30,22.05,22.9,22.0,22.6,10407,23329000.0,4.08,0.58,2.49,0.55
1993-10-08,22.75,23.25,22.3,22.3,16345,37137000.0,4.2,0.91,-1.33,-0.3
1993-10-15,22.25,22.4,21.95,22.1,12427,27491993.0,2.02,0.69,-0.9,-0.2
1993-10-22,22.0,22.0,21.35,21.5,12583,27295000.0,2.94,0.7,-2.71,-0.6
1993-10-29,21.35,22.45,20.6,21.85,20457,44040000.0,8.6,1.14,1.63,0.35
1993-11-05,21.7,22.3,21.45,21.95,12568,27507000.0,3.89,0.7,0.46,0.1
1993-11-12,21.9,23.5,21.9,23.2,39860,90951000.0,7.29,2.23,5.69,1.25
1993-11-19,23.35,24.35,22.6,22.65,57525,134411000.0,7.54,3.21,-2.37,-0.55
1993-11-26,22.7,22.9,21.85,22.05,33048,73749000.0,4.64,1.84,-2.65,-0.6
1993-12-03,22.0,22.25,21.8,21.8,18027,39587000.0,2.04,1.01,-1.13,-0.25
1993-12-10,21.85,22.9,21.5,22.4,27775,60904000.0,6.42,1.55,2.75,0.6
1993-12-17,22.55,23.0,21.35,22.45,44367,99320000.0,7.37,2.48,0.22,0.05
1993-12-24,22.6,22.65,21.55,22.25,37698,83186000.0,4.9,2.1,-0.89,-0.2
1993-12-31,22.35,22.7,21.8,22.35,26186,58179000.0,4.04,1.46,0.45,0.1
1994-01-07,22.35,22.4,21.8,22.0,18796,41421000.0,2.68,1.05,-1.57,-0.35
1994-01-14,22.0,22.4,21.0,21.1,22311,48472000.0,6.36,1.25,-4.09,-0.9
1994-01-21,21.1,21.2,20.0,20.1,15536,31803000.0,5.69,0.87,-4.74,-1.0
1994-01-28,20.15,20.4,18.95,19.0,15697,30680000.0,7.21,0.88,-5.47,-1.1
1994-02-04,18.8,20.6,17.5,20.6,31116,59672000.0,16.32,1.74,8.42,1.6
1994-02-18,20.85,21.0,18.3,18.55,18369,34991000.0,13.11,1.03,-9.95,-2.05
1994-02-25,18.3,19.25,18.0,18.6,23310,43195000.0,6.74,1.3,0.27,0.05
1994-03-04,18.6,18.6,17.4,17.4,13567,24247000.0,6.45,0.76,-6.45,-1.2
1994-03-11,17.4,17.4,16.0,16.6,16864,28104000.0,8.05,0.94,-4.6,-0.8
1994-03-18,16.9,17.6,16.4,16.95,21855,37109000.0,7.23,1.22,2.11,0.35
1994-03-25,17.2,17.2,15.25,15.3,20638,32567000.0,11.5,1.15,-9.73,-1.65
1994-04-01,16.3,19.5,14.85,14.9,30445,47312000.0,30.39,1.7,-2.61,-0.4
1994-04-08,14.9,15.0,14.15,14.3,14208,20858000.0,5.7,0.79,-4.03,-0.6
1994-04-15,14.3,14.3,12.0,12.75,44738,56704000.0,16.08,2.5,-10.84,-1.55
1994-04-22,12.85,12.85,11.6,12.1,52550,64162000.0,9.8,2.93,-5.1,-0.65
1994-04-29,12.1,16.0,12.0,15.99,155829,223324000.0,33.06,8.7,32.15,3.89
1994-05-06,16.5,18.9,16.0,17.01,291495,506798000.0,18.14,16.27,6.38,1.02
1994-05-13,17.2,18.2,16.15,16.88,161048,277299000.0,12.05,8.99,-0.76,-0.13
1994-05-20,17.1,17.2,16.28,16.5,33491,56086000.0,5.45,1.87,-2.25,-0.38
1994-05-27,16.6,16.64,14.92,15.01,24563,38502000.0,10.42,1.37,-9.03,-1.49
1994-06-03,15.0,15.0,14.0,14.23,31338,44956000.0,6.66,1.75,-5.2,-0.78
1994-06-10,14.23,14.5,14.0,14.06,14800,20934000.0,3.51,0.83,-1.19,-0.17
1994-06-17,14.0,14.54,13.01,14.5,26712,36631000.0,10.88,1.49,3.13,0.44
1994-06-24,14.5,14.62,13.8,13.89,31044,44040000.0,5.66,1.73,-4.21,-0.61
1994-07-01,13.8,13.8,13.15,13.3,15924,21294000.0,4.68,0.89,-4.25,-0.59
1994-07-08,13.2,13.86,13.02,13.8,19965,26745000.0,6.32,1.11,3.76,0.5
1994-07-15,8.7,9.06,8.4,8.63,50613,44480000.0,4.78,1.88,-37.46,-5.17
1994-07-22,8.5,8.5,8.01,8.14,30697,25286000.0,5.68,1.14,-5.68,-0.49
1994-07-29,8.1,8.63,7.83,8.0,65527,53926000.0,9.83,2.44,-1.72,-0.14
1994-08-05,9.0,11.7,8.8,11.45,553640,585139000.0,36.25,20.61,43.13,3.45
1994-08-12,11.88,12.5,10.85,11.33,470489,550684992.0,14.41,17.51,-1.05,-0.12
1994-08-19,11.2,12.48,11.0,11.9,331536,396159992.0,13.06,12.34,5.03,0.57
1994-08-26,11.56,11.9,11.3,11.51,177081,204727000.0,5.04,6.18,-3.28,-0.39
1994-09-02,11.45,13.5,11.34,13.45,666161,846141016.0,18.77,22.42,16.85,1.94
1994-09-09,14.45,17.3,14.45,15.8,912274,1475719008.0,21.19,30.71,17.47,2.35
1994-09-16,16.0,18.05,16.0,16.5,841422,1430555992.0,12.97,28.32,4.43,0.7
1994-09-23,16.4,16.95,15.75,16.51,346116,567926008.0,7.27,11.65,0.06,0.01
1994-09-30,16.55,16.69,14.2,14.4,301575,477194000.0,15.08,10.15,-12.78,-2.11
1994-10-07,13.9,14.0,10.7,12.6,291486,358501008.0,22.92,9.81,-12.5,-1.8
1994-10-14,12.5,12.5,10.95,11.68,166284,197348000.0,12.3,5.6,-7.3,-0.92
1994-10-21,11.38,12.2,11.0,11.58,92529,107111000.0,10.27,3.11,-0.86,-0.1
1994-10-28,11.5,12.5,11.38,11.4,123407,146166000.0,9.67,4.15,-1.55,-0.18
1994-11-04,11.65,11.65,11.16,11.26,37733,42830000.0,4.3,1.27,-1.23,-0.14
1994-11-11,11.18,11.79,11.0,11.62,53877,61921000.0,7.02,1.81,3.2,0.36
1994-11-18,11.75,11.78,11.18,11.28,28715,32923000.0,5.16,0.97,-2.93,-0.34
1994-11-25,11.28,11.38,11.1,11.23,14779,16619000.0,2.48,0.5,-0.44,-0.05
1994-12-02,11.15,11.35,11.11,11.19,16627,18608000.0,2.14,0.56,-0.36,-0.04
1994-12-09,11.2,11.2,10.35,10.47,23935,25816000.0,7.6,0.81,-6.43,-0.72
1994-12-16,10.45,11.85,10.05,11.12,62056,67508000.0,17.19,2.09,6.21,0.65
1994-12-23,11.1,11.19,10.25,10.43,48378,51186000.0,8.45,1.63,-6.21,-0.69
1994-12-30,10.4,10.55,10.18,10.48,30050,31027000.0,3.55,1.01,0.48,0.05
1995-01-06,10.5,11.4,10.21,11.16,69784,76928000.0,11.35,2.35,6.49,0.68
1995-01-13,11.0,11.1,10.26,10.4,40395,42546000.0,7.53,1.36,-6.81,-0.76
1995-01-20,10.45,10.55,10.11,10.29,29956,30836000.0,4.23,1.01,-1.06,-0.11
1995-01-27,10.21,10.68,10.21,10.54,34746,36455000.0,4.57,1.17,2.43,0.25
1995-02-17,10.6,10.6,10.34,10.44,11527,12098000.0,2.47,0.39,-0.95,-0.1
1995-02-24,10.4,11.3,10.38,10.54,59041,63910000.0,8.81,1.99,0.96,0.1
1995-03-03,10.54,11.1,10.54,10.89,37385,40277512.0,5.31,1.26,3.32,0.35
1995-03-10,10.89,11.38,10.85,10.88,90885,101391000.0,4.87,3.06,-0.09,-0.01
1995-03-17,11.1,11.18,10.5,10.7,33855,36459000.0,6.25,1.14,-1.65,-0.18
1995-03-24,10.75,10.94,10.5,10.7,19268,20597000.0,4.11,0.65,0.0,0.0
1995-03-31,10.65,10.85,10.4,10.76,21587,23111000.0,4.21,0.73,0.56,0.06
1995-04-07,10.78,11.12,10.57,10.98,34730,37566000.0,5.11,1.17,2.04,0.22
1995-04-14,10.99,11.2,10.6,10.62,32848,35534000.0,5.46,1.11,-3.28,-0.36
1995-04-21,10.62,10.78,10.5,10.57,15957,16941000.0,2.64,0.54,-0.47,-0.05
1995-04-28,10.5,10.57,9.0,9.69,48699,47890000.0,14.85,1.64,-8.33,-0.88
1995-05-05,9.69,9.69,9.2,9.35,11314,10736000.0,5.06,0.38,-3.51,-0.34
1995-05-12,9.35,9.55,9.1,9.38,12823,11901000.0,4.81,0.43,0.32,0.03
1995-05-19,9.38,12.5,9.2,12.05,201612,238711000.0,35.18,6.79,28.46,2.67
1995-05-26,12.3,12.9,9.65,9.98,287367,324783000.0,26.97,9.67,-17.18,-2.07
1995-06-02,10.09,10.2,9.8,9.9,31954,31732000.0,4.01,1.08,-0.8,-0.08
1995-06-09,9.9,10.03,9.65,9.78,29755,29167000.0,3.84,1.0,-1.21,-0.12
1995-06-16,9.79,9.8,8.8,9.3,40124,37502000.0,10.22,1.35,-4.91,-0.48
1995-06-23,9.3,9.48,9.1,9.34,23409,21864000.0,4.09,0.79,0.43,0.04
1995-06-30,9.37,9.38,9.13,9.17,11771,10889000.0,2.68,0.4,-1.82,-0.17
1995-07-07,9.1,9.25,8.95,9.25,15940,14424000.0,3.27,0.54,0.87,0.08
1995-07-14,9.25,9.3,8.96,9.02,21398,19380000.0,3.68,0.72,-2.49,-0.23
1995-07-21,9.0,9.41,9.0,9.22,37615,34575000.0,4.55,1.27,2.22,0.2
1995-07-28,9.22,9.3,9.05,9.13,18153,16659000.0,2.71,0.61,-0.98,-0.09
1995-08-03,9.13,9.35,9.11,9.18,15221,13985000.0,2.63,0.51,0.55,0.05
1995-08-11,9.18,10.0,9.18,9.7,80906,78194000.0,8.93,2.72,5.66,0.52
1995-08-18,9.8,10.3,9.68,10.02,132258,131587000.0,6.39,4.45,3.3,0.32
1995-08-25,10.1,11.08,9.7,10.56,380581,400994008.0,13.77,12.81,5.39,0.54
1995-08-31,10.56,10.56,9.58,9.66,90368,89098000.0,9.28,3.04,-8.52,-0.9
1995-09-08,9.8,9.83,9.58,9.65,48511,46951000.0,2.59,1.63,-0.1,-0.01
1995-09-15,9.65,10.25,9.59,10.09,91194,90369000.0,6.84,3.07,4.56,0.44
1995-09-22,10.2,10.3,9.73,9.87,79250,78962000.0,5.65,2.67,-2.18,-0.22
1995-09-29,8.0,8.03,7.65,7.88,50005,39133000.0,3.85,1.4,-20.16,-1.99
1995-10-06,7.9,7.95,7.72,7.75,15387,12011000.0,2.92,0.43,-1.65,-0.13
1995-10-13,7.75,7.75,7.25,7.4,44802,33540000.0,6.45,1.25,-4.52,-0.35
1995-10-20,7.41,7.95,7.4,7.88,58071,44195000.0,7.43,1.63,6.49,0.48
1995-10-27,7.88,8.27,7.48,7.55,87857,68125000.0,10.03,2.46,-4.19,-0.33
1995-11-03,7.5,7.57,7.39,7.48,36578,27260000.0,2.38,1.02,-0.93,-0.07
1995-11-10,7.48,7.5,7.32,7.36,27291,20220000.0,2.41,0.76,-1.6,-0.12
1995-11-17,7.2,7.36,7.14,7.17,22065,19222819.0,2.99,0.62,-2.58,-0.19
1995-11-24,7.18,7.55,7.11,7.26,38269,27907000.0,6.14,1.07,1.26,0.09
1995-12-01,7.24,7.32,6.9,7.01,28819,20357000.0,5.79,0.81,-3.44,-0.25
1995-12-08,7.05,7.08,6.94,7.0,19076,13347000.0,2.0,0.53,-0.14,-0.01
1995-12-15,7.0,7.0,6.66,6.68,26125,17735000.0,4.86,0.73,-4.57,-0.32
1995-12-22,6.65,6.75,6.52,6.6,20290,13439000.0,3.44,0.57,-1.2,-0.08
1995-12-29,6.6,6.6,6.38,6.43,22141,14341000.0,3.33,0.62,-2.58,-0.17
1996-01-05,6.35,6.4,6.12,6.26,13900,8718000.0,4.35,0.39,-2.64,-0.17
1996-01-12,6.2,6.3,6.12,6.25,13328,8275000.0,2.88,0.37,-0.16,-0.01
1996-01-19,6.25,6.31,6.0,6.07,13193,8144000.0,4.96,0.37,-2.88,-0.18
1996-01-26,6.07,6.2,5.9,6.12,23560,14165000.0,4.94,0.66,0.82,0.05
1996-02-02,6.15,6.18,6.09,6.16,19670,12077000.0,1.47,0.55,0.65,0.04
1996-02-09,6.15,6.42,6.08,6.32,30214,18806000.0,5.52,0.85,2.6,0.16
1996-02-16,6.34,7.45,6.32,7.37,176838,122853000.0,17.88,4.95,16.61,1.05
1996-03-08,7.9,8.1,7.35,7.97,318715,248038000.0,10.18,8.92,8.14,0.6
1996-03-15,7.9,8.29,7.6,7.84,227955,179000000.0,8.66,6.38,-1.63,-0.13
1996-03-22,7.8,8.15,7.8,7.96,153435,122523000.0,4.46,4.3,1.53,0.12
1996-03-29,7.95,8.02,7.8,7.94,91028,72072000.0,2.76,2.55,-0.25,-0.02
1996-04-05,8.04,8.57,7.9,8.5,205354,169632578.0,8.44,5.75,7.05,0.56
1996-04-12,8.49,9.18,8.0,9.0,233114,203742000.0,13.88,6.53,5.88,0.5
1996-04-19,9.0,10.55,8.95,10.43,325576,313493000.0,17.78,9.11,15.89,1.43
1996-04-26,10.49,14.3,10.1,13.98,770806,925910992.0,40.27,21.58,34.04,3.55
1996-05-03,14.5,16.55,13.9,14.75,902677,1371625008.0,18.96,25.27,5.51,0.77
1996-05-10,14.86,16.28,14.65,15.11,554618,852651992.0,11.05,15.53,2.44,0.36
1996-05-17,15.3,18.19,15.13,18.08,1118821,1891484992.0,20.25,31.32,19.66,2.97
1996-05-24,19.48,19.48,16.3,18.32,1281349,2311360512.0,17.59,35.87,1.33,0.24
1996-05-31,9.49,12.4,8.81,12.25,3038749,3109171952.0,19.6,42.56,-33.13,-6.07
1996-06-07,12.6,14.12,12.4,13.65,4108732,5463343936.0,14.04,57.55,11.43,1.4
1996-06-14,13.55,15.56,13.35,14.9,2312369,3418207104.0,16.19,32.39,9.16,1.25
1996-06-21,14.9,16.0,14.4,15.5,1872744,2866352960.0,10.74,26.23,4.03,0.6
1996-06-28,15.5,16.18,15.2,15.31,1144425,1803712976.0,6.32,16.03,-1.23,-0.19
1996-07-05,14.99,16.9,14.5,16.48,1806872,2830031072.0,15.68,25.31,7.64,1.17
1996-07-12,16.7,16.95,15.7,16.55,1821831,2975660032.0,7.58,25.52,0.42,0.07
1996-07-19,16.65,16.7,15.0,15.93,1197153,1921482976.0,10.27,16.77,-3.75,-0.62
1996-07-26,15.85,16.82,15.51,15.99,1089939,1755307040.0,8.22,15.27,0.38,0.06
1996-08-02,15.9,16.48,15.45,15.68,659347,1053102992.0,6.44,9.24,-1.94,-0.31
1996-08-09,15.73,17.76,15.6,17.0,1608148,2740297056.0,13.78,22.53,8.42,1.32
1996-08-16,17.1,17.75,16.5,16.9,917604,1572116000.0,7.35,12.85,-0.59,-0.1
1996-08-23,17.0,17.5,16.2,16.45,1449343,2438193024.0,7.69,20.3,-2.66,-0.45
1996-08-30,16.21,16.45,15.76,16.37,759619,1224442016.0,4.19,10.64,-0.49,-0.08
1996-09-06,16.4,16.5,15.75,15.9,767172,1239972992.0,4.58,10.75,-2.87,-0.47
1996-09-13,15.79,15.97,14.52,14.79,519446,792096992.0,9.12,7.28,-6.98,-1.11
1996-09-20,14.7,14.95,13.86,14.65,484488,694488992.0,7.37,6.79,-0.95,-0.14
1996-09-27,14.71,16.5,14.1,16.29,730317,1140578016.0,16.38,10.23,11.19,1.64
1996-10-04,16.6,16.8,15.97,16.08,260062,425118016.0,5.1,3.64,-1.29,-0.21
1996-10-11,16.1,16.7,16.0,16.5,634604,1030618016.0,4.35,8.89,2.61,0.42
1996-10-18,16.55,17.65,16.1,16.23,912582,1540341024.0,9.39,12.78,-1.64,-0.27
1996-10-25,16.0,17.05,15.8,16.32,725189,1185866976.0,7.7,10.16,0.55,0.09
1996-11-01,16.32,18.46,16.3,16.8,1901517,3330810912.0,13.24,26.63,2.94,0.48
1996-11-08,16.7,17.25,16.41,16.91,595612,1002263008.0,5.0,8.34,0.65,0.11
1996-11-15,17.05,19.08,17.0,19.02,1524519,2762792960.0,12.3,21.35,12.48,2.11
1996-11-22,19.5,20.15,17.6,18.49,1688996,3237435008.0,13.41,23.66,-2.79,-0.53
1996-11-29,18.5,18.75,17.7,18.12,814057,1482280992.0,5.68,11.4,-2.0,-0.37
1996-12-06,18.28,19.51,18.0,19.08,852749,1591924000.0,8.33,11.94,5.3,0.96
1996-12-13,19.3,20.5,18.48,18.78,1343293,2613459008.0,10.59,18.82,-1.57,-0.3
1996-12-20,16.86,17.9,15.17,16.39,1822201,2965175016.0,14.54,25.52,-12.73,-2.39
1996-12-27,16.58,16.89,15.86,16.7,711360,1170706000.0,6.28,9.96,1.89,0.31
1997-01-03,16.78,16.9,16.18,16.3,423421,702754000.0,4.31,5.93,-2.4,-0.4
1997-01-10,16.16,17.48,15.68,16.9,709333,1185467024.0,11.04,9.94,3.68,0.6
1997-01-17,16.82,16.96,16.35,16.74,341410,569401008.0,3.61,4.78,-0.95,-0.16
1997-01-24,16.8,18.4,16.6,18.05,872463,1533379032.0,10.75,12.22,7.83,1.31
1997-01-31,18.09,19.5,17.99,19.29,863358,1618775008.0,8.37,12.09,6.87,1.24
1997-02-21,18.98,19.62,17.03,19.0,2128645,3931865056.0,13.43,29.82,-1.5,-0.29
1997-02-28,19.1,19.78,18.83,19.2,865432,1669209056.0,5.0,12.12,1.05,0.2
1997-03-07,19.28,19.56,18.89,19.12,588416,1127143984.0,3.49,8.24,-0.42,-0.08
1997-03-14,19.2,20.39,19.15,20.33,912940,1808956032.0,6.49,12.79,6.33,1.21
1997-03-21,20.8,24.45,20.8,24.4,1980614,4543283008.0,17.95,27.74,20.02,4.07
1997-03-28,25.1,28.85,25.1,27.53,1632117,4449263872.0,15.37,22.86,12.83,3.13
1997-04-04,27.5,29.6,27.03,29.0,936260,2615822016.0,9.34,13.11,5.34,1.47
1997-04-11,29.1,30.0,27.4,27.93,1409529,4024798080.0,8.97,19.74,-3.69,-1.07
1997-04-18,27.94,29.75,27.36,29.0,1197366,3403388960.0,8.56,16.77,3.83,1.07
1997-04-25,31.0,33.05,30.13,32.55,1283724,4076135872.0,10.07,17.98,12.24,3.55
1997-04-30,33.0,37.86,33.0,36.75,837676,2988356992.0,14.93,11.73,12.9,4.2
1997-05-09,37.55,49.0,37.55,46.94,2104801,9447013888.0,31.16,29.48,27.73,10.19
1997-05-16,48.22,49.0,37.14,37.14,2288714,9610749952.0,25.27,32.06,-20.88,-9.8
1997-05-23,37.8,42.0,35.08,39.05,2047590,7892234048.0,18.63,28.68,5.14,1.91
1997-05-30,36.0,38.5,30.58,33.64,1483116,5178701888.0,20.28,20.77,-13.85,-5.41
1997-06-06,34.1,36.3,32.31,33.02,945899,3256840992.0,11.86,13.25,-1.84,-0.62
1997-06-12,33.0,33.0,29.18,30.86,486562,1517404992.0,11.57,6.82,-6.54,-2.16
1997-06-20,32.95,33.96,31.5,33.96,237519,784270976.0,7.97,3.33,10.05,3.1
1997-06-27,36.48,38.88,36.0,37.74,1179122,4453284928.0,8.48,16.52,11.13,3.78
1997-07-04,38.0,38.45,33.4,34.59,452282,1599009984.0,13.38,6.34,-8.35,-3.15
1997-07-11,34.4,34.59,30.8,34.4,614844,2030932032.0,10.96,8.61,-0.55,-0.19
1997-07-18,34.8,37.6,34.3,37.21,634744,2295029008.0,9.59,8.89,8.17,2.81
1997-07-25,37.8,39.2,34.02,34.9,673426,2461436992.0,13.92,9.43,-6.21,-2.31
1997-08-01,34.4,35.1,33.15,34.34,273840,937617016.0,5.59,3.84,-1.6,-0.56
1997-08-08,34.19,34.7,32.8,34.02,165347,559774008.0,5.53,2.32,-0.93,-0.32
1997-08-15,34.05,34.2,30.58,30.89,277145,879057000.0,10.64,3.88,-9.2,-3.13
1997-08-22,30.5,33.2,29.9,31.57,376443,1190708992.0,10.68,5.27,2.2,0.68
1997-08-29,21.0,23.1,21.0,22.16,656498,1468322016.0,6.65,6.13,-29.81,-9.41
1997-09-05,22.13,23.46,21.95,23.0,437038,997050000.0,6.81,4.08,3.79,0.84
1997-09-12,22.95,23.58,22.25,22.4,352407,805158008.0,5.78,3.29,-2.61,-0.6
1997-09-19,22.4,22.4,21.35,21.59,198050,431086992.0,4.69,1.85,-3.62,-0.81
1997-09-26,21.6,21.6,18.8,20.82,516749,1047097992.0,12.97,4.83,-3.57,-0.77
1997-09-30,20.5,21.52,20.25,21.31,161967,340822000.0,6.1,1.51,2.35,0.49
1997-10-10,21.89,22.08,20.76,21.73,252288,544229000.0,6.19,2.36,1.97,0.42
1997-10-17,22.0,24.55,21.33,24.23,1059549,2480421032.0,14.82,9.89,11.5,2.5
1997-10-24,24.48,27.7,24.3,25.84,2509044,6515376960.0,14.03,23.43,6.64,1.61
1997-10-31,26.0,26.43,24.7,25.09,1127331,2867926016.0,6.7,10.53,-2.9,-0.75
1997-11-07,25.09,26.5,25.0,25.71,472098,1215368032.0,5.98,4.41,2.47,0.62
1997-11-14,25.7,26.2,24.72,25.77,600750,1528363008.0,5.76,5.61,0.23,0.06
1997-11-21,26.0,26.28,24.8,24.89,388318,990725008.0,5.74,3.63,-3.41,-0.88
1997-11-28,24.85,24.86,23.4,24.26,322101,774067016.0,5.87,3.01,-2.53,-0.63
1997-12-05,24.01,24.33,23.52,23.9,167457,400886000.0,3.34,1.56,-1.48,-0.36
1997-12-12,23.9,24.99,23.85,24.4,181301,440582000.0,4.77,1.69,2.09,0.5
1997-12-19,24.4,24.5,23.62,23.8,297142,713986000.0,3.61,2.77,-2.46,-0.6
1997-12-26,23.68,24.3,22.9,23.35,523870,1226225984.0,5.88,4.89,-1.89,-0.45
1997-12-31,23.5,23.63,22.48,22.7,329132,754245008.0,4.93,3.07,-2.78,-0.65
1998-01-09,22.65,24.3,22.1,23.06,550495,1287960016.0,9.69,5.14,1.59,0.36
1998-01-16,23.05,23.5,20.71,22.38,428562,959456016.0,12.1,4.0,-2.95,-0.68
1998-01-23,22.5,23.4,22.0,23.18,233331,527110000.0,6.26,2.18,3.57,0.8
1998-02-13,23.62,24.26,22.8,22.9,230436,542490992.0,6.3,2.15,-1.21,-0.28
1998-02-20,22.9,23.3,22.41,22.9,135233,306965000.0,3.89,1.26,0.0,0.0
1998-02-27,22.79,23.2,22.21,22.71,158789,359217000.0,4.32,1.48,-0.83,-0.19
1998-03-06,22.53,22.58,20.8,21.36,235361,511361008.0,7.84,2.2,-5.94,-1.35
1998-03-13,21.47,21.55,20.05,21.42,269062,562616079.0,7.02,2.51,0.28,0.06
1998-03-20,21.5,22.2,21.01,21.21,154170,333886115.0,5.56,1.44,-0.98,-0.21
1998-03-27,21.1,22.7,20.88,21.49,218241,471710008.0,8.58,2.04,1.32,0.28
1998-04-03,21.51,22.5,21.2,22.35,360544,786572992.0,6.05,3.37,4.0,0.86
1998-04-10,22.45,22.55,21.8,22.1,301477,666869992.0,3.36,2.82,-1.12,-0.25
1998-04-17,22.12,23.0,20.49,21.36,291206,651092008.0,11.36,2.72,-3.35,-0.74
1998-04-24,21.0,21.38,20.4,20.85,325780,674300992.0,4.59,3.04,-2.39,-0.51
1998-04-30,20.7,21.0,20.45,20.86,188703,390408000.0,2.64,1.76,0.05,0.01
1998-05-08,20.9,21.4,20.37,20.55,308548,640180008.0,4.94,2.88,-1.49,-0.31
1998-05-15,20.55,21.0,20.18,20.7,299127,610125000.0,3.99,2.79,0.73,0.15
1998-05-22,20.8,20.9,20.1,20.2,183154,371224000.0,3.86,1.71,-2.42,-0.5
1998-05-29,20.2,20.5,19.95,20.07,292458,586628000.0,2.72,2.73,-0.64,-0.13
1998-06-05,20.1,20.3,19.42,20.0,300769,598431000.0,4.38,2.81,-0.35,-0.07
1998-06-12,20.0,20.05,18.85,19.1,184025,354913000.0,6.0,1.72,-4.5,-0.9
1998-06-19,19.1,19.1,18.16,18.79,192825,357730000.0,4.92,1.8,-1.62,-0.31
1998-06-26,18.6,18.7,18.0,18.12,161486,293901000.0,3.73,1.51,-3.57,-0.67
1998-07-03,18.1,18.12,16.6,17.28,221356,380897000.0,8.39,2.07,-4.64,-0.84
1998-07-10,17.1,17.17,16.5,16.88,107579,181333000.0,3.88,1.0,-2.31,-0.4
1998-07-17,16.99,17.0,15.6,15.62,149457,240719000.0,8.29,1.4,-7.46,-1.26
1998-07-24,15.55,18.0,15.01,17.79,494648,841835992.0,19.14,4.62,13.89,2.17
1998-07-31,17.87,18.0,17.2,17.26,134718,236402000.0,4.5,1.26,-2.98,-0.53
1998-08-07,17.28,17.3,16.37,16.65,119411,200387000.0,5.39,1.12,-3.53,-0.61
1998-08-14,16.6,16.6,15.58,15.85,131261,210812000.0,6.13,1.23,-4.8,-0.8
1998-08-21,15.79,17.45,15.0,17.16,233977,374635000.0,15.46,2.18,8.26,1.31
1998-08-28,17.12,17.5,15.85,15.92,199372,331991000.0,9.62,1.86,-7.23,-1.24
1998-09-04,15.8,16.2,15.5,15.91,91230,144497000.0,4.4,0.85,-0.06,-0.01
1998-09-11,15.93,16.49,15.74,16.05,121687,195863000.0,4.71,1.14,0.88,0.14
1998-09-18,16.0,16.5,15.6,15.66,190550,305203000.0,5.61,1.78,-2.43,-0.39
1998-09-25,15.51,16.0,15.38,15.45,94954,147991000.0,3.96,0.89,-1.34,-0.21
1998-09-30,15.65,16.2,15.42,15.77,75975,119861000.0,5.05,0.71,2.07,0.32
1998-10-09,15.77,15.8,15.24,15.28,87778,134919000.0,3.55,0.82,-3.11,-0.49
1998-10-16,15.29,15.55,15.05,15.27,123508,188142000.0,3.27,1.15,-0.07,-0.01
1998-10-23,15.3,15.68,14.31,14.91,175301,262165000.0,8.97,1.64,-2.36,-0.36
1998-10-30,14.8,15.2,14.28,14.89,171169,250550000.0,6.17,1.6,-0.13,-0.02
1998-11-06,14.99,15.2,14.5,14.98,140671,208476000.0,4.7,1.31,0.6,0.09
1998-11-13,15.03,15.85,15.0,15.49,202185,311447000.0,5.67,1.89,3.4,0.51
1998-11-20,15.59,17.77,15.58,16.77,698927,1186129000.0,14.14,6.53,8.26,1.28
1998-11-27,16.8,16.86,15.65,15.7,154254,251417000.0,7.22,1.44,-6.38,-1.07
1998-12-04,15.66,16.3,15.51,15.87,106850,169831000.0,5.03,1.0,1.08,0.17
1998-12-11,16.3,16.35,15.24,15.58,83556,131606000.0,6.99,0.78,-1.83,-0.29
1998-12-18,15.4,15.5,14.78,14.93,98808,149044000.0,4.62,0.92,-4.17,-0.65
1998-12-25,14.98,15.44,14.9,15.05,116466,176083000.0,3.62,1.09,0.8,0.12
1998-12-31,15.05,15.26,14.72,14.85,57282,85458000.0,3.59,0.53,-1.33,-0.2
1999-01-08,14.88,15.25,14.3,15.04,77695,114711000.0,6.4,0.73,1.28,0.19
1999-01-15,15.17,15.19,14.59,14.62,78397,115574000.0,3.99,0.73,-2.79,-0.42
1999-01-22,14.63,15.0,14.5,14.71,70188,103227000.0,3.42,0.66,0.62,0.09
1999-01-29,14.75,14.83,14.3,14.47,78422,113481000.0,3.6,0.73,-1.63,-0.24
1999-02-05,14.47,14.55,13.5,13.55,99010,138824000.0,7.26,0.92,-6.36,-0.92
1999-02-09,13.4,13.68,13.24,13.59,45757,61862000.0,3.25,0.43,0.3,0.04
1999-03-05,13.6,13.96,13.5,13.81,64590,88702000.0,3.38,0.6,1.62,0.22
1999-03-12,13.8,14.2,13.6,13.99,102183,142034000.0,4.34,0.95,1.3,0.18
1999-03-19,14.02,14.11,13.58,13.86,87706,121664000.0,3.79,0.82,-0.93,-0.13
1999-03-26,13.86,14.47,13.59,13.78,148947,207485000.0,6.35,1.39,-0.58,-0.08
1999-04-02,13.78,14.0,13.54,13.76,72551,99442000.0,3.34,0.68,-0.15,-0.02
1999-04-09,13.76,14.8,13.75,14.28,275241,393325008.0,7.63,2.57,3.78,0.52
1999-04-16,14.28,14.55,13.77,13.89,138229,195068000.0,5.46,1.29,-2.73,-0.39
1999-04-23,13.91,14.38,13.31,13.76,89258,122280000.0,7.7,0.83,-0.94,-0.13
1999-04-30,13.8,13.85,13.1,13.4,87834,117231843.0,5.45,0.82,-2.62,-0.36
1999-05-07,13.4,13.51,13.08,13.1,57940,76697000.0,3.21,0.54,-2.24,-0.3
1999-05-14,13.1,13.1,12.35,12.42,99169,126325000.0,5.73,0.93,-5.19,-0.68
1999-05-21,12.38,14.1,12.1,13.6,223065,295035000.0,16.1,2.08,9.5,1.18
1999-05-27,13.68,16.85,13.32,16.85,687894,1028947000.0,25.96,6.42,23.9,3.25
1999-06-04,18.54,22.11,17.81,20.29,3771619,7436694912.0,25.52,35.22,20.42,3.44
1999-06-11,20.4,22.57,20.09,20.59,1486343,3113033984.0,12.22,13.88,1.48,0.3
1999-06-18,20.6,23.02,20.26,22.14,1762613,3824587904.0,13.4,16.46,7.53,1.55
1999-06-25,22.2,28.14,21.5,25.86,2612762,6535674912.0,29.99,24.4,16.8,3.72
1999-07-02,26.48,29.4,24.79,26.77,3218135,8794680000.0,17.83,30.05,3.52,0.91
1999-07-09,26.82,26.98,22.85,23.73,1132500,2739310016.0,15.43,10.58,-11.36,-3.04
1999-07-16,23.7,23.7,20.5,20.6,987734,2112408976.0,13.49,9.22,-13.19,-3.13
1999-07-23,19.81,23.25,18.88,22.13,1378615,2984068032.0,21.21,12.87,7.43,1.53
1999-07-30,22.16,22.59,21.59,22.1,313276,691195379.0,4.52,2.93,-0.14,-0.03
1999-08-06,22.2,23.39,21.76,22.47,497363,1128671984.0,7.38,4.64,1.67,0.37
1999-08-13,21.9,22.3,21.08,21.36,261982,565241016.0,5.43,2.45,-4.94,-1.11
1999-08-20,21.98,24.3,21.63,23.7,933578,2209461992.0,12.5,8.72,10.96,2.34
1999-08-27,23.59,24.6,23.38,24.07,547235,1315169984.0,5.15,5.11,1.56,0.37
1999-09-03,24.2,25.22,23.3,23.6,729573,1783955008.0,7.98,6.81,-1.95,-0.47
1999-09-10,23.3,25.55,23.3,24.72,583047,1438829976.0,9.53,5.44,4.75,1.12
1999-09-17,25.0,25.05,24.01,24.27,295621,725601008.0,4.21,2.76,-1.82,-0.45
1999-09-24,24.28,24.58,23.51,24.01,323057,773226008.0,4.41,3.02,-1.07,-0.26
1999-09-30,24.38,24.45,23.18,23.29,213597,507783557.0,5.29,1.99,-3.0,-0.72
1999-10-08,23.01,23.25,22.51,22.63,53419,121685000.0,3.18,0.5,-2.83,-0.66
1999-10-15,22.65,23.0,21.55,22.67,191540,425326000.0,6.41,1.79,0.18,0.04
1999-10-22,22.5,22.8,20.9,21.93,247163,534359992.0,8.38,2.31,-3.26,-0.74
1999-10-29,22.01,22.58,21.42,21.58,185263,406383000.0,5.29,1.73,-1.6,-0.35
1999-11-05,21.6,22.6,21.31,21.76,225726,495706000.0,5.98,2.11,0.83,0.18
1999-11-12,21.97,22.68,20.95,22.0,326513,721836992.0,7.95,3.05,1.1,0.24
1999-11-19,21.99,22.04,21.0,21.32,175675,375954000.0,4.73,1.64,-3.09,-0.68
1999-11-26,21.33,21.36,20.05,20.3,187000,386711000.0,6.14,1.75,-4.78,-1.02
1999-12-03,20.29,20.29,19.39,19.48,174496,345455000.0,4.43,1.63,-4.04,-0.82
1999-12-10,19.49,19.49,18.45,19.16,219506,415955000.0,5.34,2.05,-1.64,-0.32
1999-12-17,19.16,19.85,18.85,18.92,194528,375169000.0,5.22,1.82,-1.25,-0.24
1999-12-24,18.8,18.8,17.5,17.62,154952,280653000.0,6.87,1.45,-6.87,-1.3
1999-12-30,17.59,17.68,16.99,17.45,261433,452264000.0,3.92,2.44,-0.96,-0.17
2000-01-07,17.5,19.77,17.2,19.54,525721,985584000.0,14.73,4.91,11.98,2.09
2000-01-14,19.79,20.48,17.75,17.88,509655,978569024.0,13.97,4.76,-8.5,-1.66
2000-01-21,17.9,18.26,17.5,17.96,263574,468934008.0,4.25,2.46,0.45,0.08
2000-01-28,17.91,18.58,17.2,18.53,484892,865959024.0,7.68,4.53,3.17,0.57
2000-02-18,19.2,21.01,18.15,18.41,1297967,2501861024.0,15.43,12.12,-0.65,-0.12
2000-02-25,18.41,19.5,18.0,18.09,611942,1129274000.0,8.15,5.71,-1.74,-0.32
2000-03-03,18.1,19.5,17.8,18.58,840254,1559974000.0,9.4,7.85,2.71,0.49
2000-03-10,18.8,20.59,18.0,19.04,1634027,3169084000.0,13.94,15.26,2.48,0.46
2000-03-17,19.0,19.6,17.78,18.17,614270,1132759984.0,9.56,5.74,-4.57,-0.87
2000-03-24,17.9,19.48,17.68,18.5,419072,774502984.0,9.91,3.91,1.82,0.33
2000-03-31,18.5,19.0,18.31,18.37,413179,767145992.0,3.73,3.86,-0.7,-0.13
2000-04-07,18.38,19.2,18.05,18.9,457406,850237984.0,6.26,4.27,2.89,0.53
2000-04-14,19.01,20.0,18.7,19.49,776368,1497774016.0,6.88,7.25,3.12,0.59
2000-04-21,19.52,20.02,18.78,18.81,487644,941200385.0,6.36,4.55,-3.49,-0.68
2000-04-28,18.81,19.8,18.5,19.05,321535,608686000.0,6.91,3.0,1.28,0.24
2000-05-12,19.12,19.18,17.82,18.02,252431,461704000.0,7.14,2.36,-5.41,-1.03
2000-05-19,18.01,18.2,17.48,17.91,176146,312462000.0,4.0,1.64,-0.61,-0.11
2000-05-26,17.95,18.99,17.68,18.32,348767,638912000.0,7.31,3.26,2.29,0.41
2000-06-02,18.32,18.5,17.9,18.2,318370,576398992.0,3.28,2.97,-0.66,-0.12
2000-06-09,18.2,19.23,18.0,18.35,541843,1007828992.0,6.76,5.06,0.82,0.15
2000-06-16,18.3,19.09,18.18,18.49,300452,561022992.0,4.96,2.81,0.76,0.14
2000-06-23,18.5,18.54,18.07,18.22,172793,315146000.0,2.54,1.61,-1.46,-0.27
2000-06-30,18.22,18.32,17.9,18.13,321326,581729000.0,2.31,3.0,-0.49,-0.09
2000-07-07,18.0,18.05,17.59,17.94,190657,338989000.0,2.54,1.78,-1.05,-0.19
2000-07-14,18.0,18.55,17.7,17.96,239782,432420282.0,4.74,2.24,0.11,0.02
2000-07-21,17.98,18.29,17.75,17.84,153135,273986000.0,3.01,1.43,-0.67,-0.12
2000-07-28,17.83,19.47,17.58,18.47,928694,1748447992.0,10.59,8.67,3.53,0.63
2000-08-04,18.51,18.87,17.98,18.25,357392,657104992.0,4.82,3.34,-1.19,-0.22
2000-08-11,18.31,18.6,18.1,18.29,212259,388138000.0,2.74,1.98,0.22,0.04
2000-08-18,18.35,18.95,18.24,18.48,260577,483332000.0,3.88,2.43,1.04,0.19
2000-08-25,18.5,18.7,17.71,18.1,264493,480575000.0,5.36,2.47,-2.06,-0.38
2000-09-01,18.15,18.29,17.63,17.74,204074,365643000.0,3.65,1.91,-1.99,-0.36
2000-09-08,17.7,17.8,16.81,16.95,182431,313810000.0,5.58,1.7,-4.45,-0.79
2000-09-15,16.98,17.8,16.85,17.04,160162,276613000.0,5.6,1.5,0.53,0.09
2000-09-22,17.05,17.1,16.1,16.26,154139,254131000.0,5.87,1.44,-4.58,-0.78
2000-09-29,16.32,17.26,16.32,16.96,150396,253708000.0,5.78,1.4,4.31,0.7
2000-10-13,17.0,17.86,16.66,17.19,278205,484192992.0,7.08,2.6,1.36,0.23
2000-10-20,17.1,17.25,16.7,17.05,90271,152758000.0,3.2,0.84,-0.81,-0.14
2000-10-27,17.44,17.85,17.27,17.47,267142,468072992.0,3.4,2.49,2.46,0.42
2000-11-03,17.5,18.0,17.48,17.7,328305,582759992.0,2.98,3.07,1.32,0.23
2000-11-10,15.74,15.74,15.17,15.54,212019,327936000.0,3.22,1.52,-12.2,-2.16
2000-11-17,15.52,16.19,15.5,15.71,270779,429539000.0,4.44,1.94,1.09,0.17
2000-11-24,15.71,16.36,15.51,15.83,255848,406962000.0,5.41,1.84,0.76,0.12
2000-12-01,15.8,15.8,15.44,15.49,133702,208160000.0,2.27,0.96,-2.15,-0.34
2000-12-08,15.5,15.64,15.1,15.18,143723,220433000.0,3.49,1.03,-2.0,-0.31
2000-12-15,15.18,15.36,14.65,15.26,173855,259907000.0,4.68,1.25,0.53,0.08
2000-12-22,15.26,15.35,14.6,14.65,221145,329806000.0,4.91,1.59,-4.0,-0.61
2000-12-29,14.65,14.65,14.3,14.52,190767,274925000.0,2.39,1.37,-0.89,-0.13
2001-01-05,14.54,14.7,14.12,14.2,203239,291536000.0,3.99,1.46,-2.2,-0.32
2001-01-12,14.2,15.2,13.85,14.8,276896,400486000.0,9.51,1.99,4.23,0.6
2001-01-19,14.8,15.1,14.11,14.98,216214,319976000.0,6.69,1.55,1.22,0.18
2001-02-09,15.0,15.1,14.0,14.39,104543,151772000.0,7.34,0.75,-3.94,-0.59
2001-02-16,14.4,14.5,14.05,14.19,82137,117007000.0,3.13,0.59,-1.39,-0.2
2001-02-23,14.18,14.56,13.8,14.12,120614,169517000.0,5.36,0.87,-0.49,-0.07
2001-03-02,14.15,15.28,14.05,15.05,356147,528817016.0,8.71,2.56,6.59,0.93
2001-03-09,15.11,16.46,14.83,16.2,1192318,1886571024.0,10.83,8.56,7.64,1.15
2001-03-16,16.2,17.0,15.88,16.56,964783,1591197984.0,6.91,6.93,2.22,0.36
2001-03-23,16.56,17.1,16.05,16.09,788412,1313572000.0,6.34,5.66,-2.84,-0.47
2001-03-30,16.06,16.55,16.0,16.22,407250,663999000.0,3.42,2.93,0.81,0.13
2001-04-06,16.25,16.8,16.01,16.31,345518,566864992.0,4.87,2.48,0.55,0.09
2001-04-13,16.31,16.97,16.15,16.85,418574,694409992.0,5.03,3.01,3.31,0.54
2001-04-20,17.0,17.11,16.18,16.2,538567,897603008.0,5.52,3.87,-3.86,-0.65
2001-04-27,16.2,16.32,15.5,15.65,352324,559596008.0,5.06,2.53,-3.4,-0.55
2001-04-30,15.65,15.73,15.48,15.53,38319,59566000.0,1.6,0.28,-0.77,-0.12
2001-05-11,15.53,16.0,15.47,15.68,127075,198348578.0,3.41,0.91,0.97,0.15
2001-05-18,15.68,15.95,15.33,15.39,226822,352646000.0,3.95,1.63,-1.85,-0.29
2001-05-25,15.39,15.85,15.18,15.56,323230,500851000.0,4.35,2.32,1.1,0.17
2001-06-01,15.6,16.6,15.6,16.3,490861,792913016.0,6.43,3.53,4.76,0.74
2001-06-08,16.32,16.43,15.51,15.73,241249,384442000.0,5.64,1.73,-3.5,-0.57
2001-06-15,15.75,16.2,15.5,15.79,209226,330343000.0,4.45,1.5,0.38,0.06
2001-06-22,15.79,15.82,15.17,15.58,198558,305414000.0,4.12,1.43,-1.33,-0.21
2001-06-28,15.6,15.8,15.29,15.31,131026,203183000.0,3.27,0.94,-1.73,-0.27
2001-07-06,15.38,16.05,15.3,15.5,165101,258810000.0,4.9,1.19,1.24,0.19
2001-07-13,15.68,15.68,15.04,15.11,140243,213814581.0,4.13,1.01,-2.52,-0.39
2001-07-20,15.2,16.0,14.65,15.2,141379,212292000.0,8.93,1.02,0.6,0.09
2001-07-27,15.25,15.36,14.61,14.99,152832,227599000.0,4.93,1.1,-1.38,-0.21
2001-08-03,14.9,14.9,13.6,13.81,219460,307858000.0,8.67,1.58,-7.87,-1.18
2001-08-10,13.75,13.78,12.6,13.44,191426,250642000.0,8.54,1.38,-2.68,-0.37
2001-08-17,13.48,13.62,13.05,13.21,97414,129761000.0,4.24,0.7,-1.71,-0.23
2001-08-24,13.22,13.48,13.0,13.02,74091,97438000.0,3.63,0.53,-1.44,-0.19
2001-08-31,13.02,13.03,12.5,12.71,90069,114818000.0,4.07,0.65,-2.38,-0.31
2001-09-07,12.75,13.13,12.5,12.69,88413,113521000.0,4.96,0.64,-0.16,-0.02
2001-09-14,12.55,13.1,12.1,12.39,117688,148701000.0,7.88,0.85,-2.36,-0.3
2001-09-21,12.35,13.06,11.98,12.64,202178,253044000.0,8.72,1.45,2.02,0.25
2001-09-28,12.64,12.82,12.35,12.75,73691,92819000.0,3.72,0.53,0.87,0.11
2001-10-12,12.75,12.96,11.9,12.62,149806,186334000.0,8.31,1.08,-1.02,-0.13
2001-10-19,12.61,13.39,12.35,12.72,386834,502050008.0,8.24,2.75,0.79,0.1
2001-10-26,12.68,14.5,12.58,13.9,750086,1047113984.0,15.09,5.33,9.28,1.18
2001-11-02,13.92,14.1,13.5,13.6,150685,207262000.0,4.32,1.07,-2.16,-0.3
2001-11-09,13.55,13.58,12.55,13.32,172267,226703000.0,7.57,1.22,-2.06,-0.28
2001-11-16,13.34,14.2,13.0,13.25,117488,157418000.0,9.01,0.83,-0.53,-0.07
2001-11-23,13.38,13.8,13.15,13.54,145338,196990344.0,4.91,1.03,2.19,0.29
2001-11-30,13.5,13.75,13.3,13.42,104587,140613000.0,3.32,0.74,-0.89,-0.12
2001-12-07,13.42,13.65,13.13,13.19,160861,215050000.0,3.87,1.14,-1.71,-0.23
2001-12-14,13.15,13.25,12.63,12.71,121685,157134000.0,4.7,0.86,-3.64,-0.48
2001-12-21,12.69,12.8,12.25,12.33,113889,142315000.0,4.33,0.81,-2.99,-0.38
2001-12-28,12.4,12.42,11.99,12.16,116854,141900000.0,3.49,0.83,-1.38,-0.17
2002-01-04,12.2,12.3,12.07,12.11,33698,41055000.0,1.89,0.24,-0.41,-0.05
2002-01-11,12.11,12.2,11.48,11.52,139476,163730000.0,5.95,0.99,-4.87,-0.59
2002-01-18,11.41,11.42,10.0,10.19,200418,214454000.0,12.33,1.42,-11.55,-1.33
2002-01-25,10.19,10.6,9.47,10.21,203902,204252000.0,11.09,1.45,0.2,0.02
2002-02-01,10.22,10.78,9.45,10.38,226615,231222000.0,13.03,1.61,1.67,0.17
2002-02-08,10.38,10.98,10.25,10.66,202125,215220000.0,7.03,1.44,2.7,0.28
2002-03-01,10.88,10.9,10.08,10.19,200030,206556000.0,7.69,1.42,-4.41,-0.47
2002-03-08,10.19,11.68,10.11,11.41,497594,548750000.0,15.41,3.53,11.97,1.22
2002-03-15,11.45,12.2,11.05,11.36,654152,761469000.0,10.08,4.64,-0.44,-0.05
2002-03-22,11.51,12.07,11.4,11.48,483140,570373000.0,5.9,3.43,1.06,0.12
2002-03-29,11.48,11.55,10.98,11.03,164377,185831000.0,4.97,1.17,-3.92,-0.45
2002-04-05,11.03,11.25,10.57,11.15,132508,144752000.0,6.17,0.94,1.09,0.12
2002-04-12,11.2,11.35,10.9,11.11,216865,239946000.0,4.04,1.54,-0.36,-0.04
2002-04-19,11.05,11.13,10.43,10.48,123881,132457000.0,6.3,0.88,-5.67,-0.63
2002-04-26,10.48,10.95,10.36,10.8,133892,142158000.0,5.63,0.95,3.05,0.32
2002-04-30,10.85,11.79,10.7,11.5,233876,264930000.0,10.09,1.66,6.48,0.7
2002-05-10,11.53,11.93,11.4,11.52,268620,313516992.0,4.61,1.91,0.17,0.02
2002-05-17,11.5,11.58,10.91,11.3,227948,255563000.0,5.82,1.62,-1.91,-0.22
2002-05-24,11.3,11.58,10.91,10.94,185275,208410000.0,5.93,1.32,-3.19,-0.36
2002-05-31,10.9,11.46,10.8,11.16,159615,177569000.0,6.03,1.13,2.01,0.22
2002-06-07,11.15,11.6,10.92,11.43,292818,331609000.0,6.09,2.08,2.42,0.27
2002-06-14,11.42,11.83,11.12,11.17,181493,208474000.0,6.21,1.29,-2.27,-0.26
2002-06-21,11.1,12.11,11.08,11.91,442973,517370016.0,9.22,3.15,6.62,0.74
2002-06-28,13.1,15.5,12.81,15.0,3709365,5346449984.0,22.59,26.34,25.94,3.09
2002-07-05,15.05,15.5,14.55,14.91,845617,1267052016.0,6.33,6.0,-0.6,-0.09
2002-07-12,14.95,15.11,14.17,14.22,716840,1045661024.0,6.3,5.09,-4.63,-0.69
2002-07-19,14.19,15.08,13.9,14.99,728711,1065198000.0,8.3,5.17,5.41,0.77
2002-07-26,14.98,15.33,14.3,14.79,1231161,1842316992.0,6.87,8.74,-1.33,-0.2
2002-08-02,14.77,15.48,14.72,15.18,797474,1207651024.0,5.14,5.66,2.64,0.39
2002-08-09,15.19,15.24,14.77,14.85,444736,664526008.0,3.1,3.16,-2.17,-0.33
2002-08-16,14.8,14.89,14.51,14.76,306979,452381000.0,2.56,2.18,-0.61,-0.09
2002-08-23,14.75,15.8,14.66,15.53,1119383,1727621984.0,7.72,7.95,5.22,0.77
2002-08-30,15.57,15.79,15.23,15.4,463031,714808000.0,3.61,3.29,-0.84,-0.13
2002-09-06,15.44,15.86,15.0,15.05,561127,863085984.0,5.58,3.98,-2.27,-0.35
2002-09-13,14.95,15.09,14.71,15.04,334667,498458992.0,2.52,2.38,-0.07,-0.01
2002-09-20,15.04,15.05,13.86,14.2,501366,714133992.0,7.91,3.56,-5.59,-0.84
2002-09-27,14.01,14.48,13.6,13.77,337656,475620000.0,6.2,2.4,-3.03,-0.43
2002-10-11,13.5,13.67,12.85,12.9,167717,222078000.0,5.95,1.19,-6.32,-0.87
2002-10-18,12.98,13.4,12.53,13.3,256584,333313000.0,6.74,1.82,3.1,0.4
2002-10-25,13.3,13.59,12.97,13.04,342449,456622000.0,4.66,2.43,-1.95,-0.26
2002-11-01,13.0,13.15,12.75,12.91,263676,341151000.0,3.07,1.87,-1.0,-0.13
2002-11-08,13.05,13.93,12.97,13.28,733090,986348000.0,7.44,5.21,2.87,0.37
2002-11-15,13.3,13.37,12.55,12.68,415033,535769000.0,6.17,2.95,-4.52,-0.6
2002-11-22,12.68,12.77,11.6,11.8,416711,503809000.0,9.23,2.96,-6.94,-0.88
2002-11-29,11.78,12.35,11.4,12.1,328915,391336000.0,8.05,2.34,2.54,0.3
2002-12-06,12.09,12.09,11.5,11.64,202564,237537000.0,4.88,1.44,-3.8,-0.46
2002-12-13,11.59,11.74,10.82,11.11,281689,315635000.0,7.9,2.0,-4.55,-0.53
2002-12-20,11.15,11.38,10.98,11.32,210571,235597000.0,3.6,1.5,1.89,0.21
2002-12-27,11.32,11.48,10.38,10.52,346151,377193000.0,9.72,2.46,-7.07,-0.8
2003-01-03,10.45,10.6,9.91,10.02,330875,339803008.0,6.56,2.35,-4.75,-0.5
2003-01-10,10.03,10.9,9.91,10.53,463729,487533000.0,9.88,3.29,5.09,0.51
2003-01-17,10.48,11.69,10.37,11.39,1119837,1263582984.0,12.54,7.95,8.17,0.86
2003-01-24,11.39,11.7,11.0,11.37,459941,523545000.0,6.15,3.27,-0.18,-0.02
2003-01-29,11.42,11.8,11.37,11.63,323609,375714992.0,3.78,2.3,2.29,0.26
2003-02-14,11.58,11.6,11.2,11.33,301405,341953000.0,3.44,2.14,-2.58,-0.3
2003-02-21,11.34,11.39,10.91,10.92,275210,307051000.0,4.24,1.95,-3.62,-0.41
2003-02-28,10.9,11.39,10.81,11.27,258118,287298000.0,5.31,1.83,3.21,0.35
2003-03-07,11.29,11.49,11.0,11.05,275305,310163000.0,4.35,1.95,-1.95,-0.22
2003-03-14,11.01,11.06,10.68,10.88,176717,191515000.0,3.44,1.25,-1.54,-0.17
2003-03-21,10.88,11.28,10.75,11.21,279600,308669008.0,4.87,1.99,3.03,0.33
2003-03-28,11.24,11.85,10.9,11.59,667704,765266008.0,8.47,4.74,3.39,0.38
2003-04-04,11.59,12.19,11.55,12.12,855321,1020222000.0,5.52,6.07,4.57,0.53
2003-04-11,12.15,12.68,11.88,12.34,999842,1224964992.0,6.6,7.1,1.82,0.22
2003-04-18,12.34,13.9,12.15,12.89,2661219,3536914048.0,14.18,18.9,4.46,0.55
2003-04-25,13.1,13.13,11.8,11.89,1197452,1495752000.0,10.32,8.5,-7.76,-1.0
2003-04-30,11.8,12.87,11.6,12.43,720887,897356000.0,10.68,5.12,4.54,0.54
2003-05-16,12.2,13.18,11.8,12.6,1014841,1259800976.0,11.1,7.21,1.37,0.17
2003-05-23,12.65,12.95,12.18,12.59,679820,857574000.0,6.11,4.83,-0.08,-0.01
2003-05-30,12.59,13.0,12.3,12.55,667668,844872984.0,5.56,4.74,-0.32,-0.04
2003-06-06,12.54,12.54,12.03,12.04,411793,506339000.0,4.06,2.92,-4.06,-0.51
2003-06-13,12.0,12.18,11.81,12.14,230430,276461000.0,3.07,1.64,0.83,0.1
2003-06-20,12.14,12.15,11.45,11.46,285224,334516000.0,5.77,2.03,-5.6,-0.68
2003-06-27,11.43,11.66,11.03,11.11,181666,205969000.0,5.5,1.29,-3.05,-0.35
2003-07-04,11.1,11.39,11.01,11.2,161258,180839000.0,3.42,1.14,0.81,0.09
2003-07-11,11.19,11.48,11.06,11.31,175830,198472000.0,3.75,1.25,0.98,0.11
2003-07-18,11.28,11.37,10.88,10.91,298992,333101000.0,4.33,2.12,-3.54,-0.4
2003-07-25,10.72,10.88,10.47,10.5,292816,311245000.0,3.76,2.08,-3.76,-0.41
2003-08-01,10.5,10.88,10.32,10.8,175160,185340000.0,5.33,1.24,2.86,0.3
2003-08-08,10.8,11.16,10.67,10.71,218610,237372000.0,4.54,1.55,-0.83,-0.09
2003-08-15,10.67,10.98,10.55,10.79,136809,146606000.0,4.01,0.97,0.75,0.08
2003-08-22,10.79,10.99,10.66,10.75,197739,214458000.0,3.06,1.4,-0.37,-0.04
2003-08-29,10.7,10.7,10.1,10.33,178476,185269000.0,5.58,1.27,-3.91,-0.42
2003-09-05,10.3,10.51,10.15,10.21,154272,159602000.0,3.48,1.1,-1.16,-0.12
2003-09-12,10.2,10.28,9.95,9.97,254805,257077000.0,3.23,1.81,-2.35,-0.24
2003-09-19,9.96,9.99,9.33,9.48,267831,256153000.0,6.62,1.9,-4.91,-0.49
2003-09-26,9.48,9.56,9.3,9.34,164704,155073000.0,2.74,1.17,-1.48,-0.14
2003-09-30,9.35,9.35,8.99,9.17,67556,61651000.0,3.85,0.48,-1.82,-0.17
2003-10-10,9.25,9.47,9.15,9.4,70285,65129000.0,3.49,0.5,2.51,0.23
2003-10-17,9.42,9.47,8.9,9.0,158998,145669000.0,6.06,1.13,-4.26,-0.4
2003-10-24,9.0,9.13,8.76,8.88,182905,163740000.0,4.11,1.3,-1.33,-0.12
2003-10-31,8.87,8.87,7.97,8.14,299575,253289000.0,10.14,2.13,-8.33,-0.74
2003-11-07,8.11,8.58,7.7,7.89,385912,314086000.0,10.81,2.74,-3.07,-0.25
2003-11-14,7.88,8.04,7.72,7.83,165873,130401000.0,4.06,1.18,-0.76,-0.06
2003-11-21,7.83,8.48,7.62,8.08,313161,251843000.0,10.98,2.22,3.19,0.25
2003-11-28,8.08,8.99,8.08,8.38,484591,415481000.0,11.26,3.44,3.71,0.3
2003-12-05,8.4,8.78,8.35,8.6,298506,256472000.0,5.13,2.12,2.63,0.22
2003-12-12,8.61,9.15,8.34,9.04,489109,430493000.0,9.42,3.47,5.12,0.44
2003-12-19,9.02,9.06,8.35,8.43,348433,303448000.0,7.85,2.47,-6.75,-0.61
2003-12-26,8.38,9.1,8.25,8.76,435370,382888000.0,10.08,3.09,3.91,0.33
2004-01-02,8.73,8.74,8.41,8.64,190207,163755404.0,3.77,1.35,-1.37,-0.12
2004-01-09,8.64,9.55,8.6,9.03,979330,907748016.0,11.0,6.95,4.51,0.39
2004-01-16,9.0,9.39,8.96,9.28,423533,387645000.0,4.76,3.01,2.77,0.25
2004-01-30,9.28,9.59,9.2,9.28,195610,183892000.0,4.2,1.39,0.0,0.0
2004-02-06,9.4,10.98,9.35,10.51,1217581,1228490976.0,17.56,8.65,13.25,1.23
2004-02-13,10.54,10.95,10.21,10.25,923405,976796992.0,7.04,6.56,-2.47,-0.26
2004-02-20,10.25,11.25,10.25,11.12,1082724,1169912024.0,9.76,7.69,8.49,0.87
2004-02-27,11.15,11.39,10.15,10.36,940378,1005073000.0,11.15,6.68,-6.83,-0.76
2004-03-05,10.32,11.19,10.05,10.67,941840,1008735992.0,11.0,6.69,2.99,0.31
2004-03-12,10.67,10.89,10.36,10.66,503614,535260008.0,4.97,3.58,-0.09,-0.01
2004-03-19,10.6,11.4,10.6,11.17,1150996,1275651008.0,7.5,8.17,4.78,0.51
2004-03-26,11.2,11.37,10.75,10.85,668783,735667000.0,5.55,4.75,-2.86,-0.32
2004-04-02,10.8,10.86,10.48,10.73,501611,532931000.0,3.5,3.56,-1.11,-0.12
2004-04-09,10.75,10.78,10.18,10.24,526918,551784000.0,5.59,3.74,-4.57,-0.49
2004-04-16,10.2,10.35,9.51,9.75,620302,612768992.0,8.2,4.4,-4.79,-0.49
2004-04-23,9.75,9.8,9.21,9.38,283567,268547000.0,6.05,2.01,-3.79,-0.37
2004-04-30,9.38,9.49,8.9,9.33,249889,231115000.0,6.29,1.77,-0.53,-0.05
2004-05-14,9.34,9.4,9.0,9.12,147000,135296000.0,4.29,1.04,-2.25,-0.21
2004-05-21,9.12,9.34,9.01,9.18,116714,106894000.0,3.62,0.83,0.66,0.06
2004-05-28,9.18,9.3,8.81,9.25,187757,170723000.0,5.34,1.33,0.76,0.07
2004-06-04,9.58,10.04,9.48,9.63,522104,508473992.0,6.05,3.71,4.11,0.38
2004-06-11,9.63,9.65,9.0,9.08,188928,174517000.0,6.75,1.34,-5.71,-0.55
2004-06-18,9.0,9.47,8.8,9.1,178931,162703000.0,7.38,1.27,0.22,0.02
2004-06-25,9.02,9.18,8.86,8.87,119842,107885000.0,3.52,0.85,-2.53,-0.23
2004-07-02,8.81,8.9,8.38,8.69,159628,137929000.0,5.86,1.13,-2.03,-0.18
2004-07-09,8.7,8.76,8.43,8.45,98429,84660000.0,3.8,0.7,-2.76,-0.24
2004-07-16,8.45,8.62,8.18,8.59,146801,123300000.0,5.21,1.04,1.66,0.14
2004-07-23,8.58,8.66,8.0,8.14,163052,135118000.0,7.68,1.16,-5.24,-0.45
2004-07-30,8.15,8.23,8.0,8.11,94893,77002000.0,2.83,0.67,-0.37,-0.03
2004-08-06,8.08,8.29,8.0,8.1,94743,76740000.0,3.58,0.67,-0.12,-0.01
2004-08-13,8.1,8.2,7.9,8.03,102746,82668000.0,3.7,0.73,-0.86,-0.07
2004-08-20,8.04,8.23,7.97,8.16,110797,89814000.0,3.24,0.79,1.62,0.13
2004-08-27,8.18,8.2,7.92,7.96,83545,67290000.0,3.43,0.59,-2.45,-0.2
2004-09-03,7.96,8.2,7.91,7.98,89426,71964000.0,3.64,0.63,0.25,0.02
2004-09-10,7.99,8.15,7.86,8.07,77307,61827000.0,3.63,0.55,1.13,0.09
2004-09-17,8.02,8.55,7.86,8.52,314375,261258000.0,8.55,2.23,5.58,0.45
2004-09-24,8.52,9.24,8.47,8.59,716237,629150008.0,9.04,5.09,0.82,0.07
2004-09-30,8.6,8.77,8.08,8.16,253276,209558000.0,8.03,1.8,-5.01,-0.43
2004-10-08,8.2,8.24,7.94,8.2,45990,37094000.0,3.68,0.33,0.49,0.04
2004-10-15,8.3,8.49,7.82,7.89,269202,218108000.0,8.17,1.91,-3.78,-0.31
2004-10-22,7.9,7.96,6.6,6.84,437502,316169000.0,17.24,3.11,-13.31,-1.05
2004-10-29,7.0,7.55,6.78,7.17,375192,266504000.0,11.26,2.66,4.82,0.33
2004-11-05,7.15,7.32,6.93,6.96,195011,138226000.0,5.44,1.38,-2.93,-0.21
2004-11-12,6.98,7.2,6.79,7.01,219417,153923000.0,5.89,1.56,0.72,0.05
2004-11-19,7.02,7.5,7.02,7.41,290575,210949000.0,6.85,2.06,5.71,0.4
2004-11-26,7.4,7.45,7.14,7.18,152280,110730000.0,4.18,1.08,-3.1,-0.23
2004-12-03,7.18,7.19,6.9,7.02,131898,92351000.0,4.04,0.94,-2.23,-0.16
2004-12-10,7.02,7.24,6.9,6.94,130720,91771000.0,4.84,0.93,-1.14,-0.08
2004-12-17,6.93,7.17,6.85,6.91,103498,72034000.0,4.61,0.73,-0.43,-0.03
2004-12-24,6.9,7.03,6.8,6.82,127637,87816000.0,3.33,0.91,-1.3,-0.09
2004-12-31,6.82,6.82,6.55,6.59,120399,80263000.0,3.96,0.85,-3.37,-0.23
2005-01-07,6.59,6.6,6.35,6.51,95354,61818000.0,3.79,0.68,-1.21,-0.08
2005-01-14,6.51,6.61,6.37,6.5,74760,48763000.0,3.69,0.53,-0.15,-0.01
2005-01-21,6.47,6.5,5.85,6.41,214351,132787000.0,10.0,1.52,-1.38,-0.09
2005-01-28,6.6,6.65,6.05,6.17,173521,109910000.0,9.36,1.23,-3.74,-0.24
2005-02-04,6.15,6.74,6.03,6.6,227397,145048000.0,11.51,1.61,6.97,0.43
2005-02-18,6.6,6.68,6.51,6.6,112241,74022000.0,2.58,0.8,0.0,0.0
2005-02-25,6.63,6.77,6.57,6.64,300681,200844000.0,3.03,2.13,0.61,0.04
2005-03-04,6.64,6.65,6.33,6.36,155581,100137000.0,4.82,1.1,-4.22,-0.28
2005-03-11,6.33,6.38,6.08,6.12,198324,123735000.0,4.72,1.41,-3.77,-0.24
2005-03-18,6.12,6.17,5.9,5.93,173130,103879000.0,4.41,1.23,-3.1,-0.19
2005-03-25,5.93,6.0,5.32,5.4,209026,115478000.0,11.47,1.48,-8.94,-0.53
2005-04-01,5.38,5.73,5.05,5.6,193165,102352000.0,12.59,1.37,3.7,0.2
2005-04-08,5.52,6.79,5.36,6.79,899221,555884000.0,25.54,6.38,21.25,1.19
2005-04-15,6.8,7.39,6.38,6.63,1646221,1128497984.0,14.87,11.68,-2.36,-0.16
2005-04-22,6.58,6.79,5.97,5.98,675293,432706000.0,12.37,4.79,-9.8,-0.65
2005-04-29,5.8,6.47,5.4,6.2,787978,466142000.0,17.89,5.59,3.68,0.22
2005-05-13,6.23,6.4,5.9,6.02,503098,310252000.0,8.06,3.57,-2.9,-0.18
2005-05-20,6.02,6.34,5.76,6.21,339255,207643000.0,9.63,2.41,3.16,0.19
2005-05-27,6.13,6.28,5.91,6.15,305849,187576000.0,5.96,2.17,-0.97,-0.06
2005-06-03,6.1,6.16,5.7,5.83,301842,179184000.0,7.48,2.14,-5.2,-0.32
2005-06-10,5.82,6.93,5.71,6.58,809183,519215000.0,20.93,5.74,12.86,0.75
2005-06-16,6.58,6.7,6.19,6.37,380853,245187000.0,7.75,2.7,-3.19,-0.21
2005-06-24,6.36,6.53,6.07,6.29,502770,319863000.0,7.22,3.57,-1.26,-0.08
2005-07-01,6.39,6.5,5.74,5.79,403551,248786000.0,12.08,2.86,-7.95,-0.5
2005-07-08,5.75,5.85,5.45,5.46,220175,124505000.0,6.91,1.56,-5.7,-0.33
2005-07-15,5.5,5.88,5.42,5.66,233047,132802000.0,8.42,1.65,3.66,0.2
2005-07-22,5.66,6.05,5.52,5.95,303757,176379000.0,9.36,2.16,5.12,0.29
2005-07-29,5.94,6.15,5.86,5.93,369383,221984000.0,4.87,2.62,-0.34,-0.02
2005-08-05,5.92,6.34,5.82,6.22,489088,298745000.0,8.77,3.47,4.89,0.29
2005-08-12,6.25,6.49,6.15,6.2,691000,436373992.0,5.47,4.9,-0.32,-0.02
2005-08-19,6.2,6.33,5.9,5.97,525919,322788000.0,6.94,3.73,-3.71,-0.23
2005-08-26,5.99,6.2,5.87,6.15,304719,184222000.0,5.53,2.16,3.02,0.18
2005-09-02,6.18,6.44,6.05,6.26,551740,343770000.0,6.34,3.91,1.79,0.11
2005-09-09,6.27,6.42,6.09,6.25,531769,333301000.0,5.27,3.77,-0.16,-0.01
2005-09-16,6.26,6.4,6.18,6.3,421664,265800000.0,3.52,2.99,0.8,0.05
2005-09-23,6.3,6.32,5.83,5.85,399778,243027000.0,7.78,2.84,-7.14,-0.45
2005-09-27,5.85,5.99,5.75,5.76,91314,53312000.0,4.1,0.65,-1.54,-0.09
2005-10-21,6.28,6.34,6.04,6.34,177062,111927000.0,5.21,1.26,10.07,0.58
2005-10-28,6.57,6.58,5.51,5.58,890234,546338008.0,16.88,6.32,-11.99,-0.76
2005-11-04,5.58,5.79,5.58,5.7,254180,144669000.0,3.76,1.8,2.15,0.12
2005-11-11,5.72,5.78,5.51,5.54,160770,90882000.0,4.74,1.14,-2.81,-0.16
2005-11-18,5.54,5.81,5.54,5.78,177588,100910000.0,4.87,1.26,4.33,0.24
2005-11-25,5.78,5.9,5.56,5.88,260280,150153000.0,5.88,1.85,1.73,0.1
2005-12-02,5.88,5.88,5.74,5.83,184336,107113000.0,2.38,1.31,-0.85,-0.05
2005-12-09,5.8,5.92,5.6,5.88,245060,142178000.0,5.49,1.74,0.86,0.05
2005-12-16,5.9,6.16,5.83,6.01,433632,259900000.0,5.61,3.08,2.21,0.13
2005-12-23,6.01,6.21,5.95,6.13,368723,224382000.0,4.33,2.62,2.0,0.12
2005-12-30,6.18,6.27,6.13,6.14,399354,247333000.0,2.28,2.83,0.16,0.01
2006-01-06,6.13,6.5,6.12,6.41,546968,347453000.0,6.19,3.88,4.4,0.27
2006-01-13,6.4,6.44,6.15,6.21,569151,357013000.0,4.52,4.04,-3.12,-0.2
2006-01-20,6.18,6.33,6.05,6.23,361249,223323000.0,4.51,2.56,0.32,0.02
2006-01-25,6.23,6.36,6.14,6.35,270110,168478000.0,3.53,1.92,1.93,0.12
2006-02-10,6.35,6.47,6.15,6.21,436779,274075000.0,5.04,3.1,-2.2,-0.14
2006-02-17,6.21,6.44,6.13,6.24,440816,276224000.0,4.99,3.13,0.48,0.03
2006-02-24,6.24,7.06,6.18,7.03,1656910,1124504984.0,14.1,11.76,12.66,0.79
2006-03-03,7.05,7.1,6.43,6.54,916882,616641984.0,9.53,6.51,-6.97,-0.49
2006-03-10,6.52,6.64,6.16,6.18,495714,314902000.0,7.34,3.52,-5.5,-0.36
2006-03-17,6.2,6.37,6.17,6.2,357079,222915000.0,3.24,2.53,0.32,0.02
2006-03-24,6.2,6.44,6.15,6.31,467197,296300000.0,4.68,3.31,1.77,0.11
2006-03-31,6.31,6.58,6.19,6.37,603956,386315000.0,6.18,4.29,0.95,0.06
2006-04-07,6.32,6.69,6.28,6.47,817496,533134000.0,6.44,5.8,1.57,0.1
2006-04-14,6.48,7.03,6.48,6.85,965951,653631008.0,8.5,6.85,5.87,0.38
2006-04-21,6.85,6.99,6.66,6.84,778695,530964008.0,4.82,5.53,-0.15,-0.01
2006-04-28,6.8,8.09,6.3,7.88,2180229,1579401984.0,26.17,15.47,15.2,1.04
2006-05-12,7.88,8.75,7.66,8.54,2158271,1778073024.0,13.83,15.31,8.38,0.66
2006-05-19,8.51,8.7,7.89,8.31,1454215,1205123984.0,9.48,10.32,-2.69,-0.23
2006-05-26,8.26,8.99,7.84,8.78,1673340,1392787984.0,13.84,11.87,5.66,0.47
2006-06-16,7.9,7.9,6.85,7.11,1487150,1060180000.0,11.96,10.55,-19.02,-1.67
2006-06-23,7.05,7.48,6.8,7.29,1190628,858308992.0,9.56,8.45,2.53,0.18
2006-06-30,7.29,7.68,7.27,7.56,849527,630394992.0,5.62,6.03,3.7,0.27
2006-07-07,7.56,8.23,7.56,7.71,1295299,1029729008.0,8.86,9.19,1.98,0.15
2006-07-21,7.35,7.5,7.05,7.2,247826,179253000.0,5.84,1.76,-6.61,-0.51
2006-07-28,7.17,7.32,6.87,6.96,447655,318216000.0,6.25,3.18,-3.33,-0.24
2006-08-04,6.9,6.92,6.6,6.67,335280,226588000.0,4.6,2.38,-4.17,-0.29
2006-08-11,6.65,6.88,6.55,6.82,235909,159269000.0,4.95,1.67,2.25,0.15
2006-08-18,6.83,7.1,6.75,6.93,301695,209628000.0,5.13,2.14,1.61,0.11
2006-08-25,6.83,7.18,6.66,6.99,318021,223617000.0,7.5,2.26,0.87,0.06
2006-09-01,7.0,7.39,6.96,7.06,449346,323993000.0,6.15,3.19,1.0,0.07
2006-09-08,7.06,7.33,7.04,7.23,427218,306784000.0,4.11,3.03,2.41,0.17
2006-09-15,7.14,7.69,7.14,7.63,896781,671269992.0,7.61,6.36,5.53,0.4
2006-09-22,7.7,7.83,7.4,7.49,633839,485986000.0,5.64,4.5,-1.83,-0.14
2006-09-29,7.42,8.26,7.41,8.16,838470,662502008.0,11.35,5.95,8.95,0.67
2006-10-13,8.32,9.45,8.3,9.03,894517,791316992.0,14.09,6.35,10.66,0.87
2006-10-20,9.04,9.2,8.71,9.07,937837,843694008.0,5.43,6.65,0.44,0.04
2006-10-27,9.08,10.25,8.91,9.77,1737044,1663577984.0,14.77,12.33,7.72,0.7
2006-11-03,9.59,9.83,9.1,9.58,1170154,1105323984.0,7.47,8.3,-1.94,-0.19
2006-11-10,9.42,10.77,9.38,10.32,1507511,1537041984.0,14.51,10.7,7.72,0.74
2006-11-17,10.26,10.69,9.88,10.28,1259759,1295676560.0,7.85,8.94,-0.39,-0.04
2006-11-24,10.31,13.18,10.29,12.68,2727655,3263288256.0,28.11,19.35,23.35,2.4
2006-12-01,12.56,12.88,11.81,12.42,1400918,1737278752.0,8.44,9.94,-2.05,-0.26
2006-12-08,12.4,14.13,12.21,13.14,2117622,2798907040.0,15.46,15.03,5.8,0.72
2006-12-15,13.12,14.24,12.96,13.35,1773952,2398097408.0,9.74,12.59,1.6,0.21
2006-12-22,13.35,14.14,12.91,13.01,1385895,1859563984.0,9.21,9.83,-2.55,-0.34
2006-12-29,12.94,14.68,12.9,14.47,1994582,2771064832.0,13.68,14.15,11.22,1.46
2007-01-05,14.65,15.32,13.0,13.06,1229400,1731733888.0,16.03,8.72,-9.74,-1.41
2007-01-12,13.05,15.52,13.02,15.52,2563652,3690308352.0,19.14,18.19,18.84,2.46
2007-01-19,15.5,17.59,15.04,16.95,2505732,4150010944.0,16.43,17.78,9.21,1.43
2007-01-26,17.11,18.5,17.11,18.27,2595188,4638368512.0,8.2,18.41,7.79,1.32
2007-02-02,18.9,20.98,17.54,17.54,2357425,4504263872.0,18.83,16.73,-4.0,-0.73
2007-02-09,17.3,19.32,16.66,18.39,1697359,3074805440.0,15.17,12.04,4.85,0.85
2007-02-16,18.36,21.4,18.36,20.8,1375010,2783793248.0,16.53,9.76,13.1,2.41
2007-03-02,20.4,20.79,17.55,18.19,1316299,2480881792.0,15.58,9.34,-12.55,-2.61
2007-03-09,18.05,19.45,17.28,18.96,1284288,2359160768.0,11.93,9.11,4.23,0.77
2007-03-16,18.95,19.0,17.8,18.05,806449,1473814224.0,6.33,5.72,-4.8,-0.91
2007-03-23,17.77,20.88,17.6,19.38,1792430,3517716832.0,18.17,12.72,7.37,1.33
2007-03-30,19.0,20.02,18.04,18.88,1738769,3322900320.0,10.22,12.34,-2.58,-0.5
2007-04-06,18.98,20.2,18.95,19.57,1525621,2995727584.0,6.62,10.82,3.65,0.69
2007-04-13,19.57,23.47,19.4,23.47,1990703,4271414432.0,20.8,14.12,19.93,3.9
2007-04-20,23.98,24.47,21.38,22.6,1510253,3453117024.0,13.17,10.72,-3.71,-0.87
2007-04-26,22.67,25.95,22.3,25.95,1651676,4031169344.0,16.15,11.72,14.82,3.35
2007-05-11,26.2,28.26,25.89,27.85,1289848,3507310592.0,9.13,9.15,7.32,1.9
2007-05-25,29.24,29.24,29.19,29.24,479684,1402575360.0,0.18,3.4,4.99,1.39
2007-05-31,30.48,30.48,26.3,28.69,2457653,6972999808.0,14.3,17.44,-1.88,-0.55
2007-06-22,33.0,35.8,30.66,35.4,2774153,9229396992.0,17.92,17.9,23.39,6.71
2007-06-29,36.01,36.58,27.22,27.52,2428723,7798933504.0,26.44,15.67,-22.26,-7.88
2007-07-06,26.81,28.15,25.14,27.01,1632556,4360833728.0,10.94,10.53,-1.85,-0.51
2007-07-13,27.3,29.35,27.0,28.35,949661,2698100448.0,8.7,6.13,4.96,1.34
2007-07-19,28.2,31.29,26.53,30.48,1372625,4046000736.0,16.79,8.85,7.51,2.13
2007-07-27,33.4,35.5,31.76,33.85,1830688,6201912384.0,12.27,11.81,11.06,3.37
2007-08-03,33.7,39.55,33.6,39.11,1789375,6525987776.0,17.58,11.54,15.54,5.26
2007-08-10,38.99,40.5,38.0,39.0,1169737,4594168064.0,6.39,7.55,-0.28,-0.11
2007-08-17,38.5,40.0,34.38,34.88,1661910,6179326592.0,14.41,10.72,-10.56,-4.12
2007-08-24,36.0,40.02,36.0,39.6,1671753,6438213376.0,11.53,10.78,13.53,4.72
2007-08-31,39.58,40.86,36.58,38.0,1276303,4844300416.0,10.81,8.23,-4.04,-1.6
2007-09-07,38.1,38.58,36.04,37.1,991735,3706498560.0,6.68,6.4,-2.37,-0.9
2007-09-14,36.55,37.89,34.57,36.38,810814,2953699936.0,8.95,5.23,-1.94,-0.72
2007-09-21,37.35,37.35,34.98,36.16,819264,2953475680.0,6.51,5.28,-0.6,-0.22
2007-09-28,36.15,40.3,35.68,39.98,1272105,4926038464.0,12.78,8.21,10.56,3.82
2007-10-12,41.5,42.62,38.1,39.41,975810,3994845952.0,11.31,6.29,-1.43,-0.57
2007-10-19,40.0,43.26,38.7,39.81,980185,4002328032.0,11.57,6.32,1.01,0.4
2007-10-26,39.6,45.13,38.5,44.58,1114843,4689412608.0,16.65,7.19,11.98,4.77
2007-11-02,44.93,48.98,44.2,45.49,1244601,5775790784.0,10.72,8.03,2.04,0.91
2007-11-09,45.0,46.19,41.8,42.3,604179,2641412736.0,9.65,3.9,-7.01,-3.19
2007-11-16,41.53,42.9,38.35,38.6,881783,3564116576.0,10.76,5.69,-8.75,-3.7
2007-11-23,38.9,39.35,35.8,36.99,762371,2865978656.0,9.2,4.92,-4.17,-1.61
2007-11-30,37.58,37.77,33.6,36.08,917674,3292210080.0,11.27,5.92,-2.46,-0.91
2007-12-07,37.59,40.07,37.0,39.8,985041,3838801920.0,8.51,6.35,10.31,3.72
2007-12-14,38.78,40.09,36.01,37.3,1300357,4918845888.0,10.25,8.39,-6.28,-2.5
2007-12-21,36.99,37.3,34.96,36.75,748841,2724439552.0,6.27,4.83,-1.47,-0.55
2007-12-28,37.01,39.26,36.85,38.6,1218243,4653696768.0,6.56,7.15,5.03,1.85
2008-01-04,38.5,38.74,36.51,38.37,674877,2549049856.0,5.78,3.96,-0.6,-0.23
2008-01-11,38.18,44.5,38.0,44.08,1610689,6624377536.0,16.94,9.46,14.88,5.71
2008-01-18,44.15,44.2,38.92,40.9,1043190,4328657344.0,11.98,6.12,-7.21,-3.18
2008-01-25,40.5,40.8,34.91,38.09,1053981,3945707712.0,14.4,6.0,-6.87,-2.81
2008-02-01,37.51,37.6,32.81,34.55,726885,2536700736.0,12.58,4.14,-9.29,-3.54
2008-02-05,35.89,38.3,35.88,37.3,349597,1311601984.0,7.0,1.99,7.96,2.75
2008-02-15,36.5,37.35,35.32,36.06,158779,577822672.0,5.44,0.9,-3.32,-1.24
2008-02-22,36.65,37.38,31.7,32.24,1083626,3748253088.0,15.75,6.17,-10.59,-3.82
2008-02-29,32.03,33.43,30.58,33.15,779487,2496816096.0,8.84,4.44,2.82,0.91
2008-03-07,32.9,33.56,28.3,29.7,1997516,6136093888.0,15.87,11.37,-10.41,-3.45
2008-03-14,29.38,29.4,24.68,24.91,1356566,3600126016.0,15.89,7.72,-16.13,-4.79
2008-03-21,24.75,29.39,24.48,28.33,1551827,4168198944.0,19.71,8.83,13.73,3.42
2008-03-28,28.47,29.53,25.71,29.04,1325561,3692665536.0,13.48,7.55,2.51,0.71
2008-04-03,27.95,29.96,27.0,29.26,1188283,3404018944.0,10.19,6.76,0.76,0.22
2008-04-11,28.97,30.35,27.05,28.5,1023610,2952365760.0,11.28,5.83,-2.6,-0.76
2008-04-18,27.8,28.0,22.01,22.86,950637,2344378176.0,21.02,5.41,-19.79,-5.64
2008-04-25,24.8,28.94,21.5,27.95,1653300,4251503808.0,32.55,9.41,22.27,5.09
2008-04-30,27.41,29.98,27.1,29.62,660279,1882722496.0,10.3,3.76,5.97,1.67
2008-05-09,29.8,30.15,25.78,26.09,1232771,3424976384.0,14.75,7.02,-11.92,-3.53
2008-05-16,25.6,28.48,25.1,27.75,951550,2564771936.0,12.96,5.42,6.36,1.66
2008-05-23,27.5,28.38,25.08,25.5,687835,1825499456.0,11.89,3.92,-8.11,-2.25
2008-05-30,25.0,26.4,24.19,25.23,476136,1204036432.0,8.67,2.71,-1.06,-0.27
2008-06-06,25.23,26.1,24.6,24.75,478741,1209786752.0,5.95,2.73,-1.9,-0.48
2008-06-13,23.3,23.3,20.65,21.18,508132,1108375712.0,10.71,2.89,-14.42,-3.57
2008-06-20,21.25,22.28,19.9,21.0,748855,1603627984.0,11.24,4.26,-0.85,-0.18
2008-06-27,21.18,22.3,19.44,19.44,1356148,2848225376.0,13.62,6.33,-7.43,-1.56
2008-07-04,19.03,19.7,17.77,19.03,826324,1563792608.0,9.93,3.86,-2.11,-0.41
2008-07-11,19.15,21.96,19.11,20.9,783310,1629721616.0,14.98,3.66,9.83,1.87
2008-07-18,20.4,21.35,18.22,19.39,658555,1285843392.0,14.98,3.07,-7.22,-1.51
2008-07-25,19.11,21.42,19.01,21.08,709868,1448417272.0,12.43,3.31,8.72,1.69
2008-08-01,21.34,22.3,20.6,21.88,730078,1574059968.0,8.06,3.41,3.8,0.8
2008-08-08,21.58,22.11,19.95,20.0,545446,1156977200.0,9.87,2.55,-8.59,-1.88
2008-08-15,20.0,20.68,18.68,19.6,351949,684740816.0,10.0,1.64,-2.0,-0.4
2008-08-22,19.61,21.08,18.7,19.9,444844,891520496.0,12.14,2.08,1.53,0.3
2008-08-29,20.03,20.59,19.59,20.2,454156,915460928.0,5.03,2.12,1.51,0.3
2008-09-05,20.1,20.1,17.66,18.24,465856,864096528.0,12.08,2.17,-9.7,-1.96
2008-09-12,18.6,18.6,15.88,15.99,345314,589398056.0,14.91,1.61,-12.34,-2.25
2008-09-19,15.7,15.7,12.4,14.63,978484,1335658496.0,20.64,4.57,-8.51,-1.36
2008-09-26,16.08,16.09,14.37,14.99,1504099,2320711712.0,11.76,7.02,2.46,0.36
2008-10-10,14.78,14.78,11.98,12.05,1105519,1477080736.0,18.68,5.16,-19.61,-2.94
2008-10-17,12.2,14.08,12.1,12.9,1462116,1915142736.0,16.43,6.83,7.05,0.85
2008-10-24,12.78,13.86,11.85,12.03,1084947,1377953408.0,15.58,5.07,-6.74,-0.87
2008-10-31,11.69,11.75,8.3,8.37,1593744,1729990816.0,28.68,5.72,-30.42,-3.66
2008-11-07,8.25,9.15,8.0,8.79,1422442,1224363968.0,13.74,5.11,5.02,0.42
2008-11-14,9.09,10.75,9.0,10.62,2783002,2747339232.0,19.91,9.99,20.82,1.83
2008-11-21,10.6,11.35,9.85,10.23,3081929,3258018368.0,14.12,11.07,-3.67,-0.39
2008-11-28,10.24,10.25,8.8,8.99,2464905,2371445632.0,14.17,8.85,-12.12,-1.24
2008-12-05,8.87,10.45,8.79,10.31,3369871,3295280480.0,18.46,12.1,14.68,1.32
2008-12-12,10.6,11.33,10.09,10.23,3748521,4040000512.0,12.03,13.46,-0.78,-0.08
2008-12-19,10.51,10.83,9.75,10.53,2654849,2723851904.0,10.56,9.53,2.93,0.3
2008-12-26,10.5,10.61,9.65,9.72,1765010,1786689440.0,9.12,6.34,-7.69,-0.81
2008-12-31,9.6,9.63,9.2,9.46,837386,790943536.0,4.42,3.01,-2.67,-0.26
2009-01-09,9.57,10.43,9.5,9.85,2585146,2562772000.0,9.83,9.28,4.12,0.39
2009-01-16,9.78,10.94,8.88,10.62,4470897,4393912672.0,20.91,16.06,7.82,0.77
2009-01-23,10.65,12.2,10.65,11.64,3048889,3499686080.0,14.6,10.95,9.6,1.02
2009-02-06,11.76,13.44,11.51,13.19,1937467,2424007968.0,16.58,6.96,13.32,1.55
2009-02-13,13.45,14.27,12.89,13.61,2903099,3915285888.0,10.46,10.43,3.18,0.42
2009-02-20,13.68,15.07,13.0,13.63,3439804,4822164224.0,15.21,12.35,0.15,0.02
2009-02-26,13.48,15.98,13.41,13.8,2999130,4342678912.0,18.86,10.77,1.25,0.17
2009-03-06,13.2,15.75,12.98,14.99,2934942,4250909824.0,20.07,10.54,8.62,1.19
2009-03-13,15.29,15.68,14.32,14.82,1880454,2819470592.0,9.07,6.75,-1.13,-0.17
2009-03-20,14.7,16.08,14.48,15.33,2821419,4376350464.0,10.8,10.13,3.44,0.51
2009-03-27,15.11,16.65,15.11,16.37,3146919,5009027776.0,10.05,11.3,6.78,1.04
2009-04-03,16.4,17.24,15.54,16.75,2306014,3783667616.0,10.38,8.28,2.32,0.38
2009-04-10,16.75,17.2,16.01,16.61,1412611,2328255296.0,7.1,5.07,-0.84,-0.14
2009-04-17,16.68,16.85,15.85,15.88,1844244,3006079712.0,6.02,6.62,-4.39,-0.73
2009-04-24,15.85,16.18,15.0,15.33,1586060,2488192704.0,7.43,5.7,-3.46,-0.55
2009-04-30,15.15,16.93,15.01,16.32,1511928,2413845248.0,12.52,5.43,6.46,0.99
2009-05-08,16.43,18.28,16.26,18.18,2359159,4103096288.0,12.38,8.47,11.4,1.86
2009-05-15,18.2,19.2,17.25,17.5,1575596,2839381776.0,10.73,5.66,-3.74,-0.68
2009-05-22,17.82,18.18,16.68,17.1,920817,1605381376.0,8.57,3.31,-2.29,-0.4
2009-05-27,16.85,17.85,16.6,17.84,818375,1419278112.0,7.31,2.94,4.33,0.74
2009-06-05,18.09,20.88,17.96,20.0,2347078,4579234752.0,16.37,8.43,12.11,2.16
2009-06-19,22.0,22.84,21.0,22.07,5299216,11636088704.0,9.2,19.03,10.35,2.07
2009-06-26,22.1,22.64,21.09,21.6,2669631,5809458944.0,7.02,9.13,-2.13,-0.47
2009-07-03,22.0,23.71,21.56,23.6,2076435,4733734144.0,9.95,7.1,9.26,2.0
2009-07-10,23.61,24.53,22.06,22.78,1859189,4269940992.0,10.47,6.36,-3.47,-0.82
2009-07-17,22.65,23.86,22.13,23.47,1679690,3876523584.0,7.59,5.74,3.03,0.69
2009-07-24,23.47,23.99,22.5,22.7,2256545,5211512960.0,6.35,7.72,-3.28,-0.77
2009-07-30,22.82,26.18,22.77,26.18,4221920,10415002240.0,15.02,14.44,15.33,3.48
2009-08-07,25.85,25.87,23.45,23.53,2958279,7357559552.0,9.24,10.12,-10.12,-2.65
2009-08-14,23.88,24.09,22.09,22.7,1762812,4045391488.0,8.5,6.03,-3.53,-0.83
2009-08-21,22.29,23.1,20.45,22.07,1826894,3963667200.0,11.67,6.25,-2.78,-0.63
2009-08-28,22.21,22.4,19.08,19.16,1870657,3829094336.0,15.04,6.4,-13.19,-2.91
2009-09-04,18.94,21.16,18.04,20.73,1822751,3577301632.0,16.28,6.23,8.19,1.57
2009-09-11,20.85,21.98,20.48,21.8,1499897,3146928736.0,7.24,5.13,5.16,1.07
2009-09-18,21.8,22.2,20.1,20.5,1547918,3305124896.0,9.63,5.29,-5.96,-1.3
2009-09-25,20.24,20.75,19.33,20.15,1709834,3411945984.0,6.93,5.85,-1.71,-0.35
2009-09-30,20.15,20.32,19.3,20.01,516343,1024361824.0,5.06,1.77,-0.69,-0.14
2009-10-09,20.5,21.2,20.22,21.05,257463,535696800.0,4.9,0.88,5.2,1.04
2009-10-16,21.2,21.87,20.75,21.31,1099320,2342054528.0,5.32,3.76,1.24,0.26
2009-10-23,21.34,23.06,21.0,22.81,1410327,3151145248.0,9.67,4.82,7.04,1.5
2009-10-30,22.98,23.11,21.43,22.48,1185141,2649234016.0,7.37,4.05,-1.45,-0.33
2009-11-06,21.9,26.15,21.8,25.1,2393307,5942386432.0,19.35,8.18,11.65,2.62
2009-11-13,24.91,26.01,24.28,25.4,1461665,3696261856.0,6.89,5.0,1.2,0.3
2009-11-20,25.56,26.73,25.43,25.61,1325287,3443715328.0,5.12,4.53,0.83,0.21
2009-11-27,25.62,26.17,23.09,23.33,1746292,4316782528.0,12.03,5.97,-8.9,-2.28
2009-12-04,23.62,25.35,23.3,25.3,2286984,5554164928.0,8.79,7.82,8.44,1.97
2009-12-11,25.07,25.79,24.4,24.99,1302748,3259719040.0,5.49,4.46,-1.23,-0.31
2009-12-18,24.76,25.8,23.92,23.93,1188178,2957166688.0,7.52,4.06,-4.24,-1.06
2009-12-24,23.85,24.14,22.28,23.28,827399,1901367008.0,7.77,2.83,-2.72,-0.65
2009-12-31,23.4,24.69,23.0,24.37,821531,1972365952.0,7.26,2.81,4.68,1.09
2010-01-08,24.52,24.58,22.35,22.6,1854446,4273013888.0,9.15,6.34,-7.26,-1.77
2010-01-15,23.5,23.68,20.6,21.43,3030384,6546251904.0,13.63,10.36,-5.18,-1.17
2010-01-22,21.43,23.45,21.21,23.08,3005518,6676355328.0,10.45,10.28,7.7,1.65
2010-01-29,22.6,23.1,21.11,21.7,1605240,3552094624.0,8.62,5.49,-5.98,-1.38
2010-02-05,21.71,22.58,21.0,22.0,1698440,3714217408.0,7.28,5.81,1.38,0.3
2010-02-12,21.88,22.6,21.45,22.45,1035921,2285768416.0,5.23,3.54,2.05,0.45
2010-02-26,22.31,22.62,21.22,22.45,1433141,3158646080.0,6.24,4.9,0.0,0.0
2010-03-05,22.89,23.96,22.8,23.27,1636921,3813248192.0,5.17,5.6,3.65,0.82
2010-03-12,23.32,24.27,22.88,22.92,1570764,3716385888.0,5.97,5.37,-1.5,-0.35
2010-03-19,22.88,23.5,22.2,23.04,973566,2219053440.0,5.67,3.33,0.52,0.12
2010-03-26,22.93,23.42,22.17,22.81,955124,2184428512.0,5.43,3.27,-1.0,-0.23
2010-04-02,22.96,23.86,22.79,23.43,1503815,3520573280.0,4.69,5.14,2.72,0.62
2010-04-09,23.56,23.86,22.32,22.66,1223728,2795690048.0,6.57,4.18,-3.29,-0.77
2010-04-16,22.72,22.76,21.94,22.01,1919296,4259306432.0,3.62,6.56,-2.87,-0.65
2010-04-23,21.55,21.58,19.31,20.16,2643852,5300488640.0,10.31,9.04,-8.41,-1.85
2010-04-30,20.0,20.63,19.55,20.56,1698745,3420297984.0,5.36,5.81,1.98,0.4
2010-05-07,20.1,20.3,17.95,18.26,2035546,3906510528.0,11.43,6.96,-11.19,-2.3
2010-05-14,18.35,18.92,17.16,18.35,2302330,4196605344.0,9.64,7.87,0.49,0.09
2010-05-21,18.0,18.17,17.02,17.82,1383949,2446381952.0,6.27,4.73,-2.89,-0.53
2010-05-28,17.92,18.6,17.46,18.08,1267614,2291252384.0,6.4,4.34,1.46,0.26
2010-06-04,17.9,18.2,16.92,17.3,1162102,2024431328.0,7.08,3.97,-4.31,-0.78
2010-06-11,17.1,17.79,16.5,17.15,1402191,2406541568.0,7.46,4.8,-0.87,-0.15
2010-06-18,17.19,17.75,17.15,17.32,448493,785248768.0,3.5,1.53,0.99,0.17
2010-06-25,17.31,18.82,17.31,18.11,1792643,3279251680.0,8.72,6.13,4.56,0.79
2010-06-29,18.05,18.6,17.5,17.51,550831,997926688.0,6.07,1.77,-3.31,-0.6
2010-09-03,19.0,19.0,17.67,17.76,2258671,4095582336.0,7.6,7.27,1.43,0.25
2010-09-10,17.86,18.39,17.0,17.2,2213705,3932815776.0,7.83,7.13,-3.15,-0.56
2010-09-17,17.21,17.4,16.55,16.65,1567828,2664907968.0,4.94,5.05,-3.2,-0.55
2010-09-21,16.67,16.94,16.51,16.61,331679,553760928.0,2.58,1.07,-0.24,-0.04
2010-09-29,16.64,16.75,16.11,16.22,648334,1064531296.0,3.85,2.09,-2.35,-0.39
2010-10-08,16.7,17.34,16.5,17.22,536716,914838848.0,5.18,1.73,6.17,1.0
2010-10-15,17.32,19.38,17.32,19.15,4350273,8045224768.0,11.96,14.01,11.21,1.93
2010-10-22,19.4,20.06,18.33,18.52,3487750,6711426816.0,9.03,11.23,-3.29,-0.63
2010-10-29,18.55,19.25,18.26,18.41,2028846,3793802496.0,5.35,6.53,-0.59,-0.11
2010-11-05,18.49,19.31,18.35,18.93,3259303,6129805184.0,5.21,10.5,2.82,0.52
2010-11-12,18.97,19.39,17.13,17.19,3059269,5642830848.0,11.94,9.85,-9.19,-1.74
2010-11-19,17.25,17.32,16.51,17.01,2092214,3550965184.0,4.71,6.74,-1.05,-0.18
2010-11-26,16.8,17.12,16.25,16.69,1621222,2705204160.0,5.11,5.22,-1.88,-0.32
2010-12-03,16.59,16.88,16.18,16.57,997240,1647601200.0,4.19,3.21,-0.72,-0.12
2010-12-10,16.6,16.88,16.1,16.34,1028990,1695934592.0,4.71,3.31,-1.39,-0.23
2010-12-17,16.35,16.8,16.26,16.35,1193175,1970285024.0,3.3,3.84,0.06,0.01
2010-12-24,16.39,16.65,15.99,16.44,1076222,1759724320.0,4.04,3.47,0.55,0.09
2010-12-31,16.62,16.73,15.51,15.79,1230215,1961348416.0,7.42,3.96,-3.95,-0.65
2011-01-07,15.82,16.78,15.65,16.41,1573317,2543660992.0,7.16,5.07,3.93,0.62
2011-01-14,16.23,16.55,15.88,15.99,1248932,2023197920.0,4.08,4.02,-2.56,-0.42
2011-01-21,15.81,15.93,14.86,15.15,1107221,1698417984.0,6.69,3.57,-5.25,-0.84
2011-01-28,15.15,15.4,14.95,15.2,834018,1265773408.0,2.97,2.69,0.33,0.05
2011-02-01,15.2,15.49,15.09,15.44,291943,447426144.0,2.63,0.94,1.58,0.24
2011-02-11,15.35,15.59,15.2,15.5,529158,814267904.0,2.53,1.7,0.39,0.06
2011-02-18,15.49,16.17,15.48,15.98,1404574,2233308800.0,4.45,4.52,3.1,0.48
2011-02-25,15.8,16.17,15.4,15.89,1729508,2717039648.0,4.82,5.57,-0.56,-0.09
2011-03-04,15.81,16.77,15.63,16.68,2764405,4498077344.0,7.17,8.9,4.97,0.79
2011-03-11,16.78,16.97,16.03,16.05,1681747,2790408096.0,5.64,5.42,-3.78,-0.63
2011-03-18,16.0,16.19,15.68,15.83,1096962,1743238080.0,3.18,3.53,-1.37,-0.22
2011-03-25,15.8,16.34,15.65,16.26,1159889,1858923680.0,4.36,3.74,2.72,0.43
2011-04-01,16.37,16.75,16.01,16.57,1662204,2732560896.0,4.55,5.35,1.91,0.31
2011-04-08,16.6,17.37,16.6,17.17,1662173,2834788128.0,4.65,5.35,3.62,0.6
2011-04-15,17.18,18.77,16.89,18.73,3393896,6070718912.0,10.95,10.93,9.09,1.56
2011-04-22,18.67,18.88,17.73,17.86,2219914,4076435648.0,6.14,7.15,-4.64,-0.87
2011-04-29,17.88,19.0,17.7,18.2,2430237,4470631552.0,7.28,7.83,1.9,0.34
2011-05-06,18.15,18.36,17.46,17.54,1102035,1974606848.0,4.95,3.55,-3.63,-0.66
2011-05-13,17.5,17.72,17.0,17.67,367984,638079680.0,4.1,1.18,0.74,0.13
2011-05-20,17.46,18.59,17.14,18.34,1287467,2310740736.0,8.21,4.15,3.79,0.67
2011-05-27,18.27,18.34,17.6,17.6,1153779,2066306976.0,4.03,3.72,-4.03,-0.74
2011-06-03,17.47,17.74,16.49,16.71,1119682,1915781472.0,7.1,3.61,-5.06,-0.89
2011-06-10,16.55,16.92,16.4,16.53,572641,952182000.0,3.11,1.84,-1.08,-0.18
2011-06-17,16.39,16.82,15.85,15.89,975665,1589284000.0,5.87,3.14,-3.87,-0.64
2011-06-24,15.9,17.19,15.75,16.99,957258,1576050288.0,9.06,3.08,6.92,1.1
2011-07-01,16.98,17.53,16.58,16.93,1271073,2161503680.0,5.59,4.09,-0.35,-0.06
2011-07-08,16.99,17.8,16.97,17.52,1382744,2404494208.0,4.9,4.45,3.48,0.59
2011-07-15,17.39,18.2,16.94,17.99,1351388,2367080064.0,7.19,4.35,2.68,0.47
2011-07-22,18.0,18.13,17.15,17.21,874809,1534901504.0,5.45,2.82,-4.34,-0.78
2011-07-29,17.1,17.75,16.7,17.34,1021705,1747939424.0,6.1,3.29,0.76,0.13
2011-08-05,17.2,17.52,16.29,16.3,907041,1530019440.0,7.09,2.92,-6.0,-1.04
2011-08-12,16.22,16.7,15.55,16.64,1074626,1738141472.0,7.06,3.46,2.09,0.34
2011-08-19,16.65,17.33,16.29,16.6,914257,1540425872.0,6.25,2.94,-0.24,-0.04
2011-08-26,16.54,17.39,16.27,17.38,1081849,1831200272.0,6.75,3.48,4.7,0.78
2011-09-01,17.0,17.12,16.55,16.93,916964,1540359504.0,3.28,2.95,-2.59,-0.45
2011-09-09,16.6,16.87,16.3,16.48,589260,973315936.0,3.37,1.9,-2.66,-0.45
2011-09-16,16.2,17.1,16.16,17.0,790609,1319540096.0,5.7,2.55,3.16,0.52
2011-09-23,16.81,17.2,16.33,16.62,675070,1131223616.0,5.12,2.17,-2.24,-0.38
2011-09-30,16.43,16.76,15.84,16.04,687657,1110005104.0,5.54,2.21,-3.49,-0.58
2011-10-14,15.95,16.43,15.45,16.36,930795,1487649360.0,6.11,3.0,2.0,0.32
2011-10-21,16.48,16.71,15.7,16.03,570788,922338800.0,6.17,1.84,-2.02,-0.33
2011-10-28,16.1,17.2,15.93,17.03,1115784,1866668800.0,7.92,3.59,6.24,1.0
2011-11-04,17.03,17.19,16.62,16.98,907496,1534854112.0,3.35,2.92,-0.29,-0.05
2011-11-11,16.85,16.97,16.51,16.57,663539,1111416256.0,2.71,2.14,-2.41,-0.41
2011-11-18,16.68,16.85,15.86,15.95,849100,1385187968.0,5.97,2.73,-3.74,-0.62
2011-11-25,15.97,16.14,15.59,15.79,664426,1054354976.0,3.45,2.14,-1.0,-0.16
2011-12-02,15.82,16.27,15.48,15.95,1039976,1653796976.0,5.0,3.35,1.01,0.16
2011-12-09,15.94,16.15,15.7,15.85,536030,855807888.0,2.82,1.73,-0.63,-0.1
2011-12-16,15.86,15.96,14.93,15.28,711381,1103166624.0,6.5,2.29,-3.6,-0.57
2011-12-23,15.17,15.62,15.02,15.42,578662,890643680.0,3.93,1.86,0.92,0.14
2011-12-30,15.4,15.61,15.1,15.59,715833,1101948832.0,3.31,2.31,1.1,0.17
2012-01-06,15.59,15.59,15.13,15.35,525142,807587984.0,2.95,1.69,-1.54,-0.24
2012-01-09,15.36,15.81,15.25,15.78,221139,345938688.0,3.65,0.71,2.8,0.43
2012-01-20,16.73,16.94,16.32,16.78,586676,972826816.0,3.93,1.89,6.34,1.0
2012-02-03,16.81,17.04,16.43,16.99,1165999,1952964896.0,3.64,3.75,1.25,0.21
2012-02-10,17.0,17.02,16.54,16.91,634285,1067671104.0,2.83,2.04,-0.47,-0.08
2012-02-17,16.79,16.81,16.36,16.45,949301,1574064032.0,2.66,3.06,-2.72,-0.46
2012-02-24,16.74,16.87,16.34,16.87,1282242,2130630560.0,3.22,4.13,2.55,0.42
2012-03-02,16.9,17.5,16.76,17.48,1753378,3013697856.0,4.39,5.65,3.62,0.61
2012-03-09,17.53,17.78,16.66,16.87,1702481,2902125312.0,6.41,5.48,-3.49,-0.61
2012-03-16,16.88,17.04,16.16,16.4,1374058,2286914944.0,5.22,4.42,-2.79,-0.47
2012-03-23,16.34,16.4,15.96,16.01,819313,1323146560.0,2.68,2.64,-2.38,-0.39
2012-03-30,16.02,16.16,15.46,15.71,693331,1098524096.0,4.37,2.23,-1.87,-0.3
2012-04-06,15.71,16.01,15.45,15.99,377669,594117280.0,3.56,1.22,1.78,0.28
2012-04-13,15.9,16.61,15.58,16.3,1008864,1620350560.0,6.44,3.25,1.94,0.31
2012-04-20,16.19,16.6,15.98,16.58,807692,1316331184.0,3.8,2.6,1.72,0.28
2012-04-27,16.54,17.12,16.35,16.56,1334376,2226653056.0,4.64,4.3,-0.12,-0.02
2012-05-04,16.72,16.94,16.57,16.71,562955,941872432.0,2.23,1.81,0.91,0.15
2012-05-11,16.61,16.74,16.01,16.02,936486,1531004544.0,4.37,3.02,-4.13,-0.69
2012-05-18,16.14,16.16,15.66,15.72,782973,1244726992.0,3.12,2.52,-1.87,-0.3
2012-05-25,15.72,15.99,15.6,15.62,492297,776689104.0,2.48,1.59,-0.64,-0.1
2012-06-01,15.62,15.96,15.52,15.78,952741,1500608112.0,2.82,3.07,1.02,0.16
2012-06-08,15.61,15.64,14.77,14.81,1135641,1728155376.0,5.51,3.66,-6.15,-0.97
2012-06-15,14.85,15.35,14.45,15.16,1377211,2039592704.0,6.08,4.43,2.36,0.35
2012-06-21,15.14,15.5,14.86,14.9,637198,967068880.0,4.22,2.05,-1.72,-0.26
2012-06-29,14.88,15.23,14.7,15.16,666460,996660456.0,3.56,2.15,1.74,0.26
2012-07-06,15.23,15.48,14.75,15.14,745395,1129498064.0,4.82,2.4,-0.13,-0.02
2012-07-13,15.06,15.14,14.65,14.98,665537,988503848.0,3.24,2.14,-1.06,-0.16
2012-07-20,15.0,15.1,14.82,14.85,518814,775471200.0,1.87,1.67,-0.87,-0.13
2012-07-27,14.76,14.97,14.61,14.75,532406,786282808.0,2.42,1.71,-0.67,-0.1
2012-08-03,14.76,15.22,14.76,15.15,576892,869217696.0,3.12,1.86,2.71,0.4
2012-08-10,15.13,15.22,14.91,15.08,621929,936354480.0,2.05,2.0,-0.46,-0.07
2012-08-17,15.1,15.3,14.86,15.06,655316,987348560.0,2.92,2.11,-0.13,-0.02
2012-08-24,14.99,15.0,14.36,14.37,730666,1071299024.0,4.25,2.35,-4.58,-0.69
2012-08-31,14.36,14.46,14.03,14.19,571844,813812576.0,2.99,1.84,-1.25,-0.18
2012-09-07,14.22,14.4,13.54,14.21,866374,1209794128.0,6.06,2.79,0.14,0.02
2012-09-14,14.2,14.23,13.86,14.05,682384,956009840.0,2.6,2.2,-1.13,-0.16
2012-09-21,14.02,14.02,12.83,12.88,760421,1012343152.0,8.47,2.45,-8.33,-1.17
2012-09-28,12.82,13.26,12.59,13.13,715016,921426160.0,5.2,2.3,1.94,0.25
2012-10-12,13.14,13.43,12.9,13.29,568168,751227488.0,4.04,1.83,1.22,0.16
2012-10-19,13.3,13.56,13.05,13.43,597238,795769256.0,3.84,1.92,1.05,0.14
2012-10-26,13.38,13.51,12.9,12.93,635608,843824136.0,4.54,2.05,-3.72,-0.5
2012-11-02,12.9,13.57,12.87,13.53,649029,857604368.0,5.41,2.09,4.64,0.6
2012-11-09,13.54,13.71,13.33,13.42,512002,691611864.0,2.81,1.65,-0.81,-0.11
2012-11-16,13.39,13.63,12.92,13.1,544627,726088640.0,5.29,1.75,-2.38,-0.32
2012-11-23,13.02,13.33,12.92,13.26,414961,544102340.0,3.13,1.34,1.22,0.16
2012-11-30,13.24,13.25,12.7,12.8,519881,673630472.0,4.15,1.67,-3.47,-0.46
2012-12-07,12.81,14.03,12.48,14.02,1477599,1976572706.0,12.11,4.76,9.53,1.22
2012-12-14,14.15,15.2,13.87,15.18,1933681,2787151024.0,9.49,6.23,8.27,1.16
2012-12-21,15.2,15.47,14.78,14.87,1709733,2590302432.0,4.55,5.51,-2.04,-0.31
2012-12-28,14.84,15.78,14.8,15.6,1501654,2305009984.0,6.59,4.84,4.91,0.73
2013-01-04,15.71,16.45,15.65,15.99,822536,1322754880.0,5.13,2.65,2.5,0.39
2013-01-11,15.98,16.37,15.45,15.54,1412276,2259039248.0,5.75,4.55,-2.81,-0.45
2013-01-18,15.49,18.42,15.49,18.33,3947801,6895321264.0,18.85,12.71,17.95,2.79
2013-01-25,18.3,20.9,17.99,19.15,3958153,7786491648.0,15.88,12.75,4.47,0.82
2013-02-01,19.16,22.55,19.16,22.43,4070480,8554382864.0,17.7,13.11,17.13,3.28
2013-02-08,22.26,22.79,20.31,20.75,2713289,5850068432.0,11.06,8.74,-7.49,-1.68
2013-02-22,20.91,21.49,18.95,19.12,2776319,5581648528.0,12.24,8.94,-7.86,-1.63
2013-03-01,19.26,23.24,19.22,23.06,4509508,9757055104.0,21.03,14.52,20.61,3.94
2013-03-08,22.45,24.71,21.53,22.86,5224587,12136952944.0,13.79,16.82,-0.87,-0.2
2013-03-15,22.72,22.98,20.8,22.2,3772392,8308927072.0,9.54,12.15,-2.89,-0.66
2013-03-22,21.7,23.27,21.04,23.03,3711579,8279159888.0,10.05,11.95,3.74,0.83
2013-03-29,23.13,23.28,19.64,20.12,3143555,6670942640.0,15.81,10.12,-12.64,-2.91
2013-04-03,20.2,20.9,20.1,20.45,1073186,2200584096.0,3.98,3.46,1.64,0.33
2013-04-12,19.79,20.26,18.8,18.9,2413085,4704164576.0,7.14,7.77,-7.58,-1.55
2013-04-19,18.94,20.6,18.05,20.24,4248777,8047971456.0,13.49,13.68,7.09,1.34
2013-04-26,20.0,20.39,18.55,18.7,3012549,5839954848.0,9.09,9.7,-7.61,-1.54
2013-05-03,18.6,20.21,18.4,19.73,957699,1864689696.0,9.68,3.08,5.51,1.03
2013-05-10,19.84,20.87,19.68,20.19,2763364,5587635984.0,6.03,8.9,2.33,0.46
2013-05-17,20.11,20.53,19.05,20.39,2473046,4903277952.0,7.33,7.96,0.99,0.2
2013-05-24,20.48,21.5,20.31,20.69,2577882,5394932736.0,5.84,8.3,1.47,0.3
2013-05-31,20.59,21.7,20.24,20.99,2462065,5204822496.0,7.06,7.93,1.45,0.3
2013-06-07,20.93,21.33,19.41,19.53,1928966,3965885216.0,9.15,6.21,-6.96,-1.46
2013-06-14,19.31,19.33,18.55,19.06,709896,1343062080.0,3.99,2.29,-2.41,-0.47
2013-06-21,19.16,20.04,10.85,11.28,2585856,3798092160.0,48.22,5.2,-40.82,-7.78
2013-06-28,11.11,11.11,9.14,9.97,5663496,5576072832.0,17.46,11.4,-11.61,-1.31
2013-07-05,9.81,9.95,9.01,9.37,3831715,3631744672.0,9.43,7.71,-6.02,-0.6
2013-07-12,9.18,10.84,8.97,10.34,5706555,5666559296.0,19.96,11.49,10.35,0.97
2013-07-19,10.5,10.76,9.41,9.43,4665631,4731368112.0,13.06,9.39,-8.8,-0.91
2013-07-26,9.23,10.24,9.12,9.64,3960467,3851098544.0,11.88,7.97,2.23,0.21
2013-08-02,9.47,10.1,9.36,9.82,2967308,2888133008.0,7.68,5.97,1.87,0.18
2013-08-09,9.82,10.12,9.75,9.85,2914868,2891276400.0,3.77,5.87,0.31,0.03
2013-08-16,9.88,11.22,9.85,10.58,6834795,7191774368.0,13.91,13.76,7.41,0.73
2013-08-23,10.22,11.25,10.22,10.62,5579044,6026837392.0,9.74,11.23,0.38,0.04
2013-08-30,10.63,11.02,10.5,10.61,3083906,3315983776.0,4.9,6.21,-0.09,-0.01
2013-09-05,10.74,11.4,10.63,11.03,2893654,3195322816.0,7.26,5.82,3.96,0.42
2013-09-13,11.28,13.86,11.28,13.21,9019878,11406618848.0,23.39,18.15,19.76,2.18
2013-09-18,13.22,13.64,12.51,12.79,2991395,3886283456.0,8.55,6.02,-3.18,-0.42
2013-09-27,12.8,12.97,11.5,11.9,4508147,5478117744.0,11.49,9.07,-6.96,-0.89
2013-09-30,11.9,12.04,11.82,11.88,373602,445333344.0,1.85,0.75,-0.17,-0.02
2013-10-11,11.88,12.78,11.51,12.69,3280914,4075807552.0,10.69,6.6,6.82,0.81
2013-10-18,12.6,12.69,11.93,12.2,2319067,2842323008.0,5.99,4.67,-3.86,-0.49
2013-10-25,12.21,13.8,12.01,13.43,5580162,7163792800.0,14.67,11.23,10.08,1.23
2013-11-01,13.4,14.49,12.97,13.87,6304016,8741969968.0,11.32,12.69,3.28,0.44
2013-11-08,13.98,14.09,12.96,13.33,3848579,5142604320.0,8.15,7.75,-3.89,-0.54
2013-11-15,13.33,14.1,12.97,13.36,4461041,6029971088.0,8.48,8.0,0.23,0.03
2013-11-22,13.48,14.2,13.25,13.67,4305643,5938116480.0,7.11,7.72,2.32,0.31
2013-11-29,13.4,13.89,13.36,13.6,2740209,3731769840.0,3.88,4.91,-0.51,-0.07
2013-12-06,13.64,14.06,13.24,13.29,4005156,5439950224.0,6.03,7.18,-2.28,-0.31
2013-12-13,13.3,13.39,12.45,12.55,2495688,3224010240.0,7.07,4.48,-5.57,-0.74
2013-12-20,12.5,12.88,11.91,11.91,2193624,2748603248.0,7.73,3.93,-5.1,-0.64
2013-12-27,11.92,12.18,11.43,11.75,2470380,2899093744.0,6.3,4.43,-1.34,-0.16
2014-01-03,11.79,12.39,11.65,11.93,2303635,2767770288.0,6.3,4.13,1.53,0.18
2014-01-10,11.89,12.0,11.5,11.82,2245010,2639052416.0,4.19,4.03,-0.92,-0.11
2014-01-17,11.8,11.91,11.45,11.48,1862398,2164274384.0,3.89,3.34,-2.88,-0.34
2014-01-24,11.48,11.86,11.25,11.66,2052918,2383269040.0,5.31,3.68,1.57,0.18
2014-01-30,11.56,11.64,11.35,11.4,1436198,1648749696.0,2.49,2.58,-2.23,-0.26
2014-02-07,11.32,11.38,11.1,11.38,418757,470138336.0,2.46,0.75,-0.18,-0.02
2014-02-14,11.38,12.5,11.35,12.08,4386846,5253777680.0,10.11,7.87,6.15,0.7
2014-02-21,12.1,12.25,11.58,11.6,3439479,4084298432.0,5.55,6.17,-3.97,-0.48
2014-02-28,11.45,11.48,10.88,11.13,2625469,2930940096.0,5.17,4.71,-4.05,-0.47
2014-03-07,11.02,11.08,10.51,10.8,2504071,2714629952.0,5.12,4.49,-2.96,-0.33
2014-03-14,10.7,10.79,10.1,10.32,2587235,2692064880.0,6.39,4.64,-4.44,-0.48
2014-03-21,10.41,10.94,10.03,10.79,2874517,2987918512.0,8.82,5.16,4.55,0.47
2014-03-28,10.77,11.03,10.52,10.78,2954283,3181435328.0,4.73,5.3,-0.09,-0.01
2014-04-04,10.85,11.02,10.59,10.79,1858512,2011313152.0,3.99,3.33,0.09,0.01
2014-04-11,10.78,11.6,10.78,11.4,3263591,3679780368.0,7.6,5.85,5.65,0.61
2014-04-18,11.35,11.45,10.72,10.8,1961506,2162648928.0,6.4,3.52,-5.26,-0.6
2014-04-25,10.75,11.52,10.67,11.25,3360806,3760597120.0,7.87,6.03,4.17,0.45
2014-04-30,11.25,11.28,10.92,11.14,1199263,1330135808.0,3.2,2.15,-0.98,-0.11
2014-05-09,11.1,11.15,10.81,11.05,1614488,1771554785.0,3.05,2.9,-0.81,-0.09
2014-05-16,11.15,11.44,11.02,11.27,1948348,2197302912.0,3.8,3.49,1.99,0.22
2014-05-23,11.27,11.66,11.08,11.58,1764538,2012477646.0,5.15,3.16,2.75,0.31
2014-05-30,11.65,11.74,11.39,11.5,1708446,1974717808.0,3.02,3.06,-0.69,-0.08
2014-06-06,11.5,11.69,11.25,11.38,1034730,1181561826.0,3.83,1.86,-1.04,-0.12
2014-06-13,11.35,11.84,9.6,10.12,2975685,3194325040.0,19.68,4.45,-11.07,-1.26
2014-06-20,10.06,10.24,9.68,9.85,2813732,2808927824.0,5.53,4.21,-2.67,-0.27
2014-06-27,9.85,9.95,9.64,9.82,1697122,1661686014.0,3.15,2.54,-0.3,-0.03
2014-07-04,9.8,10.01,9.79,9.91,1807439,1788673872.0,2.24,2.7,0.92,0.09
2014-07-11,9.91,9.93,9.58,9.67,1955618,1908274272.0,3.53,2.92,-2.42,-0.24
2014-07-18,9.68,9.72,9.52,9.6,1776007,1705594736.0,2.07,2.65,-0.72,-0.07
2014-07-25,9.6,10.3,9.52,10.22,4102135,4085841368.0,8.13,6.13,6.46,0.62
2014-08-01,10.26,11.1,10.24,10.7,5372026,5801122096.0,8.41,8.03,4.7,0.48
2014-08-08,10.7,11.09,10.46,10.54,3569533,3814455408.0,5.89,5.33,-1.5,-0.16
2014-08-15,10.56,10.75,10.45,10.58,2834332,3004271584.0,2.85,4.24,0.38,0.04
2014-08-22,10.59,10.69,10.25,10.35,2856923,2991333328.0,4.16,4.27,-2.17,-0.23
2014-08-29,10.35,10.39,10.14,10.25,2326443,2378023696.0,2.42,3.48,-0.97,-0.1
2014-09-05,10.24,10.64,10.17,10.57,3268753,3414038592.0,4.59,3.32,3.12,0.32
2014-09-12,10.55,10.58,10.27,10.37,2220407,2307685952.0,2.93,2.26,-1.89,-0.2
2014-09-19,10.33,10.46,10.18,10.38,3239570,3340617072.0,2.7,3.29,0.1,0.01
2014-09-26,10.33,10.34,10.02,10.12,3143703,3196057152.0,3.08,3.2,-2.5,-0.26
2014-09-30,10.14,10.19,10.09,10.14,1089341,1103678624.0,0.99,1.11,0.2,0.02
2014-10-10,10.17,10.29,10.13,10.16,1996430,2034255088.0,1.58,2.03,0.2,0.02
2014-10-17,10.12,10.35,10.02,10.12,3717665,3776291232.0,3.25,3.78,-0.39,-0.04
2014-10-24,10.15,10.35,10.06,10.18,4063423,4144512976.0,2.87,4.13,0.59,0.06
2014-10-31,10.1,11.35,9.98,11.03,7439213,7842320528.0,13.46,7.56,8.35,0.85
2014-11-07,11.16,11.38,10.66,10.91,7401197,8128123888.0,6.53,7.52,-1.09,-0.12
2014-11-14,11.05,11.64,10.8,10.93,8234113,9199873872.0,7.7,8.37,0.18,0.02
2014-11-21,10.95,10.99,10.5,10.8,4241824,4526250736.0,4.48,4.31,-1.19,-0.13
2014-11-28,10.61,12.44,10.52,12.44,12928786,14719128176.0,17.78,13.14,15.19,1.64
2014-12-05,12.6,15.23,12.08,14.53,19817033,26377940736.0,25.32,20.15,16.8,2.09
2014-12-12,14.21,15.53,13.02,13.94,15383512,22132453920.0,17.27,15.64,-4.06,-0.59
2014-12-19,13.75,15.67,13.27,15.0,13075832,19036847328.0,17.22,13.29,7.6,1.06
2014-12-26,14.9,16.16,13.68,15.1,11709862,17439384912.0,16.53,11.9,0.67,0.1
2014-12-31,15.61,16.05,14.75,15.84,7352292,11381625680.0,8.61,7.47,4.9,0.74
2015-01-09,15.99,16.39,14.71,15.08,10643193,16617011872.0,10.61,10.82,-4.8,-0.76
2015-01-16,14.87,15.62,14.5,15.37,6431212,9659530528.0,7.43,6.54,1.92,0.29
2015-01-23,14.01,14.63,13.56,14.4,8282870,11748859456.0,6.96,8.42,-6.31,-0.97
2015-01-30,14.36,14.44,13.75,13.93,5584848,7839242352.0,4.79,5.68,-3.26,-0.47
2015-02-06,13.6,14.43,13.4,13.51,5496042,7639315376.0,7.39,5.59,-3.02,-0.42
2015-02-13,13.5,14.18,13.22,13.95,3722270,5111505504.0,7.11,3.78,3.26,0.44
2015-02-17,13.95,14.11,13.73,13.99,1401694,1954328704.0,2.72,1.42,0.29,0.04
2015-02-27,14.04,14.16,13.6,13.99,2396507,3338404544.0,4.0,2.44,0.0,0.0
2015-03-06,14.03,14.09,13.29,13.44,4278899,5847164816.0,5.72,4.35,-3.93,-0.55
2015-03-13,13.47,15.61,13.32,14.99,10963510,15859449104.0,17.04,11.15,11.53,1.55
2015-03-20,15.1,15.8,14.92,15.32,9566010,14672887552.0,5.87,9.72,2.2,0.33
2015-03-27,15.33,15.59,14.71,15.08,7468248,11367374880.0,5.74,7.59,-1.57,-0.24
2015-04-03,15.23,16.6,15.1,15.85,9799892,15502351456.0,9.95,9.96,5.11,0.77
2015-04-10,16.15,19.8,16.15,19.8,12845392,22816859136.0,23.03,13.06,24.92,3.95
2015-04-17,17.0,17.5,16.1,16.93,15774101,26338339632.0,7.07,13.36,-14.49,-2.87
2015-04-24,17.1,17.2,15.98,16.14,13398861,22213259520.0,7.21,11.35,-4.67,-0.79
2015-04-30,16.21,17.38,16.2,16.7,12265931,20492131904.0,7.31,10.39,3.47,0.56
2015-05-08,16.7,16.7,15.49,15.85,8310004,13276536256.0,7.25,7.04,-5.09,-0.85
2015-05-15,15.8,16.25,15.27,15.45,9060039,14325866928.0,6.18,7.68,-2.52,-0.4
2015-05-22,15.2,16.3,14.97,16.27,10072318,15850288800.0,8.61,8.53,5.31,0.82
2015-05-29,16.35,16.91,15.11,15.32,12611790,20522500704.0,11.06,10.68,-5.84,-0.95
2015-06-05,15.33,16.8,15.19,16.3,12576405,20113873584.0,10.51,10.65,6.4,0.98
2015-06-12,16.32,17.45,16.19,16.51,14181754,23821364800.0,7.73,12.01,1.29,0.21
2015-06-19,16.53,16.6,14.5,14.63,8888374,13909588336.0,12.72,7.53,-11.39,-1.88
2015-06-26,14.64,15.63,13.38,13.77,7971971,11737198400.0,15.38,6.75,-5.88,-0.86
2015-07-03,14.08,14.59,12.75,13.07,11576737,16008066976.0,13.36,9.81,-5.08,-0.7
2015-07-10,14.3,15.36,12.11,14.86,22181879,31026573312.0,24.87,18.79,13.7,1.79
2015-07-17,14.4,14.89,13.4,13.82,10544426,14760899136.0,10.03,8.93,-7.0,-1.04
2015-07-24,13.8,13.8,13.32,13.38,6451423,8747942848.0,3.47,5.47,-3.18,-0.44
2015-07-31,13.25,13.32,12.02,12.36,6743769,8445378544.0,9.72,5.71,-7.62,-1.02
2015-08-07,12.2,12.99,12.15,12.61,3804091,4803832496.0,6.8,3.22,2.02,0.25
2015-08-14,12.66,12.99,12.42,12.64,3998561,5085258368.0,4.52,3.39,0.24,0.03
2015-08-21,12.61,12.74,11.46,11.5,4425863,5380659616.0,10.13,3.75,-9.02,-1.14
2015-08-28,11.1,11.17,9.3,10.83,9659548,9825708672.0,16.26,8.18,-5.83,-0.67
2015-09-02,10.71,12.0,10.48,11.84,6937705,7855925440.0,14.04,5.88,9.33,1.01
2015-09-11,11.55,11.56,10.59,10.96,3866133,4283755776.0,8.19,3.28,-7.43,-0.88
2015-09-18,10.99,11.14,10.45,10.81,2807607,3033138352.0,6.3,2.38,-1.37,-0.15
2015-09-25,10.7,11.06,10.45,10.55,1955271,2106253776.0,5.64,1.66,-2.41,-0.26
2015-09-30,10.56,10.59,10.32,10.49,897351,940028651.0,2.56,0.76,-0.57,-0.06
2015-10-09,10.85,10.95,10.7,10.9,968683,1050116624.0,2.38,0.82,3.91,0.41
2015-10-16,10.96,11.38,10.91,11.23,2684346,2994759264.0,4.31,2.27,3.03,0.33
2015-10-23,11.27,11.75,11.15,11.47,4531395,5149086912.0,5.34,3.84,2.14,0.24
2015-10-30,11.6,11.81,11.25,11.36,3063799,3511123104.0,4.88,2.6,-0.96,-0.11
2015-11-06,11.27,12.57,11.01,12.39,5938330,7033672528.0,13.73,5.03,9.07,1.03
2015-11-13,12.5,13.38,12.19,12.24,5819345,7412529792.0,9.6,4.93,-1.21,-0.15
2015-11-20,12.13,12.7,12.09,12.55,3469197,4325869152.0,4.98,2.94,2.53,0.31
2015-11-27,12.55,12.6,11.53,11.73,3065889,3750070896.0,8.53,2.6,-6.53,-0.82
2015-12-04,11.72,12.75,11.5,12.12,5145018,6263005664.0,10.66,4.36,3.32,0.39
2015-12-11,12.18,12.25,11.73,11.83,2132390,2557662832.0,4.29,1.81,-2.39,-0.29
2015-12-18,11.73,12.55,11.71,12.23,3015706,3642112096.0,7.1,2.55,3.38,0.4
2015-12-25,12.14,12.78,12.11,12.41,4058327,5055818448.0,5.48,3.44,1.47,0.18
2015-12-31,12.43,12.46,11.95,11.99,2466137,2980649472.0,4.11,2.09,-3.38,-0.42
2016-01-08,12.0,12.03,10.9,11.12,2664763,3033810085.0,9.42,2.26,-7.26,-0.87
2016-01-15,11.0,11.08,10.42,10.46,2799882,3014469328.0,5.94,2.37,-5.94,-0.66
2016-01-22,10.34,10.8,10.22,10.4,2598800,2734073792.0,5.54,2.2,-0.57,-0.06
2016-01-29,10.4,10.44,9.6,10.0,2440346,2439406896.0,8.08,2.07,-3.85,-0.4
2016-02-05,9.98,10.03,9.74,9.92,1705401,1689764560.0,2.9,1.44,-0.8,-0.08
2016-02-19,9.66,10.22,9.65,10.04,2017129,2022497280.0,5.75,1.71,1.21,0.12
2016-02-26,10.13,10.31,9.6,9.79,2357945,2362704256.0,7.07,2.0,-2.49,-0.25
2016-03-04,9.79,10.5,9.42,10.4,3555759,3569277456.0,11.03,3.01,6.23,0.61
2016-03-11,10.35,10.49,9.94,10.16,2433167,2486805264.0,5.29,2.06,-2.31,-0.24
2016-03-18,10.21,10.57,10.16,10.54,3146177,3269782576.0,4.04,2.67,3.74,0.38
2016-03-25,10.55,10.94,10.5,10.59,2585670,2765884393.0,4.17,2.19,0.47,0.05
2016-04-01,10.62,10.75,10.38,10.66,2004369,2123119840.0,3.49,1.7,0.66,0.07
2016-04-08,10.62,10.81,10.5,10.57,1781842,1897288592.0,2.91,1.51,-0.84,-0.09
2016-04-15,10.6,10.97,10.6,10.88,2762616,2980638544.0,3.5,2.34,2.93,0.31
2016-04-22,10.82,10.85,10.36,10.55,2093957,2220328660.0,4.5,1.77,-3.03,-0.33
2016-04-29,10.56,10.76,10.42,10.57,1742949,1842647848.0,3.22,1.48,0.19,0.02
2016-05-06,10.58,10.75,10.52,10.52,1487600,1586396351.0,2.18,1.26,-0.47,-0.05
2016-05-13,10.5,10.53,10.25,10.35,1541212,1596929063.0,2.66,1.31,-1.62,-0.17
2016-05-20,10.32,10.37,10.17,10.3,1377281,1414736618.0,1.93,1.17,-0.48,-0.05
2016-05-27,10.33,10.34,10.17,10.27,1271392,1302476674.0,1.65,1.04,-0.29,-0.03
2016-06-03,10.25,10.57,10.2,10.5,2600590,2715258032.0,3.6,2.13,2.24,0.23
2016-06-08,10.51,10.54,10.45,10.5,835802,877537260.0,0.86,0.69,0.0,0.0
2016-06-17,10.46,10.48,8.53,8.58,1698470,1638037408.0,18.57,1.16,-18.29,-1.92
2016-06-24,8.59,8.73,8.52,8.57,1892762,1632354833.0,2.45,1.29,-0.12,-0.01
2016-07-01,8.57,8.74,8.54,8.71,1742480,1507779200.0,2.33,1.19,1.63,0.14
2016-07-08,8.69,8.86,8.67,8.74,1927440,1693022962.0,2.18,1.32,0.34,0.03
2016-07-15,8.75,9.05,8.74,8.99,2587227,2302080960.0,3.55,1.77,2.86,0.25
2016-07-22,8.99,9.08,8.92,8.94,1816460,1632231346.0,1.78,1.24,-0.56,-0.05
2016-07-29,8.93,9.24,8.91,9.2,2781254,2522170422.0,3.69,1.9,2.91,0.26
2016-08-05,9.18,9.34,8.93,9.04,3703522,3371113824.0,4.46,2.53,-1.74,-0.16
2016-08-12,9.04,9.53,9.01,9.5,3556409,3288499872.0,5.75,2.43,5.09,0.46
2016-08-19,9.55,9.8,9.43,9.51,4754675,4557566144.0,3.89,3.25,0.11,0.01
2016-08-26,9.5,9.51,9.34,9.45,3721994,3503920576.0,1.79,2.54,-0.63,-0.06
2016-09-02,9.41,9.52,9.38,9.45,2498987,2360928192.0,1.48,1.71,0.0,0.0
2016-09-09,9.46,9.46,9.36,9.38,2126698,2000033264.0,1.06,1.45,-0.74,-0.07
2016-09-14,9.29,9.32,9.05,9.06,1638994,1504954288.0,2.88,1.12,-3.41,-0.32
2016-09-23,9.05,9.19,9.03,9.15,1980105,1803311289.0,1.77,1.35,0.99,0.09
2016-09-30,9.13,9.13,9.01,9.07,1723921,1561806715.0,1.31,1.18,-0.87,-0.08
2016-10-14,9.1,9.17,9.04,9.09,2212848,2014365467.0,1.43,1.51,0.22,0.02
2016-10-21,9.08,9.13,9.03,9.13,2462338,2234181456.0,1.1,1.68,0.44,0.04
2016-10-28,9.13,9.3,9.12,9.17,2723020,2503871568.0,1.97,1.86,0.44,0.04
2016-11-04,9.15,9.17,9.05,9.11,2777587,2531647088.0,1.31,1.9,-0.65,-0.06
2016-11-11,9.1,9.18,9.01,9.18,3470820,3165125472.0,1.87,2.37,0.77,0.07
2016-11-18,9.16,9.25,9.16,9.18,2968185,2731981376.0,0.98,2.03,0.0,0.0
2016-11-25,9.18,9.62,9.17,9.62,5576793,5250058448.0,4.9,3.81,4.79,0.44
2016-12-02,9.69,9.78,9.44,9.55,4669122,4490431536.0,3.53,3.19,-0.73,-0.07
2016-12-09,9.5,9.75,9.41,9.65,4046325,3859729584.0,3.56,2.77,1.05,0.1
2016-12-16,9.65,9.77,9.21,9.25,3724778,3513897296.0,5.8,2.55,-4.15,-0.4
2016-12-23,9.22,9.23,9.07,9.08,2224823,2031906656.0,1.73,1.52,-1.84,-0.17
2016-12-30,9.06,9.13,9.02,9.1,1548321,1405687377.0,1.21,1.06,0.22,0.02
2017-01-06,9.11,9.18,9.09,9.13,1611697,1475044752.0,0.99,1.1,0.33,0.03
2017-01-13,9.13,9.19,9.11,9.16,1767875,1617594251.0,0.88,1.04,0.33,0.03
2017-01-20,9.15,9.24,9.07,9.22,2634029,2411942896.0,1.86,1.56,0.66,0.06
2017-01-26,9.22,9.34,9.2,9.33,1615658,1496627376.0,1.52,0.95,1.19,0.11
2017-02-03,9.34,9.36,9.23,9.26,315472,292617936.0,1.39,0.19,-0.75,-0.07
2017-02-10,9.26,9.36,9.24,9.33,2099542,1953074384.0,1.3,1.24,0.76,0.07
2017-02-17,9.34,9.54,9.33,9.39,2592319,2445827120.0,2.25,1.53,0.64,0.06
2017-02-24,9.4,9.62,9.4,9.5,2676134,2551314832.0,2.34,1.58,1.17,0.11
2017-03-03,9.5,9.55,9.36,9.4,1870338,1769654304.0,2.0,1.11,-1.05,-0.1
2017-03-10,9.4,9.46,9.36,9.4,1711975,1610338590.0,1.06,1.01,0.0,0.0
2017-03-17,9.39,9.53,9.3,9.31,3715951,3496873344.0,2.45,2.2,-0.96,-0.09
2017-03-24,9.29,9.31,9.14,9.19,2980210,2745652752.0,1.83,1.76,-1.29,-0.12
2017-03-31,9.12,9.19,9.06,9.17,3387932,3090135536.0,1.41,2.0,-0.22,-0.02
2017-04-07,9.16,9.22,9.15,9.2,1448386,1331053216.0,0.76,0.86,0.33,0.03
2017-04-14,9.2,9.21,9.06,9.08,2317061,2116674672.0,1.63,1.37,-1.3,-0.12
2017-04-21,9.08,9.11,8.89,8.97,2429976,2183446656.0,2.42,1.44,-1.21,-0.11
2017-04-28,8.97,9.01,8.89,8.99,1828915,1637766330.0,1.34,1.08,0.22,0.02
2017-05-05,8.96,8.96,8.58,8.63,1911555,1680651949.0,4.23,1.13,-4.0,-0.36
2017-05-12,8.6,8.9,8.54,8.9,2778974,2417795296.0,4.17,1.64,3.13,0.27
2017-05-19,8.89,8.95,8.68,8.69,2000461,1758636942.0,3.03,1.18,-2.36,-0.21
2017-05-26,8.68,9.14,8.61,9.1,4528446,4033381328.0,6.1,2.68,4.72,0.41
2017-06-02,9.1,9.29,9.06,9.17,2370151,2178406064.0,2.53,1.4,0.77,0.07
2017-06-09,9.13,9.22,8.99,9.15,2703670,2458481440.0,2.51,1.6,-0.22,-0.02
2017-06-16,9.15,9.19,9.01,9.02,1952246,1774136013.0,1.97,1.15,-1.42,-0.13
2017-06-23,9.03,9.4,9.02,9.25,3311215,3050057680.0,4.21,1.96,2.55,0.23
2017-06-30,9.26,9.49,9.26,9.39,3414020,3203176896.0,2.49,2.02,1.51,0.14
2017-07-07,9.4,9.48,9.27,9.47,2943713,2758808512.0,2.24,1.74,0.85,0.08
2017-07-14,9.45,10.94,9.44,10.9,12888851,13303375280.0,15.84,7.62,15.1,1.43
2017-07-21,10.95,11.33,10.62,10.89,10593990,11618939952.0,6.51,6.26,-0.09,-0.01
2017-07-28,10.82,11.27,10.53,10.74,7358531,8016941568.0,6.8,4.35,-1.38,-0.15
2017-08-04,10.8,11.34,10.45,11.17,8011814,8804772608.0,8.29,4.74,4.0,0.43
2017-08-11,11.06,11.17,9.99,10.02,5993057,6360815216.0,10.56,3.54,-10.3,-1.15
2017-08-18,10.13,10.6,10.04,10.44,4159796,4287029424.0,5.59,2.46,4.19,0.42
2017-08-25,10.43,11.17,10.37,11.11,4482177,4854515072.0,7.66,2.65,6.42,0.67
2017-09-01,11.1,11.74,11.1,11.21,6170360,7040465168.0,5.76,3.65,0.9,0.1
2017-09-08,11.18,11.94,11.17,11.49,4526929,5255834560.0,6.87,2.68,2.5,0.28
2017-09-15,11.54,11.69,11.15,11.29,3743076,4260722064.0,4.7,2.21,-1.74,-0.2
2017-09-22,11.25,11.52,11.05,11.44,3445316,3888907776.0,4.16,2.04,1.33,0.15
2017-09-29,11.44,11.45,10.82,11.11,3426540,3792213424.0,5.51,2.03,-2.88,-0.33
2017-10-13,11.57,11.64,11.25,11.36,4046671,4637289888.0,3.51,2.39,2.25,0.25
2017-10-20,11.36,11.72,11.29,11.48,3598561,4158402992.0,3.79,2.13,1.06,0.12
2017-10-27,11.39,11.56,11.12,11.56,4400993,4970744080.0,3.83,2.6,0.7,0.08
2017-11-03,11.55,11.73,11.26,11.39,3946008,4539875968.0,4.07,2.33,-1.47,-0.17
2017-11-10,11.42,12.59,11.09,12.3,11822733,14277785792.0,13.17,6.99,7.99,0.91
2017-11-17,12.35,13.46,12.35,13.18,8875225,11535878272.0,9.02,5.25,7.15,0.88
2017-11-24,13.13,15.24,13.05,14.56,12968817,18604936320.0,16.62,7.67,10.47,1.38
2017-12-01,14.3,14.3,12.96,13.0,8559182,11644345232.0,9.2,5.06,-10.71,-1.56
2017-12-08,13.05,13.49,12.75,13.09,7330823,9607728368.0,5.69,4.33,0.69,0.09
2017-12-15,13.08,13.57,12.67,12.72,7396557,9678616416.0,6.88,4.37,-2.83,-0.37
2017-12-22,12.73,13.68,12.64,13.52,6537757,8642055888.0,8.18,3.86,6.29,0.8
2017-12-29,13.52,13.86,13.02,13.3,6611768,8860198528.0,6.21,3.91,-1.63,-0.22
2018-01-05,13.35,13.93,13.13,13.3,8108913,10920597632.0,6.02,4.79,0.0,0.0
2018-01-12,13.25,13.68,12.86,13.55,8704112,11527400752.0,6.17,5.14,1.88,0.25
2018-01-19,13.51,15.13,13.5,14.8,12942411,18658510224.0,12.03,7.65,9.23,1.25
2018-01-26,14.6,15.08,14.0,14.05,11456924,16609922976.0,7.3,6.77,-5.07,-0.75
2018-02-02,14.05,14.3,13.53,14.05,8115143,11291468976.0,5.48,4.8,0.0,0.0
2018-02-09,13.8,14.57,11.38,11.69,13223352,17509255088.0,22.7,7.82,-16.8,-2.36
2018-02-14,11.78,12.21,11.56,12.0,3391151,4032538736.0,5.56,2.0,2.65,0.31
2018-02-23,12.25,12.79,12.25,12.61,2282069,2851748304.0,4.5,1.35,5.08,0.61
2018-03-02,12.77,12.85,11.85,11.95,5095855,6233383632.0,7.93,3.01,-5.23,-0.66
2018-03-09,11.93,12.34,11.77,12.09,4965548,5985965184.0,4.77,2.94,1.17,0.14
2018-03-16,12.15,12.22,11.64,11.64,5105241,6080940512.0,4.8,3.02,-3.72,-0.45
2018-03-23,11.66,12.12,10.92,11.34,5839767,6794436096.0,10.31,3.45,-2.58,-0.3
2018-03-30,11.15,11.2,10.55,10.9,5669332,6203168384.0,5.73,3.35,-3.88,-0.44
2018-04-04,10.87,11.01,10.51,10.87,3602551,3880408688.0,4.59,2.13,-0.28,-0.03
2018-04-13,10.8,11.92,10.73,11.57,7035101,8082162992.0,10.95,4.16,6.44,0.7
2018-04-20,11.47,11.69,11.03,11.35,6012632,6824983232.0,5.7,3.55,-1.9,-0.22
2018-04-27,11.3,11.94,10.63,10.85,6845706,7769356864.0,11.54,4.05,-4.41,-0.5
2018-05-04,10.97,11.03,10.57,10.68,3182388,3429872720.0,4.24,1.88,-1.57,-0.17
2018-05-11,10.7,11.15,10.64,11.01,4300377,4705947840.0,4.78,2.54,3.09,0.33
2018-05-18,11.09,11.23,10.76,10.96,3587800,3947274960.0,4.27,2.12,-0.45,-0.05
2018-05-25,11.07,11.11,10.55,10.59,3625909,3897567856.0,5.11,2.11,-3.38,-0.37
2018-06-01,10.58,10.66,10.02,10.19,4167914,4280511664.0,6.04,2.43,-3.78,-0.4
2018-06-08,10.23,10.46,10.06,10.12,4324341,4424459424.0,3.93,2.52,-0.69,-0.07
2018-06-15,10.06,10.29,9.92,10.17,4280360,4315074016.0,3.66,2.49,0.49,0.05
2018-06-22,10.05,10.15,9.76,9.85,3827401,3800475008.0,3.83,2.23,-3.15,-0.32
2018-06-29,9.91,9.92,8.87,9.09,5150576,4764106608.0,10.66,3.0,-7.72,-0.76
2018-07-06,9.05,9.05,8.45,8.66,5125564,4446722576.0,6.6,2.99,-4.73,-0.43
2018-07-13,8.69,9.03,8.58,8.88,4901984,4346872400.0,5.2,2.85,2.54,0.22
2018-07-20,8.85,9.2,8.61,9.11,3806004,3371040320.0,6.64,2.22,2.59,0.23
2018-07-27,9.04,9.59,9.0,9.25,5170189,4826484208.0,6.48,3.01,1.54,0.14
2018-08-03,9.32,9.5,8.88,8.91,3648566,3363448208.0,6.7,2.12,-3.68,-0.34
2018-08-10,8.94,9.35,8.88,9.23,3054339,2787629488.0,5.27,1.78,3.59,0.32
2018-08-17,9.12,9.16,8.64,8.81,3206923,2854248320.0,5.63,1.87,-4.55,-0.42
2018-08-24,8.9,10.28,8.87,10.03,6697713,6358839632.0,16.0,3.9,13.85,1.22
2018-08-31,10.02,10.43,9.97,10.13,6715868,6858803520.0,4.59,3.91,1.0,0.1
2018-09-07,10.09,10.55,9.93,10.01,4708304,4796533024.0,6.12,2.74,-1.18,-0.12
2018-09-14,10.01,10.1,9.81,9.84,3534262,3501723760.0,2.9,2.06,-1.7,-0.17
2018-09-21,9.8,10.7,9.68,10.67,5120305,5225261984.0,10.37,2.98,8.43,0.83
2018-09-28,10.52,11.27,10.48,11.05,5458134,5904900688.0,7.4,3.18,3.56,0.38
2018-10-12,10.7,10.79,9.7,10.3,7257597,7483906016.0,9.86,4.23,-6.79,-0.75
2018-10-19,10.39,10.78,9.92,10.76,7235320,7482595824.0,8.35,4.21,4.47,0.46
2018-10-26,10.81,11.46,10.71,11.18,9062500,10022819584.0,6.97,5.28,3.9,0.42
2018-11-02,11.2,11.24,10.62,11.09,8001840,8738083648.0,5.55,4.66,-0.81,-0.09
2018-11-09,10.95,11.04,10.4,10.55,5236492,5637209488.0,5.77,3.05,-4.87,-0.54
2018-11-16,10.46,10.72,10.38,10.57,4728126,4976015424.0,3.22,2.75,0.19,0.02
2018-11-23,10.57,10.88,10.31,10.32,4261548,4529963408.0,5.39,2.48,-2.37,-0.25
2018-11-30,10.34,10.46,10.16,10.36,2867768,2949248080.0,2.91,1.67,0.39,0.04
2018-12-07,10.59,10.66,10.23,10.28,3099538,3246002928.0,4.15,1.81,-0.77,-0.08
2018-12-14,10.22,10.48,10.13,10.17,2477808,2544016432.0,3.4,1.44,-1.07,-0.11
2018-12-21,10.16,10.33,9.33,9.45,3697928,3640590464.0,9.83,2.15,-7.08,-0.72
2018-12-28,9.4,9.49,9.21,9.38,2718071,2543552416.0,2.96,1.58,-0.74,-0.07
2019-01-04,9.39,9.82,9.15,9.75,2436083,2305302704.0,7.14,1.42,3.94,0.37
2019-01-11,9.84,10.22,9.62,10.2,4269744,4247592192.0,6.15,2.49,4.62,0.45
2019-01-18,10.22,10.57,10.07,10.43,3641909,3758571008.0,4.9,2.12,2.25,0.23
2019-01-25,10.34,11.04,10.26,11.0,4409249,4694055440.0,7.48,2.57,5.47,0.57
2019-02-01,11.04,11.25,10.77,11.2,4420435,4881725344.0,4.36,2.57,1.82,0.2
2019-02-15,11.08,11.41,10.9,10.95,4868552,5433739248.0,4.55,2.84,-2.23,-0.25
2019-02-22,11.05,11.62,11.04,11.54,5297328,6006603280.0,5.3,3.09,5.39,0.59
2019-03-01,11.7,12.78,11.57,12.76,9647273,11876805008.0,10.49,5.62,10.57,1.22
2019-03-08,12.7,13.38,12.25,12.3,8671232,11136657760.0,8.86,5.05,-3.61,-0.46
2019-03-15,12.3,12.68,12.05,12.5,5941747,7369881104.0,5.12,3.46,1.63,0.2
2019-03-22,12.53,12.94,12.32,12.59,4947291,6280214880.0,4.96,2.88,0.72,0.09
2019-03-29,12.4,12.82,12.01,12.82,5440077,6721410096.0,6.43,3.17,1.83,0.23
2019-04-04,12.83,14.0,12.83,13.86,5879066,7906842240.0,9.13,3.42,8.11,1.04
2019-04-12,13.9,14.43,13.21,13.42,4901325,6767082960.0,8.8,2.85,-3.17,-0.44
2019-04-19,13.72,14.8,13.55,14.73,6670457,9494537504.0,9.31,3.88,9.76,1.31
2019-04-26,14.6,14.84,13.7,13.79,6333582,9043329232.0,7.74,3.69,-6.38,-0.94
2019-04-30,13.9,14.33,13.59,13.85,2147266,2993672704.0,5.37,1.25,0.44,0.06
2019-05-10,13.1,13.35,12.05,12.68,6906328,8760193584.0,9.39,4.02,-8.45,-1.17
2019-05-17,12.33,13.11,12.16,12.44,4628407,5835583024.0,7.49,2.7,-1.89,-0.24
2019-05-24,12.35,12.73,12.14,12.35,3186258,3949807984.0,4.74,1.86,-0.72,-0.09
2019-05-31,12.21,12.59,11.93,12.18,3928620,4824701280.0,5.34,2.29,-1.38,-0.17
2019-06-06,12.22,12.33,11.6,11.92,3669932,4383058288.0,5.99,2.14,-2.13,-0.26
2019-06-14,12.01,12.72,11.98,12.49,4066259,5076599744.0,6.21,2.37,4.78,0.57
2019-06-21,12.48,13.95,12.48,13.64,4786918,6374767808.0,11.77,2.79,9.21,1.15
2019-06-28,13.69,13.85,13.07,13.78,4098473,5543218848.0,5.72,2.39,1.03,0.14
2019-07-05,14.01,14.28,13.69,13.92,4152948,5816730096.0,4.28,2.42,1.02,0.14
2019-07-12,13.82,14.23,13.44,14.12,3580480,4934897504.0,5.68,2.09,1.44,0.2
2019-07-19,14.03,14.12,13.56,13.99,3263301,4521278160.0,3.97,1.9,-0.92,-0.13
2019-07-26,13.96,14.27,13.65,14.23,3379696,4728929408.0,4.43,1.97,1.72,0.24
2019-08-02,14.25,14.55,13.66,13.74,3644842,5146781104.0,6.25,2.12,-3.44,-0.49
2019-08-09,13.6,14.85,13.03,14.52,6959911,9774780208.0,13.25,4.05,5.68,0.78
2019-08-16,14.61,15.22,14.6,14.9,7271988,10856612336.0,4.27,4.24,2.62,0.38
2019-08-23,14.91,15.2,14.2,14.65,9194069,13466210832.0,6.71,5.35,-1.68,-0.25
2019-08-30,14.42,14.5,14.05,14.16,5009029,7140251392.0,3.07,2.92,-3.34,-0.49
2019-09-06,14.15,14.85,14.11,14.81,5947304,8641060080.0,5.23,3.46,4.59,0.65
2019-09-12,14.98,15.0,14.41,14.68,4066012,5948809152.0,3.98,2.15,-0.88,-0.13
2019-09-20,14.7,15.4,14.18,15.34,7161292,10587928064.0,8.31,3.69,4.5,0.66
2019-09-27,15.34,16.04,15.18,15.9,7165577,11171241648.0,5.61,3.69,3.65,0.56
2019-09-30,15.75,15.89,15.57,15.59,1046363,1645828528.0,2.01,0.54,-1.95,-0.31
2019-10-11,15.6,16.95,15.6,16.81,4988539,8123868816.0,8.66,2.57,7.83,1.22
2019-10-18,16.97,17.6,16.43,16.51,6030245,10224771840.0,6.96,3.11,-1.78,-0.3
2019-10-25,16.43,17.0,16.03,16.88,5597669,9274738208.0,5.88,2.88,2.24,0.37
2019-11-01,16.98,17.04,16.24,16.86,4830538,8026630048.0,4.74,2.49,-0.12,-0.02
2019-11-08,16.98,17.44,16.64,16.65,4486672,7610828480.0,4.74,2.31,-1.25,-0.21
2019-11-15,16.5,16.55,16.06,16.34,3163030,5165808032.0,2.94,1.63,-1.86,-0.31
2019-11-22,16.35,16.55,15.55,15.59,4390459,7019161472.0,6.12,2.26,-4.59,-0.75
2019-11-29,15.64,15.89,15.18,15.29,3106609,4828270976.0,4.55,1.6,-1.92,-0.3
2019-12-06,15.35,15.72,15.21,15.6,2803540,4319293648.0,3.34,1.44,2.03,0.31
2019-12-13,15.62,16.12,15.25,16.12,3565985,5566526800.0,5.58,1.84,3.33,0.52
2019-12-20,16.12,16.74,15.87,16.59,4108164,6738098080.0,5.4,2.12,2.92,0.47
2019-12-27,16.68,16.93,16.17,16.63,3004448,4957243232.0,4.58,1.55,0.24,0.04
2020-01-03,16.46,17.31,16.1,17.18,4327839,7243549088.0,7.28,2.23,3.31,0.55
2020-01-10,17.01,17.34,16.52,16.69,4055700,6849067760.0,4.77,2.09,-2.85,-0.49
2020-01-17,16.75,17.27,16.2,16.39,4669608,7785567280.0,6.41,2.41,-1.8,-0.3
2020-01-23,16.43,16.61,15.39,15.54,3462735,5542963808.0,7.44,1.78,-5.19,-0.85
2020-02-07,13.99,14.89,13.99,14.62,7567416,10907179936.0,5.79,3.9,-5.92,-0.92
2020-02-14,14.51,15.14,14.3,15.03,6343146,9327640832.0,5.75,3.27,2.8,0.41
2020-02-21,15.04,15.72,14.93,15.58,5621931,8594613984.0,5.26,2.9,3.66,0.55
2020-02-28,15.46,15.46,14.46,14.5,5788884,8671664048.0,6.42,2.98,-6.93,-1.08
2020-03-06,14.55,15.64,14.46,15.03,7047894,10562556384.0,8.14,3.63,3.66,0.53
2020-03-13,14.71,14.88,13.9,14.52,5804303,8447173856.0,6.52,2.99,-3.39,-0.51
2020-03-20,14.45,14.46,11.91,12.52,7438646,9656518656.0,17.56,3.83,-13.77,-2.0
2020-03-27,12.0,13.38,11.93,13.15,5116483,6511183552.0,11.58,2.64,5.03,0.63
2020-04-03,12.85,13.13,12.55,12.61,3039658,3902421856.0,4.41,1.57,-4.11,-0.54
2020-04-10,12.89,12.98,12.65,12.79,2474259,3173522832.0,2.62,1.28,1.43,0.18
2020-04-17,12.67,13.04,12.47,12.89,3909017,4991353472.0,4.46,2.01,0.78,0.1
2020-04-24,12.86,13.7,12.77,13.24,5186698,6891151840.0,7.21,2.67,2.72,0.35
2020-04-30,13.3,14.32,13.25,13.93,3636657,5000134272.0,8.08,1.87,5.21,0.69
2020-05-08,13.76,14.02,13.6,13.95,2606529,3585001616.0,3.02,1.34,0.14,0.02
2020-05-15,13.92,14.13,13.14,13.23,3513199,4766082256.0,7.1,1.81,-5.16,-0.72
2020-05-22,13.2,13.62,12.92,12.92,3336978,4437394752.0,5.29,1.72,-2.34,-0.31
2020-05-29,12.97,13.19,12.76,13.0,2707915,3524256208.0,3.33,1.4,0.62,0.08
2020-06-05,13.1,13.88,13.08,13.59,3689316,4982716880.0,6.15,1.9,4.54,0.59
2020-06-12,13.68,13.85,12.87,12.99,4020339,5336826096.0,7.21,2.07,-4.42,-0.6
2020-06-19,12.85,12.99,12.59,12.8,4754010,6070619264.0,3.08,2.45,-1.46,-0.19
2020-06-24,12.74,12.88,12.52,12.8,3833107,4865399008.0,2.81,1.98,0.0,0.0
2020-07-03,12.92,14.32,12.71,14.25,10032645,13447089840.0,12.58,5.17,11.33,1.45
2020-07-10,14.6,16.63,14.59,14.86,15709995,24255810400.0,14.32,8.1,4.28,0.61
2020-07-17,14.7,15.19,13.95,14.14,9155527,13302902128.0,8.34,4.72,-4.85,-0.72
2020-07-24,14.23,14.77,13.42,13.5,8403857,11926957920.0,9.55,4.33,-4.53,-0.64
2020-07-31,13.67,13.68,13.1,13.34,6747129,9013001712.0,4.3,3.48,-1.19,-0.16
2020-08-07,13.47,14.15,13.43,13.7,7672152,10547823424.0,5.4,3.95,2.7,0.36
2020-08-14,13.67,14.66,13.62,14.47,7728308,11013019568.0,7.59,3.98,5.62,0.77
2020-08-21,14.6,15.35,14.32,14.45,8607536,12861245648.0,7.12,4.44,-0.14,-0.02
2020-08-28,14.5,15.18,14.11,15.13,5438954,7980717344.0,7.4,2.8,4.71,0.68
2020-09-04,15.3,15.68,14.6,14.96,6479887,9837477232.0,7.14,3.34,-1.12,-0.17
2020-09-11,14.88,15.56,14.82,15.01,5363880,8161444512.0,4.95,2.76,0.33,0.05
2020-09-18,15.01,16.09,14.92,16.07,4421207,6880348576.0,7.79,2.28,7.06,1.06
2020-09-25,16.0,16.05,15.11,15.19,4038217,6269081760.0,5.85,2.08,-5.48,-0.88
2020-09-30,15.19,15.41,14.76,15.17,3012150,4538196912.0,4.28,1.55,-0.13,-0.02
2020-10-09,15.3,15.55,15.13,15.18,900426,1376995904.0,2.77,0.46,0.07,0.01
2020-10-16,15.22,17.37,15.21,17.1,6858406,11264536176.0,14.23,3.53,12.65,1.92
2020-10-23,17.3,18.78,17.25,18.13,7809758,13896242688.0,8.95,4.02,6.02,1.03
2020-10-30,18.2,18.36,17.29,17.75,5270695,9361753648.0,5.9,2.72,-2.1,-0.38
2020-11-06,17.65,18.5,17.22,17.64,5452209,9751109536.0,7.21,2.81,-0.62,-0.11
2020-11-13,17.67,18.5,16.69,17.18,4879065,8609537888.0,10.26,2.51,-2.61,-0.46
2020-11-20,17.08,18.99,16.9,18.86,4871848,8862074080.0,12.17,2.51,9.78,1.68
2020-11-27,18.85,20.0,18.8,19.7,3790418,7353643760.0,6.36,1.95,4.45,0.84
2020-12-04,19.9,20.88,18.97,19.3,5340346,10589054528.0,9.7,2.75,-2.03,-0.4
2020-12-11,19.31,19.39,18.22,18.52,3766336,7051918224.0,6.06,1.94,-4.04,-0.78
2020-12-18,18.6,19.1,18.15,18.36,4058817,7590220832.0,5.13,2.09,-0.86,-0.16
2020-12-25,18.3,18.65,17.79,18.04,3895726,7075834752.0,4.68,2.01,-1.74,-0.32
2020-12-31,18.02,19.58,17.96,19.34,4136431,7826713664.0,8.98,2.13,7.21,1.3
2021-01-08,19.1,20.1,17.8,19.85,8090172,15284402128.0,11.89,4.17,2.64,0.51
2021-01-15,20.0,21.95,19.95,21.0,7738587,16089706512.0,10.08,3.99,5.79,1.15
2021-01-22,21.2,22.97,21.2,22.03,6549396,14612303536.0,8.43,3.37,4.9,1.03
2021-01-29,21.72,23.54,21.43,23.09,5546974,12617391856.0,9.58,2.86,4.81,1.06
2021-02-05,23.0,25.31,22.7,24.93,8085503,19501271440.0,11.3,4.17,7.97,1.84
2021-02-10,24.9,24.96,23.38,23.82,3945225,9523668496.0,6.34,2.03,-4.45,-1.11
2021-02-19,24.0,24.55,23.48,23.85,2427814,5816945936.0,4.49,1.25,0.13,0.03
2021-02-26,23.8,23.8,21.21,21.38,7974183,17700058848.0,10.86,4.11,-10.36,-2.47
2021-03-05,21.54,23.49,21.18,22.34,6612198,14684798480.0,10.8,3.41,4.49,0.96
2021-03-12,22.44,22.69,20.28,21.48,5250946,11135634752.0,10.79,2.71,-3.85,-0.86
2021-03-19,21.4,22.12,20.37,20.47,4937154,10497624000.0,8.15,2.54,-4.7,-1.01
2021-03-26,20.55,21.65,20.4,21.14,4298952,9043860304.0,6.11,2.22,3.27,0.67
2021-04-02,21.28,22.11,21.2,21.5,3426882,7418831952.0,4.3,1.77,1.7,0.36
2021-04-09,21.55,22.09,21.08,21.3,1700697,3665203200.0,4.7,0.88,-0.93,-0.2
2021-04-16,21.51,21.51,19.81,20.26,3097949,6350586640.0,7.98,1.6,-4.88,-1.04
2021-04-23,20.03,23.65,19.91,23.29,5197079,11572470448.0,18.46,2.68,14.96,3.03
2021-04-30,23.87,24.23,22.78,23.29,3113505,7243295760.0,6.23,1.6,0.0,0.0
2021-05-07,23.1,24.3,23.1,24.05,1302509,3103293984.0,5.15,0.67,3.26,0.76
2021-05-14,24.0,24.04,22.6,23.32,2805365,6546422128.0,5.99,1.45,-3.04,-0.73
2021-05-21,23.15,24.13,22.95,23.49,2297524,5424482640.0,5.06,1.18,0.73,0.17
2021-05-28,23.48,25.16,23.19,24.5,3232066,7903013728.0,8.39,1.67,4.3,1.01
2021-06-04,24.33,24.96,23.38,24.54,2795536,6721596112.0,6.45,1.44,0.16,0.04
2021-06-11,24.48,25.06,23.12,23.37,2836704,6842996192.0,7.91,1.46,-4.77,-1.17
2021-06-18,23.35,23.69,22.39,22.65,2186212,5036533840.0,5.56,1.13,-3.08,-0.72
2021-06-25,22.6,23.6,22.01,23.36,2874188,6560803104.0,7.02,1.48,3.13,0.71
2021-07-02,23.36,23.5,21.76,21.81,3814953,8571652352.0,7.45,1.97,-6.64,-1.55
2021-07-09,21.69,23.05,21.02,21.27,4339668,9474216240.0,9.31,2.24,-2.48,-0.54
2021-07-16,21.5,21.82,20.41,21.34,3912471,8267346592.0,6.63,2.02,0.33,0.07
2021-07-23,21.36,21.43,20.0,20.1,3675299,7534544688.0,6.7,1.89,-5.81,-1.24
2021-07-30,19.96,19.99,17.24,17.69,5694384,10376362800.0,13.68,2.93,-11.99,-2.41
2021-08-06,17.64,18.15,17.18,17.86,3975519,7076375056.0,5.48,2.05,0.96,0.17
2021-08-13,17.91,20.58,17.84,19.89,5332438,10394785808.0,15.34,2.75,11.37,2.03
2021-08-20,20.09,21.2,18.7,19.42,4700408,9361753152.0,12.57,2.42,-2.36,-0.47
2021-08-27,19.5,20.05,18.31,18.39,4439326,8486096912.0,8.96,2.29,-5.3,-1.03
2021-09-03,18.21,18.78,17.01,18.04,8561395,15317965424.0,9.62,4.41,-1.9,-0.35
2021-09-10,17.93,20.77,17.78,20.57,7218222,13895315968.0,16.57,3.72,14.02,2.53
2021-09-17,20.36,20.99,18.41,18.53,5598853,10850721056.0,12.54,2.89,-9.92,-2.04
2021-09-24,17.87,18.32,17.34,17.35,4118899,7291852896.0,5.29,2.12,-6.37,-1.18
2021-09-30,17.21,18.44,17.06,17.93,4459568,7940554688.0,7.95,2.3,3.34,0.58
2021-10-08,18.17,18.89,18.02,18.64,1159201,2146983888.0,4.85,0.6,3.96,0.71
2021-10-15,19.0,19.92,18.89,19.66,5130951,9984364944.0,5.53,2.64,5.47,1.02
2021-10-22,19.45,20.59,19.1,20.04,4831618,9508146432.0,7.58,2.49,1.93,0.38
2021-10-29,19.71,20.45,19.32,19.5,3230176,6402965200.0,5.64,1.66,-2.69,-0.54
2021-11-05,19.33,19.73,17.57,17.64,6033604,11030530928.0,11.08,3.11,-9.54,-1.86
2021-11-12,17.62,18.63,17.16,18.27,6880514,12184832624.0,8.33,3.55,3.57,0.63
2021-11-19,18.35,18.63,17.7,18.15,3507056,6351301376.0,5.09,1.81,-0.66,-0.12
2021-11-26,18.03,18.35,17.52,17.58,4013939,7156518784.0,4.57,2.07,-3.14,-0.57
2021-12-03,17.41,17.81,17.35,17.65,3655534,6410697008.0,2.62,1.88,0.4,0.07
2021-12-10,17.85,19.06,17.8,18.38,7187492,13225785168.0,7.14,3.7,4.14,0.73
2021-12-17,18.47,18.88,17.4,17.57,5968176,10640139952.0,8.05,3.08,-4.41,-0.81
2021-12-24,17.56,17.71,17.21,17.31,4164924,7257929808.0,2.85,2.15,-1.48,-0.26
2021-12-31,17.33,17.35,16.4,16.48,5874556,9917442384.0,5.49,3.03,-4.79,-0.83
2022-01-07,16.48,17.28,16.18,17.2,5365773,9097258448.0,6.67,2.77,4.37,0.72
2022-01-14,17.29,17.54,16.3,16.33,7006455,11887436336.0,7.21,3.61,-5.06,-0.87
2022-01-21,16.35,17.56,16.12,17.35,7797932,13148622544.0,8.82,4.02,6.25,1.02
2022-01-28,17.34,17.38,15.82,15.83,5653237,9372505984.0,8.99,2.91,-8.76,-1.52
2022-02-11,16.02,17.34,15.89,17.1,6184030,10355377552.0,9.16,3.19,8.02,1.27
2022-02-18,17.1,17.15,16.1,16.77,4738324,7805580656.0,6.14,2.44,-1.93,-0.33
2022-02-25,16.66,16.67,15.8,15.9,4633178,7472202624.0,5.19,2.39,-5.19,-0.87
2022-03-04,15.9,15.95,15.28,15.33,3989012,6240135264.0,4.21,2.06,-3.58,-0.57
2022-03-11,15.17,15.17,13.22,14.9,7659757,11068497264.0,12.72,3.95,-2.8,-0.43
2022-03-18,14.63,14.93,13.51,14.7,7690464,10987348080.0,9.53,3.96,-1.34,-0.2
2022-03-25,14.5,15.31,14.39,14.98,5632920,8421633952.0,6.26,2.9,1.9,0.28
2022-04-01,14.8,15.79,14.6,15.75,5228197,7955940784.0,7.94,2.69,5.14,0.77
2022-04-08,15.64,16.66,15.63,16.4,5214384,8529126480.0,6.54,2.69,4.13,0.65
2022-04-15,16.35,16.53,15.66,16.42,5508001,8855139312.0,5.3,2.84,0.12,0.02
2022-04-22,16.15,16.2,15.4,16.06,4256381,6759277920.0,4.87,2.19,-2.19,-0.36
2022-04-29,15.67,15.93,14.45,15.32,6699771,10211197360.0,9.22,3.45,-4.61,-0.74
2022-05-05,15.2,15.45,15.15,15.32,790196,1208735136.0,1.96,0.41,0.0,0.0
